solid OpenSCAD_Model
  facet normal 0 0 1
    outer loop
      vertex -35 -20.4336 4
      vertex -47.1057 -34.9866 4
      vertex -47.0954 -35.1432 4
    endloop
  endfacet
  facet normal 0 0 1
    outer loop
      vertex -35 -20.4336 4
      vertex -47.1363 -34.8326 4
      vertex -47.1057 -34.9866 4
    endloop
  endfacet
  facet normal 0 0 1
    outer loop
      vertex -35 -20.4336 4
      vertex -47.1867 -34.684 4
      vertex -47.1363 -34.8326 4
    endloop
  endfacet
  facet normal 0 0 1
    outer loop
      vertex -35 -20.4336 4
      vertex -47.2562 -34.5432 4
      vertex -47.1867 -34.684 4
    endloop
  endfacet
  facet normal 0 0 1
    outer loop
      vertex -35 -20.4336 4
      vertex -47.3434 -34.4127 4
      vertex -47.2562 -34.5432 4
    endloop
  endfacet
  facet normal 0 0 1
    outer loop
      vertex -35 -20.4336 4
      vertex -47.4469 -34.2947 4
      vertex -47.3434 -34.4127 4
    endloop
  endfacet
  facet normal 0 0 1
    outer loop
      vertex -35 -20.4336 4
      vertex -47.5649 -34.1912 4
      vertex -47.4469 -34.2947 4
    endloop
  endfacet
  facet normal 0 0 1
    outer loop
      vertex -35 -20.4336 4
      vertex -47.6954 -34.104 4
      vertex -47.5649 -34.1912 4
    endloop
  endfacet
  facet normal 0 0 1
    outer loop
      vertex -35 -20.4336 4
      vertex -47.8362 -34.0346 4
      vertex -47.6954 -34.104 4
    endloop
  endfacet
  facet normal 0 0 1
    outer loop
      vertex -35 -20.4336 4
      vertex -47.9848 -33.9841 4
      vertex -47.8362 -34.0346 4
    endloop
  endfacet
  facet normal 0 0 1
    outer loop
      vertex -35 -20.4336 4
      vertex -48.1388 -33.9535 4
      vertex -47.9848 -33.9841 4
    endloop
  endfacet
  facet normal 0 0 1
    outer loop
      vertex -35 -20.4336 4
      vertex -48.2954 -33.9432 4
      vertex -48.1388 -33.9535 4
    endloop
  endfacet
  facet normal 0 0 1
    outer loop
      vertex -35 -20.4336 4
      vertex -48.452 -33.9535 4
      vertex -48.2954 -33.9432 4
    endloop
  endfacet
  facet normal 0 -0 1
    outer loop
      vertex -48.452 -33.9535 4
      vertex -35 -20.4336 4
      vertex -48.5367 -33.9703 4
    endloop
  endfacet
  facet normal -0 0 1
    outer loop
      vertex -34.9866 -49.4851 4
      vertex -42.5678 -57.1342 4
      vertex -34.9019 -49.4683 4
    endloop
  endfacet
  facet normal -0 0 1
    outer loop
      vertex -35.1432 -49.4954 4
      vertex -42.5678 -57.1342 4
      vertex -34.9866 -49.4851 4
    endloop
  endfacet
  facet normal 0 0 1
    outer loop
      vertex -35.2998 -49.4851 4
      vertex -42.5678 -57.1342 4
      vertex -35.1432 -49.4954 4
    endloop
  endfacet
  facet normal 0 0 1
    outer loop
      vertex -35.4538 -49.4545 4
      vertex -42.5678 -57.1342 4
      vertex -35.2998 -49.4851 4
    endloop
  endfacet
  facet normal 0 0 1
    outer loop
      vertex -35.6024 -49.404 4
      vertex -42.5678 -57.1342 4
      vertex -35.4538 -49.4545 4
    endloop
  endfacet
  facet normal 0 0 1
    outer loop
      vertex -35.7432 -49.3346 4
      vertex -42.5678 -57.1342 4
      vertex -35.6024 -49.404 4
    endloop
  endfacet
  facet normal 0 0 1
    outer loop
      vertex -35.8737 -49.2474 4
      vertex -42.5678 -57.1342 4
      vertex -35.7432 -49.3346 4
    endloop
  endfacet
  facet normal 0 0 1
    outer loop
      vertex -35.9917 -49.1439 4
      vertex -42.5678 -57.1342 4
      vertex -35.8737 -49.2474 4
    endloop
  endfacet
  facet normal 0 0 1
    outer loop
      vertex -44.9787 -51.4707 4
      vertex -35.9917 -49.1439 4
      vertex -36.0952 -49.0259 4
    endloop
  endfacet
  facet normal 0 0 1
    outer loop
      vertex -44.9787 -51.4707 4
      vertex -36.0952 -49.0259 4
      vertex -36.1824 -48.8954 4
    endloop
  endfacet
  facet normal 0 0 1
    outer loop
      vertex -44.9787 -51.4707 4
      vertex -36.1824 -48.8954 4
      vertex -36.2519 -48.7546 4
    endloop
  endfacet
  facet normal 0 0 1
    outer loop
      vertex -44.9787 -51.4707 4
      vertex -36.2519 -48.7546 4
      vertex -36.3023 -48.606 4
    endloop
  endfacet
  facet normal 0 0 1
    outer loop
      vertex -44.9787 -51.4707 4
      vertex -36.3023 -48.606 4
      vertex -36.3329 -48.452 4
    endloop
  endfacet
  facet normal 0 0 1
    outer loop
      vertex -44.9787 -51.4707 4
      vertex -36.3329 -48.452 4
      vertex -36.3432 -48.2954 4
    endloop
  endfacet
  facet normal -0 0 1
    outer loop
      vertex -47.1057 34.9866 4
      vertex -35 20.4336 4
      vertex -47.0954 35.1432 4
    endloop
  endfacet
  facet normal -0 0 1
    outer loop
      vertex -47.1363 34.8326 4
      vertex -35 20.4336 4
      vertex -47.1057 34.9866 4
    endloop
  endfacet
  facet normal -0 0 1
    outer loop
      vertex -47.1867 34.684 4
      vertex -35 20.4336 4
      vertex -47.1363 34.8326 4
    endloop
  endfacet
  facet normal -0 0 1
    outer loop
      vertex -47.2562 34.5432 4
      vertex -35 20.4336 4
      vertex -47.1867 34.684 4
    endloop
  endfacet
  facet normal -0 0 1
    outer loop
      vertex -47.3434 34.4127 4
      vertex -35 20.4336 4
      vertex -47.2562 34.5432 4
    endloop
  endfacet
  facet normal -0 0 1
    outer loop
      vertex -47.4469 34.2947 4
      vertex -35 20.4336 4
      vertex -47.3434 34.4127 4
    endloop
  endfacet
  facet normal -0 0 1
    outer loop
      vertex -47.5649 34.1912 4
      vertex -35 20.4336 4
      vertex -47.4469 34.2947 4
    endloop
  endfacet
  facet normal -0 0 1
    outer loop
      vertex -47.6954 34.104 4
      vertex -35 20.4336 4
      vertex -47.5649 34.1912 4
    endloop
  endfacet
  facet normal -0 0 1
    outer loop
      vertex -47.8362 34.0346 4
      vertex -35 20.4336 4
      vertex -47.6954 34.104 4
    endloop
  endfacet
  facet normal -0 0 1
    outer loop
      vertex -47.9848 33.9841 4
      vertex -35 20.4336 4
      vertex -47.8362 34.0346 4
    endloop
  endfacet
  facet normal -0 0 1
    outer loop
      vertex -48.1388 33.9535 4
      vertex -35 20.4336 4
      vertex -47.9848 33.9841 4
    endloop
  endfacet
  facet normal -0 0 1
    outer loop
      vertex -48.2954 33.9432 4
      vertex -35 20.4336 4
      vertex -48.1388 33.9535 4
    endloop
  endfacet
  facet normal 0 0 1
    outer loop
      vertex -48.452 33.9535 4
      vertex -35 20.4336 4
      vertex -48.2954 33.9432 4
    endloop
  endfacet
  facet normal 0 0 1
    outer loop
      vertex -35 20.4336 4
      vertex -48.452 33.9535 4
      vertex -48.5367 33.9703 4
    endloop
  endfacet
  facet normal 0 0 1
    outer loop
      vertex -36.3023 48.606 4
      vertex -44.9787 51.4707 4
      vertex -36.3329 48.452 4
    endloop
  endfacet
  facet normal 0 0 1
    outer loop
      vertex -36.2519 48.7546 4
      vertex -44.9787 51.4707 4
      vertex -36.3023 48.606 4
    endloop
  endfacet
  facet normal 0 0 1
    outer loop
      vertex -36.1824 48.8954 4
      vertex -44.9787 51.4707 4
      vertex -36.2519 48.7546 4
    endloop
  endfacet
  facet normal 0 0 1
    outer loop
      vertex -36.0952 49.0259 4
      vertex -44.9787 51.4707 4
      vertex -36.1824 48.8954 4
    endloop
  endfacet
  facet normal 0 0 1
    outer loop
      vertex -35.9917 49.1439 4
      vertex -44.9787 51.4707 4
      vertex -36.0952 49.0259 4
    endloop
  endfacet
  facet normal -0 0 1
    outer loop
      vertex -44.9787 51.4707 4
      vertex -35.9917 49.1439 4
      vertex -42.5678 57.1342 4
    endloop
  endfacet
  facet normal 0 0 1
    outer loop
      vertex -35.8737 49.2474 4
      vertex -42.5678 57.1342 4
      vertex -35.9917 49.1439 4
    endloop
  endfacet
  facet normal 0 0 1
    outer loop
      vertex -35.7432 49.3346 4
      vertex -42.5678 57.1342 4
      vertex -35.8737 49.2474 4
    endloop
  endfacet
  facet normal 0 0 1
    outer loop
      vertex -35.6024 49.404 4
      vertex -42.5678 57.1342 4
      vertex -35.7432 49.3346 4
    endloop
  endfacet
  facet normal 0 0 1
    outer loop
      vertex -35.4538 49.4545 4
      vertex -42.5678 57.1342 4
      vertex -35.6024 49.404 4
    endloop
  endfacet
  facet normal 0 0 1
    outer loop
      vertex -35.2998 49.4851 4
      vertex -42.5678 57.1342 4
      vertex -35.4538 49.4545 4
    endloop
  endfacet
  facet normal 0 0 1
    outer loop
      vertex -35.1432 49.4954 4
      vertex -42.5678 57.1342 4
      vertex -35.2998 49.4851 4
    endloop
  endfacet
  facet normal 0 0 1
    outer loop
      vertex -34.9866 49.4851 4
      vertex -42.5678 57.1342 4
      vertex -35.1432 49.4954 4
    endloop
  endfacet
  facet normal 0 0 1
    outer loop
      vertex -42.5678 57.1342 4
      vertex -34.9866 49.4851 4
      vertex -34.9019 49.4683 4
    endloop
  endfacet
  facet normal 0 0 1
    outer loop
      vertex 33.9535 48.452 4
      vertex 20.4336 35 4
      vertex 33.9432 48.2954 4
    endloop
  endfacet
  facet normal 0 0 1
    outer loop
      vertex 20.4336 35 4
      vertex 33.9535 48.452 4
      vertex 33.9703 48.5367 4
    endloop
  endfacet
  facet normal 0 0 1
    outer loop
      vertex 44.9787 51.4707 4
      vertex 36.3329 48.452 4
      vertex 36.3432 48.2954 4
    endloop
  endfacet
  facet normal 0 0 1
    outer loop
      vertex 44.9787 51.4707 4
      vertex 36.3023 48.606 4
      vertex 36.3329 48.452 4
    endloop
  endfacet
  facet normal 0 0 1
    outer loop
      vertex 44.9787 51.4707 4
      vertex 36.2519 48.7546 4
      vertex 36.3023 48.606 4
    endloop
  endfacet
  facet normal 0 0 1
    outer loop
      vertex 44.9787 51.4707 4
      vertex 36.1824 48.8954 4
      vertex 36.2519 48.7546 4
    endloop
  endfacet
  facet normal 0 0 1
    outer loop
      vertex 44.9787 51.4707 4
      vertex 36.0952 49.0259 4
      vertex 36.1824 48.8954 4
    endloop
  endfacet
  facet normal 0 0 1
    outer loop
      vertex 44.9787 51.4707 4
      vertex 35.9917 49.1439 4
      vertex 36.0952 49.0259 4
    endloop
  endfacet
  facet normal 0 0 1
    outer loop
      vertex 42.5678 57.1342 4
      vertex 35.8737 49.2474 4
      vertex 35.9917 49.1439 4
    endloop
  endfacet
  facet normal 0 0 1
    outer loop
      vertex 42.5678 57.1342 4
      vertex 35.7432 49.3346 4
      vertex 35.8737 49.2474 4
    endloop
  endfacet
  facet normal 0 0 1
    outer loop
      vertex 42.5678 57.1342 4
      vertex 35.6024 49.404 4
      vertex 35.7432 49.3346 4
    endloop
  endfacet
  facet normal 0 0 1
    outer loop
      vertex 42.5678 57.1342 4
      vertex 35.4538 49.4545 4
      vertex 35.6024 49.404 4
    endloop
  endfacet
  facet normal 0 0 1
    outer loop
      vertex 42.5678 57.1342 4
      vertex 35.2998 49.4851 4
      vertex 35.4538 49.4545 4
    endloop
  endfacet
  facet normal 0 0 1
    outer loop
      vertex 42.5678 57.1342 4
      vertex 35.1432 49.4954 4
      vertex 35.2998 49.4851 4
    endloop
  endfacet
  facet normal 0 0 1
    outer loop
      vertex 42.5678 57.1342 4
      vertex 34.9866 49.4851 4
      vertex 35.1432 49.4954 4
    endloop
  endfacet
  facet normal 0 -0 1
    outer loop
      vertex 34.9866 49.4851 4
      vertex 42.5678 57.1342 4
      vertex 34.9019 49.4683 4
    endloop
  endfacet
  facet normal 0 0 1
    outer loop
      vertex 57.1342 42.5678 4
      vertex 49.4851 35.2998 4
      vertex 49.4954 35.1432 4
    endloop
  endfacet
  facet normal 0 0 1
    outer loop
      vertex 57.1342 42.5678 4
      vertex 49.4545 35.4538 4
      vertex 49.4851 35.2998 4
    endloop
  endfacet
  facet normal 0 0 1
    outer loop
      vertex 57.1342 42.5678 4
      vertex 49.404 35.6024 4
      vertex 49.4545 35.4538 4
    endloop
  endfacet
  facet normal 0 0 1
    outer loop
      vertex 57.1342 42.5678 4
      vertex 49.3346 35.7432 4
      vertex 49.404 35.6024 4
    endloop
  endfacet
  facet normal 0 0 1
    outer loop
      vertex 57.1342 42.5678 4
      vertex 49.2474 35.8737 4
      vertex 49.3346 35.7432 4
    endloop
  endfacet
  facet normal 0 0 1
    outer loop
      vertex 57.1342 42.5678 4
      vertex 49.1439 35.9917 4
      vertex 49.2474 35.8737 4
    endloop
  endfacet
  facet normal 0 0 1
    outer loop
      vertex 51.4707 44.9787 4
      vertex 49.0259 36.0952 4
      vertex 49.1439 35.9917 4
    endloop
  endfacet
  facet normal 0 0 1
    outer loop
      vertex 51.4707 44.9787 4
      vertex 48.8954 36.1824 4
      vertex 49.0259 36.0952 4
    endloop
  endfacet
  facet normal 0 0 1
    outer loop
      vertex 51.4707 44.9787 4
      vertex 48.7546 36.2519 4
      vertex 48.8954 36.1824 4
    endloop
  endfacet
  facet normal 0 0 1
    outer loop
      vertex 51.4707 44.9787 4
      vertex 48.606 36.3023 4
      vertex 48.7546 36.2519 4
    endloop
  endfacet
  facet normal 0 0 1
    outer loop
      vertex 51.4707 44.9787 4
      vertex 48.452 36.3329 4
      vertex 48.606 36.3023 4
    endloop
  endfacet
  facet normal 0 0 1
    outer loop
      vertex 51.4707 44.9787 4
      vertex 48.2954 36.3432 4
      vertex 48.452 36.3329 4
    endloop
  endfacet
  facet normal 0 0 1
    outer loop
      vertex 51.4707 44.9787 4
      vertex 48.1388 36.3329 4
      vertex 48.2954 36.3432 4
    endloop
  endfacet
  facet normal 0 0 1
    outer loop
      vertex 51.4707 44.9787 4
      vertex 47.9848 36.3023 4
      vertex 48.1388 36.3329 4
    endloop
  endfacet
  facet normal 0 0 1
    outer loop
      vertex 51.4707 44.9787 4
      vertex 47.8362 36.2519 4
      vertex 47.9848 36.3023 4
    endloop
  endfacet
  facet normal 0 0 1
    outer loop
      vertex 51.4707 44.9787 4
      vertex 47.6954 36.1824 4
      vertex 47.8362 36.2519 4
    endloop
  endfacet
  facet normal 0 0 1
    outer loop
      vertex 51.4707 44.9787 4
      vertex 47.5649 36.0952 4
      vertex 47.6954 36.1824 4
    endloop
  endfacet
  facet normal 0 0 1
    outer loop
      vertex 51.4707 44.9787 4
      vertex 47.4469 35.9917 4
      vertex 47.5649 36.0952 4
    endloop
  endfacet
  facet normal 0 0 1
    outer loop
      vertex 51.4707 44.9787 4
      vertex 47.3434 35.8737 4
      vertex 47.4469 35.9917 4
    endloop
  endfacet
  facet normal 0 0 1
    outer loop
      vertex 51.4707 44.9787 4
      vertex 47.2562 35.7432 4
      vertex 47.3434 35.8737 4
    endloop
  endfacet
  facet normal 0 0 1
    outer loop
      vertex 31.4319 19.919 4
      vertex 47.2562 35.7432 4
      vertex 51.4707 44.9787 4
    endloop
  endfacet
  facet normal 0 0 1
    outer loop
      vertex 32.0319 20.0798 4
      vertex 47.0954 35.1432 4
      vertex 47.1057 35.2998 4
    endloop
  endfacet
  facet normal 0 0 1
    outer loop
      vertex 31.8753 20.0695 4
      vertex 47.1057 35.2998 4
      vertex 47.1363 35.4538 4
    endloop
  endfacet
  facet normal 0 0 1
    outer loop
      vertex 31.7214 20.0389 4
      vertex 47.1363 35.4538 4
      vertex 47.1867 35.6024 4
    endloop
  endfacet
  facet normal 0 0 1
    outer loop
      vertex 47.2562 35.7432 4
      vertex 31.4319 19.919 4
      vertex 47.1867 35.6024 4
    endloop
  endfacet
  facet normal 0 0 1
    outer loop
      vertex 33.2217 18.7231 4
      vertex 35 20.4336 4
      vertex 33.2319 18.8798 4
    endloop
  endfacet
  facet normal 0 0 1
    outer loop
      vertex 47.0954 35.1432 4
      vertex 32.0319 20.0798 4
      vertex 35 20.4336 4
    endloop
  endfacet
  facet normal 0 0 1
    outer loop
      vertex 35 20.4336 4
      vertex 33.2217 19.0364 4
      vertex 33.2319 18.8798 4
    endloop
  endfacet
  facet normal 0 0 1
    outer loop
      vertex 35 20.4336 4
      vertex 33.191 19.1903 4
      vertex 33.2217 19.0364 4
    endloop
  endfacet
  facet normal 0 0 1
    outer loop
      vertex 35 20.4336 4
      vertex 33.1406 19.339 4
      vertex 33.191 19.1903 4
    endloop
  endfacet
  facet normal 0 0 1
    outer loop
      vertex 35 20.4336 4
      vertex 33.0712 19.4798 4
      vertex 33.1406 19.339 4
    endloop
  endfacet
  facet normal 0 0 1
    outer loop
      vertex 35 20.4336 4
      vertex 32.984 19.6103 4
      vertex 33.0712 19.4798 4
    endloop
  endfacet
  facet normal 0 0 1
    outer loop
      vertex 35 20.4336 4
      vertex 32.8805 19.7283 4
      vertex 32.984 19.6103 4
    endloop
  endfacet
  facet normal 0 0 1
    outer loop
      vertex 35 20.4336 4
      vertex 32.7625 19.8318 4
      vertex 32.8805 19.7283 4
    endloop
  endfacet
  facet normal 0 0 1
    outer loop
      vertex 35 20.4336 4
      vertex 32.6319 19.919 4
      vertex 32.7625 19.8318 4
    endloop
  endfacet
  facet normal 0 0 1
    outer loop
      vertex 35 20.4336 4
      vertex 32.4912 19.9884 4
      vertex 32.6319 19.919 4
    endloop
  endfacet
  facet normal 0 0 1
    outer loop
      vertex 35 20.4336 4
      vertex 32.3425 20.0389 4
      vertex 32.4912 19.9884 4
    endloop
  endfacet
  facet normal 0 0 1
    outer loop
      vertex 35 20.4336 4
      vertex 32.1886 20.0695 4
      vertex 32.3425 20.0389 4
    endloop
  endfacet
  facet normal 0 0 1
    outer loop
      vertex 35 20.4336 4
      vertex 32.0319 20.0798 4
      vertex 32.1886 20.0695 4
    endloop
  endfacet
  facet normal 0 0 1
    outer loop
      vertex 47.1057 35.2998 4
      vertex 31.8753 20.0695 4
      vertex 32.0319 20.0798 4
    endloop
  endfacet
  facet normal 0 0 1
    outer loop
      vertex 47.1363 35.4538 4
      vertex 31.7214 20.0389 4
      vertex 31.8753 20.0695 4
    endloop
  endfacet
  facet normal 0 0 1
    outer loop
      vertex 47.1867 35.6024 4
      vertex 31.5727 19.9884 4
      vertex 31.7214 20.0389 4
    endloop
  endfacet
  facet normal 0 0 1
    outer loop
      vertex 47.1867 35.6024 4
      vertex 31.4319 19.919 4
      vertex 31.5727 19.9884 4
    endloop
  endfacet
  facet normal 0 0 1
    outer loop
      vertex 22.1964 15.7045 4
      vertex 31.4319 19.919 4
      vertex 51.4707 44.9787 4
    endloop
  endfacet
  facet normal 0 0 1
    outer loop
      vertex 31.4319 19.919 4
      vertex 22.1964 15.7045 4
      vertex 31.3014 19.8318 4
    endloop
  endfacet
  facet normal 0 0 1
    outer loop
      vertex 31.3014 19.8318 4
      vertex 22.1964 15.7045 4
      vertex 31.1834 19.7283 4
    endloop
  endfacet
  facet normal 0 0 1
    outer loop
      vertex 30.8728 -18.5692 4
      vertex 22.1964 -15.7045 4
      vertex 30.8422 -18.7231 4
    endloop
  endfacet
  facet normal 0 0 1
    outer loop
      vertex 30.8422 19.0364 4
      vertex 22.1964 15.7045 4
      vertex 30.8319 18.8798 4
    endloop
  endfacet
  facet normal 0 0 1
    outer loop
      vertex 30.8728 19.1903 4
      vertex 22.1964 15.7045 4
      vertex 30.8422 19.0364 4
    endloop
  endfacet
  facet normal 0 0 1
    outer loop
      vertex 30.9233 19.339 4
      vertex 22.1964 15.7045 4
      vertex 30.8728 19.1903 4
    endloop
  endfacet
  facet normal 0 0 1
    outer loop
      vertex 30.9927 19.4798 4
      vertex 22.1964 15.7045 4
      vertex 30.9233 19.339 4
    endloop
  endfacet
  facet normal 0 0 1
    outer loop
      vertex 31.0799 19.6103 4
      vertex 22.1964 15.7045 4
      vertex 30.9927 19.4798 4
    endloop
  endfacet
  facet normal 0 0 1
    outer loop
      vertex 31.1834 19.7283 4
      vertex 22.1964 15.7045 4
      vertex 31.0799 19.6103 4
    endloop
  endfacet
  facet normal 0 0 1
    outer loop
      vertex 57.1342 42.5678 4
      vertex 44.9787 51.4707 4
      vertex 51.4707 44.9787 4
    endloop
  endfacet
  facet normal 0 0 1
    outer loop
      vertex 42.5678 57.1342 4
      vertex 44.9787 51.4707 4
      vertex 57.1342 42.5678 4
    endloop
  endfacet
  facet normal 0 0 1
    outer loop
      vertex 35.9917 49.1439 4
      vertex 44.9787 51.4707 4
      vertex 42.5678 57.1342 4
    endloop
  endfacet
  facet normal 0 0 1
    outer loop
      vertex 36.3329 48.1388 4
      vertex 44.9787 51.4707 4
      vertex 36.3432 48.2954 4
    endloop
  endfacet
  facet normal 0 0 1
    outer loop
      vertex 36.3023 47.9848 4
      vertex 44.9787 51.4707 4
      vertex 36.3329 48.1388 4
    endloop
  endfacet
  facet normal 0 0 1
    outer loop
      vertex 36.2519 47.8362 4
      vertex 44.9787 51.4707 4
      vertex 36.3023 47.9848 4
    endloop
  endfacet
  facet normal 0 0 1
    outer loop
      vertex 36.1824 47.6954 4
      vertex 44.9787 51.4707 4
      vertex 36.2519 47.8362 4
    endloop
  endfacet
  facet normal 0 0 1
    outer loop
      vertex 36.0952 47.5649 4
      vertex 44.9787 51.4707 4
      vertex 36.1824 47.6954 4
    endloop
  endfacet
  facet normal 0 0 1
    outer loop
      vertex 35.9917 47.4469 4
      vertex 44.9787 51.4707 4
      vertex 36.0952 47.5649 4
    endloop
  endfacet
  facet normal 0 0 1
    outer loop
      vertex 35.8737 47.3434 4
      vertex 44.9787 51.4707 4
      vertex 35.9917 47.4469 4
    endloop
  endfacet
  facet normal 0 0 1
    outer loop
      vertex 35.7432 47.2562 4
      vertex 44.9787 51.4707 4
      vertex 35.8737 47.3434 4
    endloop
  endfacet
  facet normal 0 0 1
    outer loop
      vertex 19.919 31.4319 4
      vertex 35.7432 47.2562 4
      vertex 35.6024 47.1867 4
    endloop
  endfacet
  facet normal 0 0 1
    outer loop
      vertex 20.4336 35 4
      vertex 33.9535 48.1388 4
      vertex 33.9432 48.2954 4
    endloop
  endfacet
  facet normal 0 0 1
    outer loop
      vertex 20.4336 35 4
      vertex 33.9841 47.9848 4
      vertex 33.9535 48.1388 4
    endloop
  endfacet
  facet normal 0 0 1
    outer loop
      vertex 20.4336 35 4
      vertex 34.0346 47.8362 4
      vertex 33.9841 47.9848 4
    endloop
  endfacet
  facet normal 0 0 1
    outer loop
      vertex 20.4336 35 4
      vertex 34.104 47.6954 4
      vertex 34.0346 47.8362 4
    endloop
  endfacet
  facet normal 0 0 1
    outer loop
      vertex 20.4336 35 4
      vertex 34.1912 47.5649 4
      vertex 34.104 47.6954 4
    endloop
  endfacet
  facet normal 0 0 1
    outer loop
      vertex 20.4336 35 4
      vertex 34.2947 47.4469 4
      vertex 34.1912 47.5649 4
    endloop
  endfacet
  facet normal 0 0 1
    outer loop
      vertex 20.4336 35 4
      vertex 34.4127 47.3434 4
      vertex 34.2947 47.4469 4
    endloop
  endfacet
  facet normal 0 0 1
    outer loop
      vertex 20.4336 35 4
      vertex 34.5432 47.2562 4
      vertex 34.4127 47.3434 4
    endloop
  endfacet
  facet normal 0 0 1
    outer loop
      vertex 20.4336 35 4
      vertex 34.684 47.1867 4
      vertex 34.5432 47.2562 4
    endloop
  endfacet
  facet normal 0 0 1
    outer loop
      vertex 20.4336 35 4
      vertex 34.8326 47.1363 4
      vertex 34.684 47.1867 4
    endloop
  endfacet
  facet normal 0 0 1
    outer loop
      vertex 20.4336 35 4
      vertex 34.9866 47.1057 4
      vertex 34.8326 47.1363 4
    endloop
  endfacet
  facet normal 0 0 1
    outer loop
      vertex 20.4336 35 4
      vertex 35.1432 47.0954 4
      vertex 34.9866 47.1057 4
    endloop
  endfacet
  facet normal 0 0 1
    outer loop
      vertex 20.0798 32.0319 4
      vertex 35.1432 47.0954 4
      vertex 20.4336 35 4
    endloop
  endfacet
  facet normal -0 0 1
    outer loop
      vertex 35.1432 47.0954 4
      vertex 20.0798 32.0319 4
      vertex 35.2998 47.1057 4
    endloop
  endfacet
  facet normal 0 0 1
    outer loop
      vertex 20.0695 31.8753 4
      vertex 35.2998 47.1057 4
      vertex 20.0798 32.0319 4
    endloop
  endfacet
  facet normal -0 0 1
    outer loop
      vertex 35.2998 47.1057 4
      vertex 20.0695 31.8753 4
      vertex 35.4538 47.1363 4
    endloop
  endfacet
  facet normal 0 0 1
    outer loop
      vertex 20.0389 31.7214 4
      vertex 35.4538 47.1363 4
      vertex 20.0695 31.8753 4
    endloop
  endfacet
  facet normal -0 0 1
    outer loop
      vertex 35.4538 47.1363 4
      vertex 20.0389 31.7214 4
      vertex 35.6024 47.1867 4
    endloop
  endfacet
  facet normal 0 0 1
    outer loop
      vertex 19.9884 31.5727 4
      vertex 35.6024 47.1867 4
      vertex 20.0389 31.7214 4
    endloop
  endfacet
  facet normal 0 0 1
    outer loop
      vertex 19.919 31.4319 4
      vertex 35.6024 47.1867 4
      vertex 19.9884 31.5727 4
    endloop
  endfacet
  facet normal -0 0 1
    outer loop
      vertex 35.7432 47.2562 4
      vertex 19.919 31.4319 4
      vertex 44.9787 51.4707 4
    endloop
  endfacet
  facet normal 0 0 1
    outer loop
      vertex 15.7045 22.1964 4
      vertex 19.919 31.4319 4
      vertex 19.8318 31.3014 4
    endloop
  endfacet
  facet normal 0 0 1
    outer loop
      vertex 15.7045 22.1964 4
      vertex 19.8318 31.3014 4
      vertex 19.7283 31.1834 4
    endloop
  endfacet
  facet normal 0 0 1
    outer loop
      vertex 15.7045 22.1964 4
      vertex 19.7283 31.1834 4
      vertex 19.6103 31.0799 4
    endloop
  endfacet
  facet normal -0 0 1
    outer loop
      vertex 19.919 31.4319 4
      vertex 15.7045 22.1964 4
      vertex 44.9787 51.4707 4
    endloop
  endfacet
  facet normal -0 0 1
    outer loop
      vertex 19.4798 30.9927 4
      vertex 15.7045 22.1964 4
      vertex 19.6103 31.0799 4
    endloop
  endfacet
  facet normal -0 0 1
    outer loop
      vertex 19.339 30.9233 4
      vertex 15.7045 22.1964 4
      vertex 19.4798 30.9927 4
    endloop
  endfacet
  facet normal -0 0 1
    outer loop
      vertex 19.1903 30.8728 4
      vertex 15.7045 22.1964 4
      vertex 19.339 30.9233 4
    endloop
  endfacet
  facet normal -0 0 1
    outer loop
      vertex 19.0364 30.8422 4
      vertex 15.7045 22.1964 4
      vertex 19.1903 30.8728 4
    endloop
  endfacet
  facet normal -0 0 1
    outer loop
      vertex 18.8798 30.8319 4
      vertex 15.7045 22.1964 4
      vertex 19.0364 30.8422 4
    endloop
  endfacet
  facet normal 0 0 1
    outer loop
      vertex 18.7231 30.8422 4
      vertex 15.7045 22.1964 4
      vertex 18.8798 30.8319 4
    endloop
  endfacet
  facet normal 0 0 1
    outer loop
      vertex 18.5692 30.8728 4
      vertex 15.7045 22.1964 4
      vertex 18.7231 30.8422 4
    endloop
  endfacet
  facet normal 0 0 1
    outer loop
      vertex 18.4205 30.9233 4
      vertex 15.7045 22.1964 4
      vertex 18.5692 30.8728 4
    endloop
  endfacet
  facet normal 0 0 1
    outer loop
      vertex 18.2798 30.9927 4
      vertex 15.7045 22.1964 4
      vertex 18.4205 30.9233 4
    endloop
  endfacet
  facet normal 0 0 1
    outer loop
      vertex 18.1492 31.0799 4
      vertex 15.7045 22.1964 4
      vertex 18.2798 30.9927 4
    endloop
  endfacet
  facet normal 0 0 1
    outer loop
      vertex 18.0312 31.1834 4
      vertex 15.7045 22.1964 4
      vertex 18.1492 31.0799 4
    endloop
  endfacet
  facet normal 0 0 1
    outer loop
      vertex 17.9277 31.3014 4
      vertex 15.7045 22.1964 4
      vertex 18.0312 31.1834 4
    endloop
  endfacet
  facet normal 0 0 1
    outer loop
      vertex 17.8405 31.4319 4
      vertex 15.7045 22.1964 4
      vertex 17.9277 31.3014 4
    endloop
  endfacet
  facet normal 0 0 1
    outer loop
      vertex 17.7711 31.5727 4
      vertex 15.7045 22.1964 4
      vertex 17.8405 31.4319 4
    endloop
  endfacet
  facet normal 0 0 1
    outer loop
      vertex 17.7206 31.7214 4
      vertex 15.7045 22.1964 4
      vertex 17.7711 31.5727 4
    endloop
  endfacet
  facet normal 0 0 1
    outer loop
      vertex 17.69 31.8753 4
      vertex 15.7045 22.1964 4
      vertex 17.7206 31.7214 4
    endloop
  endfacet
  facet normal 0 0 1
    outer loop
      vertex -17.69 31.8753 4
      vertex 17.69 31.8753 4
      vertex 17.6798 32.0319 4
    endloop
  endfacet
  facet normal 0 0 1
    outer loop
      vertex 49.1439 35.9917 4
      vertex 57.1342 42.5678 4
      vertex 51.4707 44.9787 4
    endloop
  endfacet
  facet normal 0 0 1
    outer loop
      vertex 49.4851 34.9866 4
      vertex 57.1342 42.5678 4
      vertex 49.4954 35.1432 4
    endloop
  endfacet
  facet normal 0 0 1
    outer loop
      vertex 57.1342 42.5678 4
      vertex 49.4851 34.9866 4
      vertex 49.4683 34.9019 4
    endloop
  endfacet
  facet normal -0 0 1
    outer loop
      vertex 48.452 33.9535 4
      vertex 35 20.4336 4
      vertex 48.5367 33.9703 4
    endloop
  endfacet
  facet normal -0 0 1
    outer loop
      vertex 48.2954 33.9432 4
      vertex 35 20.4336 4
      vertex 48.452 33.9535 4
    endloop
  endfacet
  facet normal 0 0 1
    outer loop
      vertex 48.1388 33.9535 4
      vertex 35 20.4336 4
      vertex 48.2954 33.9432 4
    endloop
  endfacet
  facet normal 0 0 1
    outer loop
      vertex 47.9848 33.9841 4
      vertex 35 20.4336 4
      vertex 48.1388 33.9535 4
    endloop
  endfacet
  facet normal 0 0 1
    outer loop
      vertex 47.8362 34.0346 4
      vertex 35 20.4336 4
      vertex 47.9848 33.9841 4
    endloop
  endfacet
  facet normal 0 0 1
    outer loop
      vertex 47.6954 34.104 4
      vertex 35 20.4336 4
      vertex 47.8362 34.0346 4
    endloop
  endfacet
  facet normal 0 0 1
    outer loop
      vertex 47.5649 34.1912 4
      vertex 35 20.4336 4
      vertex 47.6954 34.104 4
    endloop
  endfacet
  facet normal 0 0 1
    outer loop
      vertex 47.4469 34.2947 4
      vertex 35 20.4336 4
      vertex 47.5649 34.1912 4
    endloop
  endfacet
  facet normal 0 0 1
    outer loop
      vertex 47.3434 34.4127 4
      vertex 35 20.4336 4
      vertex 47.4469 34.2947 4
    endloop
  endfacet
  facet normal 0 0 1
    outer loop
      vertex 47.2562 34.5432 4
      vertex 35 20.4336 4
      vertex 47.3434 34.4127 4
    endloop
  endfacet
  facet normal 0 0 1
    outer loop
      vertex 47.1867 34.684 4
      vertex 35 20.4336 4
      vertex 47.2562 34.5432 4
    endloop
  endfacet
  facet normal 0 0 1
    outer loop
      vertex 47.1363 34.8326 4
      vertex 35 20.4336 4
      vertex 47.1867 34.684 4
    endloop
  endfacet
  facet normal 0 0 1
    outer loop
      vertex 47.1057 34.9866 4
      vertex 35 20.4336 4
      vertex 47.1363 34.8326 4
    endloop
  endfacet
  facet normal 0 0 1
    outer loop
      vertex 35 20.4336 4
      vertex 47.1057 34.9866 4
      vertex 47.0954 35.1432 4
    endloop
  endfacet
  facet normal 0 0 1
    outer loop
      vertex 47.1057 -34.9866 4
      vertex 35 -20.4336 4
      vertex 47.0954 -35.1432 4
    endloop
  endfacet
  facet normal 0 0 1
    outer loop
      vertex 47.1363 -34.8326 4
      vertex 35 -20.4336 4
      vertex 47.1057 -34.9866 4
    endloop
  endfacet
  facet normal 0 0 1
    outer loop
      vertex 47.1867 -34.684 4
      vertex 35 -20.4336 4
      vertex 47.1363 -34.8326 4
    endloop
  endfacet
  facet normal 0 0 1
    outer loop
      vertex 47.2562 -34.5432 4
      vertex 35 -20.4336 4
      vertex 47.1867 -34.684 4
    endloop
  endfacet
  facet normal 0 0 1
    outer loop
      vertex 47.3434 -34.4127 4
      vertex 35 -20.4336 4
      vertex 47.2562 -34.5432 4
    endloop
  endfacet
  facet normal 0 0 1
    outer loop
      vertex 47.4469 -34.2947 4
      vertex 35 -20.4336 4
      vertex 47.3434 -34.4127 4
    endloop
  endfacet
  facet normal 0 0 1
    outer loop
      vertex 47.5649 -34.1912 4
      vertex 35 -20.4336 4
      vertex 47.4469 -34.2947 4
    endloop
  endfacet
  facet normal 0 0 1
    outer loop
      vertex 47.6954 -34.104 4
      vertex 35 -20.4336 4
      vertex 47.5649 -34.1912 4
    endloop
  endfacet
  facet normal 0 0 1
    outer loop
      vertex 47.8362 -34.0346 4
      vertex 35 -20.4336 4
      vertex 47.6954 -34.104 4
    endloop
  endfacet
  facet normal 0 0 1
    outer loop
      vertex 47.9848 -33.9841 4
      vertex 35 -20.4336 4
      vertex 47.8362 -34.0346 4
    endloop
  endfacet
  facet normal 0 0 1
    outer loop
      vertex 48.1388 -33.9535 4
      vertex 35 -20.4336 4
      vertex 47.9848 -33.9841 4
    endloop
  endfacet
  facet normal 0 0 1
    outer loop
      vertex 48.2954 -33.9432 4
      vertex 35 -20.4336 4
      vertex 48.1388 -33.9535 4
    endloop
  endfacet
  facet normal 0 0 1
    outer loop
      vertex 48.452 -33.9535 4
      vertex 35 -20.4336 4
      vertex 48.2954 -33.9432 4
    endloop
  endfacet
  facet normal 0 0 1
    outer loop
      vertex 35 -20.4336 4
      vertex 48.452 -33.9535 4
      vertex 48.5367 -33.9703 4
    endloop
  endfacet
  facet normal -0 0 1
    outer loop
      vertex 49.4851 -35.2998 4
      vertex 57.1342 -42.5678 4
      vertex 49.4954 -35.1432 4
    endloop
  endfacet
  facet normal 0 0 1
    outer loop
      vertex 57.1342 -42.5678 4
      vertex 49.4851 -34.9866 4
      vertex 49.4954 -35.1432 4
    endloop
  endfacet
  facet normal -0 -0 1
    outer loop
      vertex 49.4851 -34.9866 4
      vertex 57.1342 -42.5678 4
      vertex 49.4683 -34.9019 4
    endloop
  endfacet
  facet normal 0 0 1
    outer loop
      vertex 44.9787 -51.4707 4
      vertex 57.1342 -42.5678 4
      vertex 51.4707 -44.9787 4
    endloop
  endfacet
  facet normal -0 0 1
    outer loop
      vertex 44.9787 -51.4707 4
      vertex 42.5678 -57.1342 4
      vertex 57.1342 -42.5678 4
    endloop
  endfacet
  facet normal -0 0 1
    outer loop
      vertex 36.3329 -48.452 4
      vertex 44.9787 -51.4707 4
      vertex 36.3432 -48.2954 4
    endloop
  endfacet
  facet normal 0 0 1
    outer loop
      vertex 44.9787 -51.4707 4
      vertex 36.3329 -48.1388 4
      vertex 36.3432 -48.2954 4
    endloop
  endfacet
  facet normal 0 0 1
    outer loop
      vertex 44.9787 -51.4707 4
      vertex 36.3023 -47.9848 4
      vertex 36.3329 -48.1388 4
    endloop
  endfacet
  facet normal 0 0 1
    outer loop
      vertex 44.9787 -51.4707 4
      vertex 36.2519 -47.8362 4
      vertex 36.3023 -47.9848 4
    endloop
  endfacet
  facet normal 0 0 1
    outer loop
      vertex 44.9787 -51.4707 4
      vertex 36.1824 -47.6954 4
      vertex 36.2519 -47.8362 4
    endloop
  endfacet
  facet normal 0 0 1
    outer loop
      vertex 44.9787 -51.4707 4
      vertex 36.0952 -47.5649 4
      vertex 36.1824 -47.6954 4
    endloop
  endfacet
  facet normal 0 0 1
    outer loop
      vertex 44.9787 -51.4707 4
      vertex 35.9917 -47.4469 4
      vertex 36.0952 -47.5649 4
    endloop
  endfacet
  facet normal 0 0 1
    outer loop
      vertex 44.9787 -51.4707 4
      vertex 35.8737 -47.3434 4
      vertex 35.9917 -47.4469 4
    endloop
  endfacet
  facet normal 0 0 1
    outer loop
      vertex 44.9787 -51.4707 4
      vertex 35.7432 -47.2562 4
      vertex 35.8737 -47.3434 4
    endloop
  endfacet
  facet normal 0 0 1
    outer loop
      vertex 19.919 -31.4319 4
      vertex 35.7432 -47.2562 4
      vertex 44.9787 -51.4707 4
    endloop
  endfacet
  facet normal 0 0 1
    outer loop
      vertex 33.9535 -48.1388 4
      vertex 20.4336 -35 4
      vertex 33.9432 -48.2954 4
    endloop
  endfacet
  facet normal 0 0 1
    outer loop
      vertex 33.9841 -47.9848 4
      vertex 20.4336 -35 4
      vertex 33.9535 -48.1388 4
    endloop
  endfacet
  facet normal 0 0 1
    outer loop
      vertex 34.0346 -47.8362 4
      vertex 20.4336 -35 4
      vertex 33.9841 -47.9848 4
    endloop
  endfacet
  facet normal 0 0 1
    outer loop
      vertex 34.104 -47.6954 4
      vertex 20.4336 -35 4
      vertex 34.0346 -47.8362 4
    endloop
  endfacet
  facet normal 0 0 1
    outer loop
      vertex 34.1912 -47.5649 4
      vertex 20.4336 -35 4
      vertex 34.104 -47.6954 4
    endloop
  endfacet
  facet normal 0 0 1
    outer loop
      vertex 34.2947 -47.4469 4
      vertex 20.4336 -35 4
      vertex 34.1912 -47.5649 4
    endloop
  endfacet
  facet normal 0 0 1
    outer loop
      vertex 34.4127 -47.3434 4
      vertex 20.4336 -35 4
      vertex 34.2947 -47.4469 4
    endloop
  endfacet
  facet normal 0 0 1
    outer loop
      vertex 34.5432 -47.2562 4
      vertex 20.4336 -35 4
      vertex 34.4127 -47.3434 4
    endloop
  endfacet
  facet normal 0 0 1
    outer loop
      vertex 34.684 -47.1867 4
      vertex 20.4336 -35 4
      vertex 34.5432 -47.2562 4
    endloop
  endfacet
  facet normal 0 0 1
    outer loop
      vertex 34.8326 -47.1363 4
      vertex 20.4336 -35 4
      vertex 34.684 -47.1867 4
    endloop
  endfacet
  facet normal 0 0 1
    outer loop
      vertex 34.9866 -47.1057 4
      vertex 20.4336 -35 4
      vertex 34.8326 -47.1363 4
    endloop
  endfacet
  facet normal 0 0 1
    outer loop
      vertex 35.1432 -47.0954 4
      vertex 20.4336 -35 4
      vertex 34.9866 -47.1057 4
    endloop
  endfacet
  facet normal 0 0 1
    outer loop
      vertex 20.0798 -32.0319 4
      vertex 35.1432 -47.0954 4
      vertex 35.2998 -47.1057 4
    endloop
  endfacet
  facet normal 0 0 1
    outer loop
      vertex 20.0695 -31.8753 4
      vertex 35.2998 -47.1057 4
      vertex 35.4538 -47.1363 4
    endloop
  endfacet
  facet normal 0 0 1
    outer loop
      vertex 20.0389 -31.7214 4
      vertex 35.4538 -47.1363 4
      vertex 35.6024 -47.1867 4
    endloop
  endfacet
  facet normal 0 0 1
    outer loop
      vertex 35.7432 -47.2562 4
      vertex 19.919 -31.4319 4
      vertex 35.6024 -47.1867 4
    endloop
  endfacet
  facet normal 0 0 1
    outer loop
      vertex 35.1432 -47.0954 4
      vertex 20.0798 -32.0319 4
      vertex 20.4336 -35 4
    endloop
  endfacet
  facet normal 0 0 1
    outer loop
      vertex 35.2998 -47.1057 4
      vertex 20.0695 -31.8753 4
      vertex 20.0798 -32.0319 4
    endloop
  endfacet
  facet normal 0 0 1
    outer loop
      vertex 35.4538 -47.1363 4
      vertex 20.0389 -31.7214 4
      vertex 20.0695 -31.8753 4
    endloop
  endfacet
  facet normal 0 0 1
    outer loop
      vertex 35.6024 -47.1867 4
      vertex 19.9884 -31.5727 4
      vertex 20.0389 -31.7214 4
    endloop
  endfacet
  facet normal 0 0 1
    outer loop
      vertex 35.6024 -47.1867 4
      vertex 19.919 -31.4319 4
      vertex 19.9884 -31.5727 4
    endloop
  endfacet
  facet normal 0 0 1
    outer loop
      vertex 15.7045 -22.1964 4
      vertex 19.919 -31.4319 4
      vertex 44.9787 -51.4707 4
    endloop
  endfacet
  facet normal 0 0 1
    outer loop
      vertex 19.919 -31.4319 4
      vertex 15.7045 -22.1964 4
      vertex 19.8318 -31.3014 4
    endloop
  endfacet
  facet normal 0 0 1
    outer loop
      vertex 19.8318 -31.3014 4
      vertex 15.7045 -22.1964 4
      vertex 19.7283 -31.1834 4
    endloop
  endfacet
  facet normal -0 0 1
    outer loop
      vertex -15.7045 -22.1964 4
      vertex 17.69 -31.8753 4
      vertex 15.7045 -22.1964 4
    endloop
  endfacet
  facet normal 0 0 1
    outer loop
      vertex 17.7206 -31.7214 4
      vertex 15.7045 -22.1964 4
      vertex 17.69 -31.8753 4
    endloop
  endfacet
  facet normal 0 0 1
    outer loop
      vertex 17.7711 -31.5727 4
      vertex 15.7045 -22.1964 4
      vertex 17.7206 -31.7214 4
    endloop
  endfacet
  facet normal 0 0 1
    outer loop
      vertex 17.8405 -31.4319 4
      vertex 15.7045 -22.1964 4
      vertex 17.7711 -31.5727 4
    endloop
  endfacet
  facet normal 0 0 1
    outer loop
      vertex 17.9277 -31.3014 4
      vertex 15.7045 -22.1964 4
      vertex 17.8405 -31.4319 4
    endloop
  endfacet
  facet normal 0 0 1
    outer loop
      vertex 18.0312 -31.1834 4
      vertex 15.7045 -22.1964 4
      vertex 17.9277 -31.3014 4
    endloop
  endfacet
  facet normal 0 0 1
    outer loop
      vertex 18.1492 -31.0799 4
      vertex 15.7045 -22.1964 4
      vertex 18.0312 -31.1834 4
    endloop
  endfacet
  facet normal 0 0 1
    outer loop
      vertex 18.2798 -30.9927 4
      vertex 15.7045 -22.1964 4
      vertex 18.1492 -31.0799 4
    endloop
  endfacet
  facet normal 0 0 1
    outer loop
      vertex 18.4205 -30.9233 4
      vertex 15.7045 -22.1964 4
      vertex 18.2798 -30.9927 4
    endloop
  endfacet
  facet normal 0 0 1
    outer loop
      vertex 18.5692 -30.8728 4
      vertex 15.7045 -22.1964 4
      vertex 18.4205 -30.9233 4
    endloop
  endfacet
  facet normal 0 0 1
    outer loop
      vertex 18.7231 -30.8422 4
      vertex 15.7045 -22.1964 4
      vertex 18.5692 -30.8728 4
    endloop
  endfacet
  facet normal 0 0 1
    outer loop
      vertex 18.8798 -30.8319 4
      vertex 15.7045 -22.1964 4
      vertex 18.7231 -30.8422 4
    endloop
  endfacet
  facet normal 0 0 1
    outer loop
      vertex 19.0364 -30.8422 4
      vertex 15.7045 -22.1964 4
      vertex 18.8798 -30.8319 4
    endloop
  endfacet
  facet normal 0 0 1
    outer loop
      vertex 19.1903 -30.8728 4
      vertex 15.7045 -22.1964 4
      vertex 19.0364 -30.8422 4
    endloop
  endfacet
  facet normal 0 0 1
    outer loop
      vertex 19.339 -30.9233 4
      vertex 15.7045 -22.1964 4
      vertex 19.1903 -30.8728 4
    endloop
  endfacet
  facet normal 0 0 1
    outer loop
      vertex 19.4798 -30.9927 4
      vertex 15.7045 -22.1964 4
      vertex 19.339 -30.9233 4
    endloop
  endfacet
  facet normal 0 0 1
    outer loop
      vertex 19.6103 -31.0799 4
      vertex 15.7045 -22.1964 4
      vertex 19.4798 -30.9927 4
    endloop
  endfacet
  facet normal 0 0 1
    outer loop
      vertex 19.7283 -31.1834 4
      vertex 15.7045 -22.1964 4
      vertex 19.6103 -31.0799 4
    endloop
  endfacet
  facet normal -0 0 1
    outer loop
      vertex 49.4545 -35.4538 4
      vertex 57.1342 -42.5678 4
      vertex 49.4851 -35.2998 4
    endloop
  endfacet
  facet normal -0 0 1
    outer loop
      vertex 49.404 -35.6024 4
      vertex 57.1342 -42.5678 4
      vertex 49.4545 -35.4538 4
    endloop
  endfacet
  facet normal -0 0 1
    outer loop
      vertex 49.3346 -35.7432 4
      vertex 57.1342 -42.5678 4
      vertex 49.404 -35.6024 4
    endloop
  endfacet
  facet normal -0 0 1
    outer loop
      vertex 49.2474 -35.8737 4
      vertex 57.1342 -42.5678 4
      vertex 49.3346 -35.7432 4
    endloop
  endfacet
  facet normal -0 0 1
    outer loop
      vertex 49.1439 -35.9917 4
      vertex 57.1342 -42.5678 4
      vertex 49.2474 -35.8737 4
    endloop
  endfacet
  facet normal 0 0 1
    outer loop
      vertex 57.1342 -42.5678 4
      vertex 49.1439 -35.9917 4
      vertex 51.4707 -44.9787 4
    endloop
  endfacet
  facet normal -0 0 1
    outer loop
      vertex 49.0259 -36.0952 4
      vertex 51.4707 -44.9787 4
      vertex 49.1439 -35.9917 4
    endloop
  endfacet
  facet normal -0 0 1
    outer loop
      vertex 48.8954 -36.1824 4
      vertex 51.4707 -44.9787 4
      vertex 49.0259 -36.0952 4
    endloop
  endfacet
  facet normal -0 0 1
    outer loop
      vertex 48.7546 -36.2519 4
      vertex 51.4707 -44.9787 4
      vertex 48.8954 -36.1824 4
    endloop
  endfacet
  facet normal -0 0 1
    outer loop
      vertex 48.606 -36.3023 4
      vertex 51.4707 -44.9787 4
      vertex 48.7546 -36.2519 4
    endloop
  endfacet
  facet normal -0 0 1
    outer loop
      vertex 48.452 -36.3329 4
      vertex 51.4707 -44.9787 4
      vertex 48.606 -36.3023 4
    endloop
  endfacet
  facet normal -0 0 1
    outer loop
      vertex 48.2954 -36.3432 4
      vertex 51.4707 -44.9787 4
      vertex 48.452 -36.3329 4
    endloop
  endfacet
  facet normal 0 0 1
    outer loop
      vertex 48.1388 -36.3329 4
      vertex 51.4707 -44.9787 4
      vertex 48.2954 -36.3432 4
    endloop
  endfacet
  facet normal 0 0 1
    outer loop
      vertex 47.9848 -36.3023 4
      vertex 51.4707 -44.9787 4
      vertex 48.1388 -36.3329 4
    endloop
  endfacet
  facet normal 0 0 1
    outer loop
      vertex 47.8362 -36.2519 4
      vertex 51.4707 -44.9787 4
      vertex 47.9848 -36.3023 4
    endloop
  endfacet
  facet normal 0 0 1
    outer loop
      vertex 47.6954 -36.1824 4
      vertex 51.4707 -44.9787 4
      vertex 47.8362 -36.2519 4
    endloop
  endfacet
  facet normal 0 0 1
    outer loop
      vertex 47.5649 -36.0952 4
      vertex 51.4707 -44.9787 4
      vertex 47.6954 -36.1824 4
    endloop
  endfacet
  facet normal 0 0 1
    outer loop
      vertex 47.4469 -35.9917 4
      vertex 51.4707 -44.9787 4
      vertex 47.5649 -36.0952 4
    endloop
  endfacet
  facet normal 0 0 1
    outer loop
      vertex 47.3434 -35.8737 4
      vertex 51.4707 -44.9787 4
      vertex 47.4469 -35.9917 4
    endloop
  endfacet
  facet normal 0 0 1
    outer loop
      vertex 47.2562 -35.7432 4
      vertex 51.4707 -44.9787 4
      vertex 47.3434 -35.8737 4
    endloop
  endfacet
  facet normal 0 0 1
    outer loop
      vertex 31.4319 -19.919 4
      vertex 47.2562 -35.7432 4
      vertex 47.1867 -35.6024 4
    endloop
  endfacet
  facet normal 0 0 1
    outer loop
      vertex 32.0319 -20.0798 4
      vertex 47.0954 -35.1432 4
      vertex 35 -20.4336 4
    endloop
  endfacet
  facet normal 0 0 1
    outer loop
      vertex 47.0954 -35.1432 4
      vertex 32.0319 -20.0798 4
      vertex 47.1057 -35.2998 4
    endloop
  endfacet
  facet normal 0 0 1
    outer loop
      vertex 31.8753 -20.0695 4
      vertex 47.1057 -35.2998 4
      vertex 32.0319 -20.0798 4
    endloop
  endfacet
  facet normal 0 0 1
    outer loop
      vertex 47.1057 -35.2998 4
      vertex 31.8753 -20.0695 4
      vertex 47.1363 -35.4538 4
    endloop
  endfacet
  facet normal 0 0 1
    outer loop
      vertex 33.191 18.5692 4
      vertex 35 20.4336 4
      vertex 33.2217 18.7231 4
    endloop
  endfacet
  facet normal -0 0 1
    outer loop
      vertex 33.2217 -19.0364 4
      vertex 35 -20.4336 4
      vertex 33.2319 -18.8798 4
    endloop
  endfacet
  facet normal -0 0 1
    outer loop
      vertex 33.191 -19.1903 4
      vertex 35 -20.4336 4
      vertex 33.2217 -19.0364 4
    endloop
  endfacet
  facet normal -0 0 1
    outer loop
      vertex 33.1406 -19.339 4
      vertex 35 -20.4336 4
      vertex 33.191 -19.1903 4
    endloop
  endfacet
  facet normal -0 0 1
    outer loop
      vertex 33.0712 -19.4798 4
      vertex 35 -20.4336 4
      vertex 33.1406 -19.339 4
    endloop
  endfacet
  facet normal -0 0 1
    outer loop
      vertex 32.984 -19.6103 4
      vertex 35 -20.4336 4
      vertex 33.0712 -19.4798 4
    endloop
  endfacet
  facet normal -0 0 1
    outer loop
      vertex 32.8805 -19.7283 4
      vertex 35 -20.4336 4
      vertex 32.984 -19.6103 4
    endloop
  endfacet
  facet normal -0 0 1
    outer loop
      vertex 32.7625 -19.8318 4
      vertex 35 -20.4336 4
      vertex 32.8805 -19.7283 4
    endloop
  endfacet
  facet normal -0 0 1
    outer loop
      vertex 32.6319 -19.919 4
      vertex 35 -20.4336 4
      vertex 32.7625 -19.8318 4
    endloop
  endfacet
  facet normal -0 0 1
    outer loop
      vertex 32.4912 -19.9884 4
      vertex 35 -20.4336 4
      vertex 32.6319 -19.919 4
    endloop
  endfacet
  facet normal -0 0 1
    outer loop
      vertex 32.3425 -20.0389 4
      vertex 35 -20.4336 4
      vertex 32.4912 -19.9884 4
    endloop
  endfacet
  facet normal -0 0 1
    outer loop
      vertex 32.1886 -20.0695 4
      vertex 35 -20.4336 4
      vertex 32.3425 -20.0389 4
    endloop
  endfacet
  facet normal -0 0 1
    outer loop
      vertex 32.0319 -20.0798 4
      vertex 35 -20.4336 4
      vertex 32.1886 -20.0695 4
    endloop
  endfacet
  facet normal 0 0 1
    outer loop
      vertex 31.7214 -20.0389 4
      vertex 47.1363 -35.4538 4
      vertex 31.8753 -20.0695 4
    endloop
  endfacet
  facet normal 0 0 1
    outer loop
      vertex 47.1363 -35.4538 4
      vertex 31.7214 -20.0389 4
      vertex 47.1867 -35.6024 4
    endloop
  endfacet
  facet normal 0 0 1
    outer loop
      vertex 31.5727 -19.9884 4
      vertex 47.1867 -35.6024 4
      vertex 31.7214 -20.0389 4
    endloop
  endfacet
  facet normal 0 0 1
    outer loop
      vertex 31.4319 -19.919 4
      vertex 47.1867 -35.6024 4
      vertex 31.5727 -19.9884 4
    endloop
  endfacet
  facet normal 0 0 1
    outer loop
      vertex 47.2562 -35.7432 4
      vertex 31.4319 -19.919 4
      vertex 51.4707 -44.9787 4
    endloop
  endfacet
  facet normal 0 0 1
    outer loop
      vertex 22.1964 -15.7045 4
      vertex 31.4319 -19.919 4
      vertex 31.3014 -19.8318 4
    endloop
  endfacet
  facet normal 0 0 1
    outer loop
      vertex 22.1964 -15.7045 4
      vertex 31.3014 -19.8318 4
      vertex 31.1834 -19.7283 4
    endloop
  endfacet
  facet normal 0 0 1
    outer loop
      vertex 22.1964 -15.7045 4
      vertex 31.1834 -19.7283 4
      vertex 31.0799 -19.6103 4
    endloop
  endfacet
  facet normal 0 0 1
    outer loop
      vertex 30.8422 -18.7231 4
      vertex 22.1964 -15.7045 4
      vertex 30.8319 -18.8798 4
    endloop
  endfacet
  facet normal 0 0 1
    outer loop
      vertex 30.8319 -18.8798 4
      vertex 22.1964 -15.7045 4
      vertex 30.8422 -19.0364 4
    endloop
  endfacet
  facet normal 0 0 1
    outer loop
      vertex 31.4319 -19.919 4
      vertex 22.1964 -15.7045 4
      vertex 51.4707 -44.9787 4
    endloop
  endfacet
  facet normal 0 0 1
    outer loop
      vertex 30.9927 -19.4798 4
      vertex 22.1964 -15.7045 4
      vertex 31.0799 -19.6103 4
    endloop
  endfacet
  facet normal 0 0 1
    outer loop
      vertex 30.9233 -19.339 4
      vertex 22.1964 -15.7045 4
      vertex 30.9927 -19.4798 4
    endloop
  endfacet
  facet normal 0 0 1
    outer loop
      vertex 30.8728 -19.1903 4
      vertex 22.1964 -15.7045 4
      vertex 30.9233 -19.339 4
    endloop
  endfacet
  facet normal 0 0 1
    outer loop
      vertex 30.8422 -19.0364 4
      vertex 22.1964 -15.7045 4
      vertex 30.8728 -19.1903 4
    endloop
  endfacet
  facet normal 0 0 1
    outer loop
      vertex 16.9355 15.0281 4
      vertex 22.1964 15.7045 4
      vertex 16.95 15.25 4
    endloop
  endfacet
  facet normal 0 0 1
    outer loop
      vertex 22.1964 15.7045 4
      vertex 16.9355 15.4719 4
      vertex 16.95 15.25 4
    endloop
  endfacet
  facet normal 0 0 1
    outer loop
      vertex 22.1964 15.7045 4
      vertex 16.8921 15.69 4
      vertex 16.9355 15.4719 4
    endloop
  endfacet
  facet normal 0 0 1
    outer loop
      vertex 22.1964 15.7045 4
      vertex 16.8206 15.9006 4
      vertex 16.8921 15.69 4
    endloop
  endfacet
  facet normal 0 0 1
    outer loop
      vertex 22.1964 15.7045 4
      vertex 16.7222 16.1 4
      vertex 16.8206 15.9006 4
    endloop
  endfacet
  facet normal 0 0 1
    outer loop
      vertex 22.1964 15.7045 4
      vertex 16.5987 16.2849 4
      vertex 16.7222 16.1 4
    endloop
  endfacet
  facet normal 0 0 1
    outer loop
      vertex 22.1964 15.7045 4
      vertex 16.4521 16.4521 4
      vertex 16.5987 16.2849 4
    endloop
  endfacet
  facet normal 0 0 1
    outer loop
      vertex 15.7045 22.1964 4
      vertex 16.4521 16.4521 4
      vertex 22.1964 15.7045 4
    endloop
  endfacet
  facet normal 0 0 1
    outer loop
      vertex 16.4521 16.4521 4
      vertex 15.7045 22.1964 4
      vertex 16.2849 16.5987 4
    endloop
  endfacet
  facet normal 0 0 1
    outer loop
      vertex 16.2849 16.5987 4
      vertex 15.7045 22.1964 4
      vertex 16.1 16.7222 4
    endloop
  endfacet
  facet normal 0 0 1
    outer loop
      vertex 16.1 16.7222 4
      vertex 15.7045 22.1964 4
      vertex 15.9006 16.8206 4
    endloop
  endfacet
  facet normal 0 0 1
    outer loop
      vertex 15.9006 16.8206 4
      vertex 15.7045 22.1964 4
      vertex 15.69 16.8921 4
    endloop
  endfacet
  facet normal -0 0 1
    outer loop
      vertex 36.3023 -48.606 4
      vertex 44.9787 -51.4707 4
      vertex 36.3329 -48.452 4
    endloop
  endfacet
  facet normal -0 0 1
    outer loop
      vertex 36.2519 -48.7546 4
      vertex 44.9787 -51.4707 4
      vertex 36.3023 -48.606 4
    endloop
  endfacet
  facet normal -0 0 1
    outer loop
      vertex 36.1824 -48.8954 4
      vertex 44.9787 -51.4707 4
      vertex 36.2519 -48.7546 4
    endloop
  endfacet
  facet normal -0 0 1
    outer loop
      vertex 36.0952 -49.0259 4
      vertex 44.9787 -51.4707 4
      vertex 36.1824 -48.8954 4
    endloop
  endfacet
  facet normal -0 0 1
    outer loop
      vertex 35.9917 -49.1439 4
      vertex 44.9787 -51.4707 4
      vertex 36.0952 -49.0259 4
    endloop
  endfacet
  facet normal 0 0 1
    outer loop
      vertex 44.9787 -51.4707 4
      vertex 35.9917 -49.1439 4
      vertex 42.5678 -57.1342 4
    endloop
  endfacet
  facet normal -0 0 1
    outer loop
      vertex 35.8737 -49.2474 4
      vertex 42.5678 -57.1342 4
      vertex 35.9917 -49.1439 4
    endloop
  endfacet
  facet normal -0 0 1
    outer loop
      vertex 35.7432 -49.3346 4
      vertex 42.5678 -57.1342 4
      vertex 35.8737 -49.2474 4
    endloop
  endfacet
  facet normal -0 0 1
    outer loop
      vertex 35.6024 -49.404 4
      vertex 42.5678 -57.1342 4
      vertex 35.7432 -49.3346 4
    endloop
  endfacet
  facet normal -0 0 1
    outer loop
      vertex 35.4538 -49.4545 4
      vertex 42.5678 -57.1342 4
      vertex 35.6024 -49.404 4
    endloop
  endfacet
  facet normal -0 0 1
    outer loop
      vertex 35.2998 -49.4851 4
      vertex 42.5678 -57.1342 4
      vertex 35.4538 -49.4545 4
    endloop
  endfacet
  facet normal -0 0 1
    outer loop
      vertex 35.1432 -49.4954 4
      vertex 42.5678 -57.1342 4
      vertex 35.2998 -49.4851 4
    endloop
  endfacet
  facet normal 0 0 1
    outer loop
      vertex 34.9866 -49.4851 4
      vertex 42.5678 -57.1342 4
      vertex 35.1432 -49.4954 4
    endloop
  endfacet
  facet normal 0 0 1
    outer loop
      vertex 42.5678 -57.1342 4
      vertex 34.9866 -49.4851 4
      vertex 34.9019 -49.4683 4
    endloop
  endfacet
  facet normal 0 0 1
    outer loop
      vertex -20.4336 35 4
      vertex -33.9535 48.452 4
      vertex -33.9432 48.2954 4
    endloop
  endfacet
  facet normal -0 -0 1
    outer loop
      vertex -33.9535 48.452 4
      vertex -20.4336 35 4
      vertex -33.9703 48.5367 4
    endloop
  endfacet
  facet normal -0 0 1
    outer loop
      vertex -30.9233 18.4205 4
      vertex -22.1964 15.7045 4
      vertex -30.8728 18.5692 4
    endloop
  endfacet
  facet normal 0 0 1
    outer loop
      vertex -22.1964 -15.7045 4
      vertex -30.8422 -18.7231 4
      vertex -30.8319 -18.8798 4
    endloop
  endfacet
  facet normal -0 0 1
    outer loop
      vertex -30.9927 18.2798 4
      vertex -22.1964 15.7045 4
      vertex -30.9233 18.4205 4
    endloop
  endfacet
  facet normal 0 0 1
    outer loop
      vertex -22.1964 -15.7045 4
      vertex -30.8728 -18.5692 4
      vertex -30.8422 -18.7231 4
    endloop
  endfacet
  facet normal -0 0 1
    outer loop
      vertex -31.0799 18.1492 4
      vertex -22.1964 15.7045 4
      vertex -30.9927 18.2798 4
    endloop
  endfacet
  facet normal 0 0 1
    outer loop
      vertex -22.1964 -15.7045 4
      vertex -30.9233 -18.4205 4
      vertex -30.8728 -18.5692 4
    endloop
  endfacet
  facet normal -0 0 1
    outer loop
      vertex -31.1834 18.0312 4
      vertex -22.1964 15.7045 4
      vertex -31.0799 18.1492 4
    endloop
  endfacet
  facet normal 0 0 1
    outer loop
      vertex -22.1964 -15.7045 4
      vertex -30.9927 -18.2798 4
      vertex -30.9233 -18.4205 4
    endloop
  endfacet
  facet normal -0 0 1
    outer loop
      vertex -31.3014 17.9277 4
      vertex -22.1964 15.7045 4
      vertex -31.1834 18.0312 4
    endloop
  endfacet
  facet normal 0 0 1
    outer loop
      vertex -22.1964 -15.7045 4
      vertex -31.0799 -18.1492 4
      vertex -30.9927 -18.2798 4
    endloop
  endfacet
  facet normal -0 0 1
    outer loop
      vertex -31.4319 17.8405 4
      vertex -22.1964 15.7045 4
      vertex -31.3014 17.9277 4
    endloop
  endfacet
  facet normal 0 0 1
    outer loop
      vertex -22.1964 -15.7045 4
      vertex -31.1834 -18.0312 4
      vertex -31.0799 -18.1492 4
    endloop
  endfacet
  facet normal -0 0 1
    outer loop
      vertex -31.5727 17.7711 4
      vertex -22.1964 15.7045 4
      vertex -31.4319 17.8405 4
    endloop
  endfacet
  facet normal 0 0 1
    outer loop
      vertex -22.1964 -15.7045 4
      vertex -31.3014 -17.9277 4
      vertex -31.1834 -18.0312 4
    endloop
  endfacet
  facet normal -0 0 1
    outer loop
      vertex -31.7214 17.7206 4
      vertex -22.1964 15.7045 4
      vertex -31.5727 17.7711 4
    endloop
  endfacet
  facet normal 0 0 1
    outer loop
      vertex -22.1964 -15.7045 4
      vertex -31.4319 -17.8405 4
      vertex -31.3014 -17.9277 4
    endloop
  endfacet
  facet normal -0 0 1
    outer loop
      vertex -31.8753 17.69 4
      vertex -22.1964 15.7045 4
      vertex -31.7214 17.7206 4
    endloop
  endfacet
  facet normal 0 0 1
    outer loop
      vertex -22.1964 -15.7045 4
      vertex -31.5727 -17.7711 4
      vertex -31.4319 -17.8405 4
    endloop
  endfacet
  facet normal 0 0 1
    outer loop
      vertex -22.1964 15.7045 4
      vertex -31.8753 17.69 4
      vertex -22.1964 -15.7045 4
    endloop
  endfacet
  facet normal 0 0 1
    outer loop
      vertex -22.1964 -15.7045 4
      vertex -31.7214 -17.7206 4
      vertex -31.5727 -17.7711 4
    endloop
  endfacet
  facet normal 0 0 1
    outer loop
      vertex -31.8753 -17.69 4
      vertex -22.1964 -15.7045 4
      vertex -31.8753 17.69 4
    endloop
  endfacet
  facet normal 0 0 1
    outer loop
      vertex -22.1964 -15.7045 4
      vertex -31.8753 -17.69 4
      vertex -31.7214 -17.7206 4
    endloop
  endfacet
  facet normal -0 0 1
    outer loop
      vertex -32.0319 17.6798 4
      vertex -31.8753 -17.69 4
      vertex -31.8753 17.69 4
    endloop
  endfacet
  facet normal 0 0 1
    outer loop
      vertex -32.0319 17.6798 4
      vertex -32.0319 -17.6798 4
      vertex -31.8753 -17.69 4
    endloop
  endfacet
  facet normal 0 0 1
    outer loop
      vertex -32.1886 17.69 4
      vertex -32.0319 -17.6798 4
      vertex -32.0319 17.6798 4
    endloop
  endfacet
  facet normal 0 0 1
    outer loop
      vertex -32.1886 17.69 4
      vertex -32.1886 -17.69 4
      vertex -32.0319 -17.6798 4
    endloop
  endfacet
  facet normal 0 0 1
    outer loop
      vertex -32.3425 17.7206 4
      vertex -32.1886 -17.69 4
      vertex -32.1886 17.69 4
    endloop
  endfacet
  facet normal 0 0 1
    outer loop
      vertex -32.3425 17.7206 4
      vertex -32.3425 -17.7206 4
      vertex -32.1886 -17.69 4
    endloop
  endfacet
  facet normal 0 0 1
    outer loop
      vertex -32.4912 17.7711 4
      vertex -32.3425 -17.7206 4
      vertex -32.3425 17.7206 4
    endloop
  endfacet
  facet normal 0 0 1
    outer loop
      vertex -32.4912 17.7711 4
      vertex -32.4912 -17.7711 4
      vertex -32.3425 -17.7206 4
    endloop
  endfacet
  facet normal 0 0 1
    outer loop
      vertex -32.6319 17.8405 4
      vertex -32.4912 -17.7711 4
      vertex -32.4912 17.7711 4
    endloop
  endfacet
  facet normal 0 0 1
    outer loop
      vertex -32.6319 17.8405 4
      vertex -32.6319 -17.8405 4
      vertex -32.4912 -17.7711 4
    endloop
  endfacet
  facet normal 0 0 1
    outer loop
      vertex -32.7625 17.9277 4
      vertex -32.6319 -17.8405 4
      vertex -32.6319 17.8405 4
    endloop
  endfacet
  facet normal 0 0 1
    outer loop
      vertex -32.7625 17.9277 4
      vertex -32.7625 -17.9277 4
      vertex -32.6319 -17.8405 4
    endloop
  endfacet
  facet normal 0 0 1
    outer loop
      vertex -32.8805 18.0312 4
      vertex -32.7625 -17.9277 4
      vertex -32.7625 17.9277 4
    endloop
  endfacet
  facet normal 0 0 1
    outer loop
      vertex -32.8805 18.0312 4
      vertex -32.8805 -18.0312 4
      vertex -32.7625 -17.9277 4
    endloop
  endfacet
  facet normal 0 0 1
    outer loop
      vertex -32.984 18.1492 4
      vertex -32.8805 -18.0312 4
      vertex -32.8805 18.0312 4
    endloop
  endfacet
  facet normal 0 0 1
    outer loop
      vertex -32.984 18.1492 4
      vertex -32.984 -18.1492 4
      vertex -32.8805 -18.0312 4
    endloop
  endfacet
  facet normal 0 0 1
    outer loop
      vertex -35 20.4336 4
      vertex -32.984 18.1492 4
      vertex -33.0712 18.2798 4
    endloop
  endfacet
  facet normal 0 0 1
    outer loop
      vertex -32.984 18.1492 4
      vertex -35 20.4336 4
      vertex -32.984 -18.1492 4
    endloop
  endfacet
  facet normal 0 0 1
    outer loop
      vertex -35 20.4336 4
      vertex -33.0712 18.2798 4
      vertex -33.1406 18.4205 4
    endloop
  endfacet
  facet normal 0 0 1
    outer loop
      vertex -35 -20.4336 4
      vertex -32.984 -18.1492 4
      vertex -35 20.4336 4
    endloop
  endfacet
  facet normal 0 0 1
    outer loop
      vertex -35 20.4336 4
      vertex -33.1406 18.4205 4
      vertex -33.191 18.5692 4
    endloop
  endfacet
  facet normal 0 0 1
    outer loop
      vertex -32.984 -18.1492 4
      vertex -35 -20.4336 4
      vertex -33.0712 -18.2798 4
    endloop
  endfacet
  facet normal 0 0 1
    outer loop
      vertex -35 20.4336 4
      vertex -33.191 18.5692 4
      vertex -33.2217 18.7231 4
    endloop
  endfacet
  facet normal 0 0 1
    outer loop
      vertex -33.0712 -18.2798 4
      vertex -35 -20.4336 4
      vertex -33.1406 -18.4205 4
    endloop
  endfacet
  facet normal 0 0 1
    outer loop
      vertex -35 20.4336 4
      vertex -33.2217 18.7231 4
      vertex -33.2319 18.8798 4
    endloop
  endfacet
  facet normal 0 0 1
    outer loop
      vertex -33.1406 -18.4205 4
      vertex -35 -20.4336 4
      vertex -33.191 -18.5692 4
    endloop
  endfacet
  facet normal -0 0 1
    outer loop
      vertex -30.8728 18.5692 4
      vertex -22.1964 15.7045 4
      vertex -30.8422 18.7231 4
    endloop
  endfacet
  facet normal 0 0 1
    outer loop
      vertex -30.8422 -19.0364 4
      vertex -22.1964 -15.7045 4
      vertex -30.8319 -18.8798 4
    endloop
  endfacet
  facet normal 0 0 1
    outer loop
      vertex -30.8728 -19.1903 4
      vertex -22.1964 -15.7045 4
      vertex -30.8422 -19.0364 4
    endloop
  endfacet
  facet normal 0 0 1
    outer loop
      vertex -30.9233 -19.339 4
      vertex -22.1964 -15.7045 4
      vertex -30.8728 -19.1903 4
    endloop
  endfacet
  facet normal 0 0 1
    outer loop
      vertex -30.9927 -19.4798 4
      vertex -22.1964 -15.7045 4
      vertex -30.9233 -19.339 4
    endloop
  endfacet
  facet normal 0 0 1
    outer loop
      vertex -31.0799 -19.6103 4
      vertex -22.1964 -15.7045 4
      vertex -30.9927 -19.4798 4
    endloop
  endfacet
  facet normal 0 0 1
    outer loop
      vertex -31.1834 -19.7283 4
      vertex -22.1964 -15.7045 4
      vertex -31.0799 -19.6103 4
    endloop
  endfacet
  facet normal 0 0 1
    outer loop
      vertex -31.3014 -19.8318 4
      vertex -22.1964 -15.7045 4
      vertex -31.1834 -19.7283 4
    endloop
  endfacet
  facet normal 0 0 1
    outer loop
      vertex -31.4319 -19.919 4
      vertex -22.1964 -15.7045 4
      vertex -31.3014 -19.8318 4
    endloop
  endfacet
  facet normal 0 0 1
    outer loop
      vertex -47.2562 -35.7432 4
      vertex -31.4319 -19.919 4
      vertex -31.5727 -19.9884 4
    endloop
  endfacet
  facet normal 0 0 1
    outer loop
      vertex -33.2217 -18.7231 4
      vertex -35 -20.4336 4
      vertex -33.2319 -18.8798 4
    endloop
  endfacet
  facet normal 0 0 1
    outer loop
      vertex -35 -20.4336 4
      vertex -33.2217 -19.0364 4
      vertex -33.2319 -18.8798 4
    endloop
  endfacet
  facet normal 0 0 1
    outer loop
      vertex -35 -20.4336 4
      vertex -33.191 -19.1903 4
      vertex -33.2217 -19.0364 4
    endloop
  endfacet
  facet normal 0 0 1
    outer loop
      vertex -35 -20.4336 4
      vertex -33.1406 -19.339 4
      vertex -33.191 -19.1903 4
    endloop
  endfacet
  facet normal 0 0 1
    outer loop
      vertex -35 -20.4336 4
      vertex -33.0712 -19.4798 4
      vertex -33.1406 -19.339 4
    endloop
  endfacet
  facet normal 0 0 1
    outer loop
      vertex -35 -20.4336 4
      vertex -32.984 -19.6103 4
      vertex -33.0712 -19.4798 4
    endloop
  endfacet
  facet normal 0 0 1
    outer loop
      vertex -35 -20.4336 4
      vertex -32.8805 -19.7283 4
      vertex -32.984 -19.6103 4
    endloop
  endfacet
  facet normal 0 0 1
    outer loop
      vertex -35 -20.4336 4
      vertex -32.7625 -19.8318 4
      vertex -32.8805 -19.7283 4
    endloop
  endfacet
  facet normal 0 0 1
    outer loop
      vertex -35 -20.4336 4
      vertex -32.6319 -19.919 4
      vertex -32.7625 -19.8318 4
    endloop
  endfacet
  facet normal 0 0 1
    outer loop
      vertex -35 -20.4336 4
      vertex -32.4912 -19.9884 4
      vertex -32.6319 -19.919 4
    endloop
  endfacet
  facet normal 0 0 1
    outer loop
      vertex -35 -20.4336 4
      vertex -32.3425 -20.0389 4
      vertex -32.4912 -19.9884 4
    endloop
  endfacet
  facet normal 0 0 1
    outer loop
      vertex -35 -20.4336 4
      vertex -32.1886 -20.0695 4
      vertex -32.3425 -20.0389 4
    endloop
  endfacet
  facet normal 0 0 1
    outer loop
      vertex -35 -20.4336 4
      vertex -32.0319 -20.0798 4
      vertex -32.1886 -20.0695 4
    endloop
  endfacet
  facet normal 0 0 1
    outer loop
      vertex -47.0954 -35.1432 4
      vertex -32.0319 -20.0798 4
      vertex -35 -20.4336 4
    endloop
  endfacet
  facet normal -0 0 1
    outer loop
      vertex -32.0319 -20.0798 4
      vertex -47.0954 -35.1432 4
      vertex -31.8753 -20.0695 4
    endloop
  endfacet
  facet normal 0 0 1
    outer loop
      vertex -47.1057 -35.2998 4
      vertex -31.8753 -20.0695 4
      vertex -47.0954 -35.1432 4
    endloop
  endfacet
  facet normal -0 0 1
    outer loop
      vertex -31.8753 -20.0695 4
      vertex -47.1057 -35.2998 4
      vertex -31.7214 -20.0389 4
    endloop
  endfacet
  facet normal 0 0 1
    outer loop
      vertex -47.1363 -35.4538 4
      vertex -31.7214 -20.0389 4
      vertex -47.1057 -35.2998 4
    endloop
  endfacet
  facet normal -0 0 1
    outer loop
      vertex -31.7214 -20.0389 4
      vertex -47.1363 -35.4538 4
      vertex -31.5727 -19.9884 4
    endloop
  endfacet
  facet normal 0 0 1
    outer loop
      vertex -47.1867 -35.6024 4
      vertex -31.5727 -19.9884 4
      vertex -47.1363 -35.4538 4
    endloop
  endfacet
  facet normal 0 0 1
    outer loop
      vertex -47.2562 -35.7432 4
      vertex -31.5727 -19.9884 4
      vertex -47.1867 -35.6024 4
    endloop
  endfacet
  facet normal -0 0 1
    outer loop
      vertex -31.4319 -19.919 4
      vertex -47.2562 -35.7432 4
      vertex -22.1964 -15.7045 4
    endloop
  endfacet
  facet normal 0 0 1
    outer loop
      vertex -51.4707 -44.9787 4
      vertex -47.2562 -35.7432 4
      vertex -47.3434 -35.8737 4
    endloop
  endfacet
  facet normal 0 0 1
    outer loop
      vertex -51.4707 -44.9787 4
      vertex -47.3434 -35.8737 4
      vertex -47.4469 -35.9917 4
    endloop
  endfacet
  facet normal 0 0 1
    outer loop
      vertex -51.4707 -44.9787 4
      vertex -47.4469 -35.9917 4
      vertex -47.5649 -36.0952 4
    endloop
  endfacet
  facet normal -0 0 1
    outer loop
      vertex -47.2562 -35.7432 4
      vertex -51.4707 -44.9787 4
      vertex -22.1964 -15.7045 4
    endloop
  endfacet
  facet normal -0 0 1
    outer loop
      vertex -47.6954 -36.1824 4
      vertex -51.4707 -44.9787 4
      vertex -47.5649 -36.0952 4
    endloop
  endfacet
  facet normal -0 0 1
    outer loop
      vertex -47.8362 -36.2519 4
      vertex -51.4707 -44.9787 4
      vertex -47.6954 -36.1824 4
    endloop
  endfacet
  facet normal -0 0 1
    outer loop
      vertex -47.9848 -36.3023 4
      vertex -51.4707 -44.9787 4
      vertex -47.8362 -36.2519 4
    endloop
  endfacet
  facet normal -0 0 1
    outer loop
      vertex -48.1388 -36.3329 4
      vertex -51.4707 -44.9787 4
      vertex -47.9848 -36.3023 4
    endloop
  endfacet
  facet normal -0 0 1
    outer loop
      vertex -48.2954 -36.3432 4
      vertex -51.4707 -44.9787 4
      vertex -48.1388 -36.3329 4
    endloop
  endfacet
  facet normal 0 0 1
    outer loop
      vertex -48.452 -36.3329 4
      vertex -51.4707 -44.9787 4
      vertex -48.2954 -36.3432 4
    endloop
  endfacet
  facet normal 0 0 1
    outer loop
      vertex -48.606 -36.3023 4
      vertex -51.4707 -44.9787 4
      vertex -48.452 -36.3329 4
    endloop
  endfacet
  facet normal 0 0 1
    outer loop
      vertex -48.7546 -36.2519 4
      vertex -51.4707 -44.9787 4
      vertex -48.606 -36.3023 4
    endloop
  endfacet
  facet normal 0 0 1
    outer loop
      vertex -48.8954 -36.1824 4
      vertex -51.4707 -44.9787 4
      vertex -48.7546 -36.2519 4
    endloop
  endfacet
  facet normal 0 0 1
    outer loop
      vertex -49.0259 -36.0952 4
      vertex -51.4707 -44.9787 4
      vertex -48.8954 -36.1824 4
    endloop
  endfacet
  facet normal 0 0 1
    outer loop
      vertex -49.1439 -35.9917 4
      vertex -51.4707 -44.9787 4
      vertex -49.0259 -36.0952 4
    endloop
  endfacet
  facet normal 0 0 1
    outer loop
      vertex -57.1342 -42.5678 4
      vertex -49.1439 -35.9917 4
      vertex -49.2474 -35.8737 4
    endloop
  endfacet
  facet normal 0 0 1
    outer loop
      vertex -57.1342 -42.5678 4
      vertex -49.2474 -35.8737 4
      vertex -49.3346 -35.7432 4
    endloop
  endfacet
  facet normal 0 0 1
    outer loop
      vertex -57.1342 -42.5678 4
      vertex -49.3346 -35.7432 4
      vertex -49.404 -35.6024 4
    endloop
  endfacet
  facet normal 0 0 1
    outer loop
      vertex -57.1342 -42.5678 4
      vertex -49.404 -35.6024 4
      vertex -49.4545 -35.4538 4
    endloop
  endfacet
  facet normal 0 0 1
    outer loop
      vertex -57.1342 -42.5678 4
      vertex -49.4545 -35.4538 4
      vertex -49.4851 -35.2998 4
    endloop
  endfacet
  facet normal 0 0 1
    outer loop
      vertex -57.1342 -42.5678 4
      vertex -49.4851 -35.2998 4
      vertex -49.4954 -35.1432 4
    endloop
  endfacet
  facet normal 0 0 1
    outer loop
      vertex -33.9535 -48.452 4
      vertex -20.4336 -35 4
      vertex -33.9432 -48.2954 4
    endloop
  endfacet
  facet normal 0 0 1
    outer loop
      vertex -20.4336 -35 4
      vertex -33.9535 -48.452 4
      vertex -33.9703 -48.5367 4
    endloop
  endfacet
  facet normal 0 0 1
    outer loop
      vertex -49.4851 35.2998 4
      vertex -57.1342 42.5678 4
      vertex -49.4954 35.1432 4
    endloop
  endfacet
  facet normal 0 0 1
    outer loop
      vertex -49.4851 34.9866 4
      vertex -57.1342 42.5678 4
      vertex -49.4683 34.9019 4
    endloop
  endfacet
  facet normal 0 0 1
    outer loop
      vertex -49.4954 35.1432 4
      vertex -57.1342 42.5678 4
      vertex -49.4851 34.9866 4
    endloop
  endfacet
  facet normal 0 0 1
    outer loop
      vertex -57.1342 -42.5678 4
      vertex -49.4954 -35.1432 4
      vertex -49.4851 -34.9866 4
    endloop
  endfacet
  facet normal 0 0 1
    outer loop
      vertex -49.1439 -35.9917 4
      vertex -57.1342 -42.5678 4
      vertex -51.4707 -44.9787 4
    endloop
  endfacet
  facet normal 0 0 1
    outer loop
      vertex -57.1342 -42.5678 4
      vertex -49.4851 -34.9866 4
      vertex -49.4683 -34.9019 4
    endloop
  endfacet
  facet normal 0 0 1
    outer loop
      vertex 17.6798 -32.0319 4
      vertex -17.69 -31.8753 4
      vertex -17.6798 -32.0319 4
    endloop
  endfacet
  facet normal 0 0 1
    outer loop
      vertex -15.7045 -22.1964 4
      vertex -17.7206 -31.7214 4
      vertex -17.69 -31.8753 4
    endloop
  endfacet
  facet normal 0 0 1
    outer loop
      vertex -15.7045 -22.1964 4
      vertex -17.7711 -31.5727 4
      vertex -17.7206 -31.7214 4
    endloop
  endfacet
  facet normal 0 0 1
    outer loop
      vertex -15.7045 -22.1964 4
      vertex -17.8405 -31.4319 4
      vertex -17.7711 -31.5727 4
    endloop
  endfacet
  facet normal 0 0 1
    outer loop
      vertex -15.7045 -22.1964 4
      vertex -17.9277 -31.3014 4
      vertex -17.8405 -31.4319 4
    endloop
  endfacet
  facet normal 0 0 1
    outer loop
      vertex -15.7045 -22.1964 4
      vertex -18.0312 -31.1834 4
      vertex -17.9277 -31.3014 4
    endloop
  endfacet
  facet normal 0 0 1
    outer loop
      vertex -15.7045 -22.1964 4
      vertex -18.1492 -31.0799 4
      vertex -18.0312 -31.1834 4
    endloop
  endfacet
  facet normal 0 0 1
    outer loop
      vertex -15.7045 -22.1964 4
      vertex -18.2798 -30.9927 4
      vertex -18.1492 -31.0799 4
    endloop
  endfacet
  facet normal 0 0 1
    outer loop
      vertex -15.7045 -22.1964 4
      vertex -18.4205 -30.9233 4
      vertex -18.2798 -30.9927 4
    endloop
  endfacet
  facet normal 0 0 1
    outer loop
      vertex -15.7045 -22.1964 4
      vertex -18.5692 -30.8728 4
      vertex -18.4205 -30.9233 4
    endloop
  endfacet
  facet normal 0 0 1
    outer loop
      vertex -15.7045 -22.1964 4
      vertex -18.7231 -30.8422 4
      vertex -18.5692 -30.8728 4
    endloop
  endfacet
  facet normal 0 0 1
    outer loop
      vertex -15.7045 -22.1964 4
      vertex -18.8798 -30.8319 4
      vertex -18.7231 -30.8422 4
    endloop
  endfacet
  facet normal 0 0 1
    outer loop
      vertex -15.7045 -22.1964 4
      vertex -19.0364 -30.8422 4
      vertex -18.8798 -30.8319 4
    endloop
  endfacet
  facet normal 0 0 1
    outer loop
      vertex -15.7045 -22.1964 4
      vertex -19.1903 -30.8728 4
      vertex -19.0364 -30.8422 4
    endloop
  endfacet
  facet normal 0 0 1
    outer loop
      vertex -15.7045 -22.1964 4
      vertex -19.339 -30.9233 4
      vertex -19.1903 -30.8728 4
    endloop
  endfacet
  facet normal 0 0 1
    outer loop
      vertex -15.7045 -22.1964 4
      vertex -19.4798 -30.9927 4
      vertex -19.339 -30.9233 4
    endloop
  endfacet
  facet normal 0 0 1
    outer loop
      vertex -15.7045 -22.1964 4
      vertex -19.6103 -31.0799 4
      vertex -19.4798 -30.9927 4
    endloop
  endfacet
  facet normal 0 0 1
    outer loop
      vertex -15.7045 -22.1964 4
      vertex -19.7283 -31.1834 4
      vertex -19.6103 -31.0799 4
    endloop
  endfacet
  facet normal 0 0 1
    outer loop
      vertex -15.7045 -22.1964 4
      vertex -19.8318 -31.3014 4
      vertex -19.7283 -31.1834 4
    endloop
  endfacet
  facet normal 0 0 1
    outer loop
      vertex -15.7045 -22.1964 4
      vertex -19.919 -31.4319 4
      vertex -19.8318 -31.3014 4
    endloop
  endfacet
  facet normal 0 0 1
    outer loop
      vertex -35.7432 -47.2562 4
      vertex -19.919 -31.4319 4
      vertex -15.7045 -22.1964 4
    endloop
  endfacet
  facet normal 0 0 1
    outer loop
      vertex -35.1432 -47.0954 4
      vertex -20.0798 -32.0319 4
      vertex -20.0695 -31.8753 4
    endloop
  endfacet
  facet normal 0 0 1
    outer loop
      vertex -20.0798 -32.0319 4
      vertex -35.1432 -47.0954 4
      vertex -20.4336 -35 4
    endloop
  endfacet
  facet normal 0 0 1
    outer loop
      vertex -35.2998 -47.1057 4
      vertex -20.0695 -31.8753 4
      vertex -20.0389 -31.7214 4
    endloop
  endfacet
  facet normal 0 0 1
    outer loop
      vertex -35.4538 -47.1363 4
      vertex -20.0389 -31.7214 4
      vertex -19.9884 -31.5727 4
    endloop
  endfacet
  facet normal 0 0 1
    outer loop
      vertex -19.919 -31.4319 4
      vertex -35.7432 -47.2562 4
      vertex -19.9884 -31.5727 4
    endloop
  endfacet
  facet normal 0 0 1
    outer loop
      vertex -20.4336 -35 4
      vertex -33.9535 -48.1388 4
      vertex -33.9432 -48.2954 4
    endloop
  endfacet
  facet normal 0 0 1
    outer loop
      vertex -20.4336 -35 4
      vertex -33.9841 -47.9848 4
      vertex -33.9535 -48.1388 4
    endloop
  endfacet
  facet normal 0 0 1
    outer loop
      vertex -20.4336 -35 4
      vertex -34.0346 -47.8362 4
      vertex -33.9841 -47.9848 4
    endloop
  endfacet
  facet normal 0 0 1
    outer loop
      vertex -20.4336 -35 4
      vertex -34.104 -47.6954 4
      vertex -34.0346 -47.8362 4
    endloop
  endfacet
  facet normal 0 0 1
    outer loop
      vertex -20.4336 -35 4
      vertex -34.1912 -47.5649 4
      vertex -34.104 -47.6954 4
    endloop
  endfacet
  facet normal 0 0 1
    outer loop
      vertex -20.4336 -35 4
      vertex -34.2947 -47.4469 4
      vertex -34.1912 -47.5649 4
    endloop
  endfacet
  facet normal 0 0 1
    outer loop
      vertex -20.4336 -35 4
      vertex -34.4127 -47.3434 4
      vertex -34.2947 -47.4469 4
    endloop
  endfacet
  facet normal 0 0 1
    outer loop
      vertex -20.4336 -35 4
      vertex -34.5432 -47.2562 4
      vertex -34.4127 -47.3434 4
    endloop
  endfacet
  facet normal 0 0 1
    outer loop
      vertex -20.4336 -35 4
      vertex -34.684 -47.1867 4
      vertex -34.5432 -47.2562 4
    endloop
  endfacet
  facet normal 0 0 1
    outer loop
      vertex -20.4336 -35 4
      vertex -34.8326 -47.1363 4
      vertex -34.684 -47.1867 4
    endloop
  endfacet
  facet normal 0 0 1
    outer loop
      vertex -20.4336 -35 4
      vertex -34.9866 -47.1057 4
      vertex -34.8326 -47.1363 4
    endloop
  endfacet
  facet normal 0 0 1
    outer loop
      vertex -20.4336 -35 4
      vertex -35.1432 -47.0954 4
      vertex -34.9866 -47.1057 4
    endloop
  endfacet
  facet normal 0 0 1
    outer loop
      vertex -20.0695 -31.8753 4
      vertex -35.2998 -47.1057 4
      vertex -35.1432 -47.0954 4
    endloop
  endfacet
  facet normal 0 0 1
    outer loop
      vertex -20.0389 -31.7214 4
      vertex -35.4538 -47.1363 4
      vertex -35.2998 -47.1057 4
    endloop
  endfacet
  facet normal 0 0 1
    outer loop
      vertex -19.9884 -31.5727 4
      vertex -35.6024 -47.1867 4
      vertex -35.4538 -47.1363 4
    endloop
  endfacet
  facet normal 0 0 1
    outer loop
      vertex -19.9884 -31.5727 4
      vertex -35.7432 -47.2562 4
      vertex -35.6024 -47.1867 4
    endloop
  endfacet
  facet normal 0 0 1
    outer loop
      vertex -44.9787 -51.4707 4
      vertex -35.7432 -47.2562 4
      vertex -15.7045 -22.1964 4
    endloop
  endfacet
  facet normal 0 0 1
    outer loop
      vertex -35.7432 -47.2562 4
      vertex -44.9787 -51.4707 4
      vertex -35.8737 -47.3434 4
    endloop
  endfacet
  facet normal 0 0 1
    outer loop
      vertex -35.8737 -47.3434 4
      vertex -44.9787 -51.4707 4
      vertex -35.9917 -47.4469 4
    endloop
  endfacet
  facet normal 0 0 1
    outer loop
      vertex -44.9787 -51.4707 4
      vertex -36.3432 -48.2954 4
      vertex -36.3329 -48.1388 4
    endloop
  endfacet
  facet normal 0 0 1
    outer loop
      vertex -44.9787 -51.4707 4
      vertex -36.3329 -48.1388 4
      vertex -36.3023 -47.9848 4
    endloop
  endfacet
  facet normal 0 0 1
    outer loop
      vertex -44.9787 -51.4707 4
      vertex -36.3023 -47.9848 4
      vertex -36.2519 -47.8362 4
    endloop
  endfacet
  facet normal 0 0 1
    outer loop
      vertex -44.9787 -51.4707 4
      vertex -36.2519 -47.8362 4
      vertex -36.1824 -47.6954 4
    endloop
  endfacet
  facet normal 0 0 1
    outer loop
      vertex -44.9787 -51.4707 4
      vertex -36.1824 -47.6954 4
      vertex -36.0952 -47.5649 4
    endloop
  endfacet
  facet normal 0 0 1
    outer loop
      vertex -35.9917 -47.4469 4
      vertex -44.9787 -51.4707 4
      vertex -36.0952 -47.5649 4
    endloop
  endfacet
  facet normal 0 0 1
    outer loop
      vertex -35.9917 -49.1439 4
      vertex -44.9787 -51.4707 4
      vertex -42.5678 -57.1342 4
    endloop
  endfacet
  facet normal 0 0 1
    outer loop
      vertex -51.4707 -44.9787 4
      vertex -42.5678 -57.1342 4
      vertex -44.9787 -51.4707 4
    endloop
  endfacet
  facet normal 0 0 1
    outer loop
      vertex -42.5678 -57.1342 4
      vertex -51.4707 -44.9787 4
      vertex -57.1342 -42.5678 4
    endloop
  endfacet
  facet normal 0 0 1
    outer loop
      vertex 17.69 31.8753 4
      vertex -17.69 31.8753 4
      vertex -15.7045 22.1964 4
    endloop
  endfacet
  facet normal -0 0 1
    outer loop
      vertex -17.7206 31.7214 4
      vertex -15.7045 22.1964 4
      vertex -17.69 31.8753 4
    endloop
  endfacet
  facet normal -0 0 1
    outer loop
      vertex -17.7711 31.5727 4
      vertex -15.7045 22.1964 4
      vertex -17.7206 31.7214 4
    endloop
  endfacet
  facet normal -0 0 1
    outer loop
      vertex -17.8405 31.4319 4
      vertex -15.7045 22.1964 4
      vertex -17.7711 31.5727 4
    endloop
  endfacet
  facet normal -0 0 1
    outer loop
      vertex -17.9277 31.3014 4
      vertex -15.7045 22.1964 4
      vertex -17.8405 31.4319 4
    endloop
  endfacet
  facet normal -0 0 1
    outer loop
      vertex -18.0312 31.1834 4
      vertex -15.7045 22.1964 4
      vertex -17.9277 31.3014 4
    endloop
  endfacet
  facet normal -0 0 1
    outer loop
      vertex -18.1492 31.0799 4
      vertex -15.7045 22.1964 4
      vertex -18.0312 31.1834 4
    endloop
  endfacet
  facet normal -0 0 1
    outer loop
      vertex -18.2798 30.9927 4
      vertex -15.7045 22.1964 4
      vertex -18.1492 31.0799 4
    endloop
  endfacet
  facet normal -0 0 1
    outer loop
      vertex -18.4205 30.9233 4
      vertex -15.7045 22.1964 4
      vertex -18.2798 30.9927 4
    endloop
  endfacet
  facet normal -0 0 1
    outer loop
      vertex -18.5692 30.8728 4
      vertex -15.7045 22.1964 4
      vertex -18.4205 30.9233 4
    endloop
  endfacet
  facet normal -0 0 1
    outer loop
      vertex -18.7231 30.8422 4
      vertex -15.7045 22.1964 4
      vertex -18.5692 30.8728 4
    endloop
  endfacet
  facet normal -0 0 1
    outer loop
      vertex -18.8798 30.8319 4
      vertex -15.7045 22.1964 4
      vertex -18.7231 30.8422 4
    endloop
  endfacet
  facet normal 0 0 1
    outer loop
      vertex -19.0364 30.8422 4
      vertex -15.7045 22.1964 4
      vertex -18.8798 30.8319 4
    endloop
  endfacet
  facet normal 0 0 1
    outer loop
      vertex -19.1903 30.8728 4
      vertex -15.7045 22.1964 4
      vertex -19.0364 30.8422 4
    endloop
  endfacet
  facet normal 0 0 1
    outer loop
      vertex -19.339 30.9233 4
      vertex -15.7045 22.1964 4
      vertex -19.1903 30.8728 4
    endloop
  endfacet
  facet normal 0 0 1
    outer loop
      vertex -19.4798 30.9927 4
      vertex -15.7045 22.1964 4
      vertex -19.339 30.9233 4
    endloop
  endfacet
  facet normal 0 0 1
    outer loop
      vertex -19.6103 31.0799 4
      vertex -15.7045 22.1964 4
      vertex -19.4798 30.9927 4
    endloop
  endfacet
  facet normal 0 0 1
    outer loop
      vertex -19.7283 31.1834 4
      vertex -15.7045 22.1964 4
      vertex -19.6103 31.0799 4
    endloop
  endfacet
  facet normal 0 0 1
    outer loop
      vertex -19.8318 31.3014 4
      vertex -15.7045 22.1964 4
      vertex -19.7283 31.1834 4
    endloop
  endfacet
  facet normal 0 0 1
    outer loop
      vertex -19.919 31.4319 4
      vertex -15.7045 22.1964 4
      vertex -19.8318 31.3014 4
    endloop
  endfacet
  facet normal 0 0 1
    outer loop
      vertex -35.7432 47.2562 4
      vertex -19.919 31.4319 4
      vertex -19.9884 31.5727 4
    endloop
  endfacet
  facet normal 0 0 1
    outer loop
      vertex -35.1432 47.0954 4
      vertex -20.0798 32.0319 4
      vertex -20.4336 35 4
    endloop
  endfacet
  facet normal -0 0 1
    outer loop
      vertex -33.9535 48.1388 4
      vertex -20.4336 35 4
      vertex -33.9432 48.2954 4
    endloop
  endfacet
  facet normal -0 0 1
    outer loop
      vertex -33.9841 47.9848 4
      vertex -20.4336 35 4
      vertex -33.9535 48.1388 4
    endloop
  endfacet
  facet normal -0 0 1
    outer loop
      vertex -34.0346 47.8362 4
      vertex -20.4336 35 4
      vertex -33.9841 47.9848 4
    endloop
  endfacet
  facet normal -0 0 1
    outer loop
      vertex -34.104 47.6954 4
      vertex -20.4336 35 4
      vertex -34.0346 47.8362 4
    endloop
  endfacet
  facet normal -0 0 1
    outer loop
      vertex -34.1912 47.5649 4
      vertex -20.4336 35 4
      vertex -34.104 47.6954 4
    endloop
  endfacet
  facet normal -0 0 1
    outer loop
      vertex -34.2947 47.4469 4
      vertex -20.4336 35 4
      vertex -34.1912 47.5649 4
    endloop
  endfacet
  facet normal -0 0 1
    outer loop
      vertex -34.4127 47.3434 4
      vertex -20.4336 35 4
      vertex -34.2947 47.4469 4
    endloop
  endfacet
  facet normal -0 0 1
    outer loop
      vertex -34.5432 47.2562 4
      vertex -20.4336 35 4
      vertex -34.4127 47.3434 4
    endloop
  endfacet
  facet normal -0 0 1
    outer loop
      vertex -34.684 47.1867 4
      vertex -20.4336 35 4
      vertex -34.5432 47.2562 4
    endloop
  endfacet
  facet normal -0 0 1
    outer loop
      vertex -34.8326 47.1363 4
      vertex -20.4336 35 4
      vertex -34.684 47.1867 4
    endloop
  endfacet
  facet normal -0 0 1
    outer loop
      vertex -34.9866 47.1057 4
      vertex -20.4336 35 4
      vertex -34.8326 47.1363 4
    endloop
  endfacet
  facet normal -0 0 1
    outer loop
      vertex -35.1432 47.0954 4
      vertex -20.4336 35 4
      vertex -34.9866 47.1057 4
    endloop
  endfacet
  facet normal 0 0 1
    outer loop
      vertex -20.0798 32.0319 4
      vertex -35.1432 47.0954 4
      vertex -20.0695 31.8753 4
    endloop
  endfacet
  facet normal 0 0 1
    outer loop
      vertex -35.2998 47.1057 4
      vertex -20.0695 31.8753 4
      vertex -35.1432 47.0954 4
    endloop
  endfacet
  facet normal 0 0 1
    outer loop
      vertex -20.0695 31.8753 4
      vertex -35.2998 47.1057 4
      vertex -20.0389 31.7214 4
    endloop
  endfacet
  facet normal 0 0 1
    outer loop
      vertex -35.4538 47.1363 4
      vertex -20.0389 31.7214 4
      vertex -35.2998 47.1057 4
    endloop
  endfacet
  facet normal 0 0 1
    outer loop
      vertex -20.0389 31.7214 4
      vertex -35.4538 47.1363 4
      vertex -19.9884 31.5727 4
    endloop
  endfacet
  facet normal 0 0 1
    outer loop
      vertex -35.6024 47.1867 4
      vertex -19.9884 31.5727 4
      vertex -35.4538 47.1363 4
    endloop
  endfacet
  facet normal 0 0 1
    outer loop
      vertex -35.7432 47.2562 4
      vertex -19.9884 31.5727 4
      vertex -35.6024 47.1867 4
    endloop
  endfacet
  facet normal 0 0 1
    outer loop
      vertex -19.919 31.4319 4
      vertex -35.7432 47.2562 4
      vertex -15.7045 22.1964 4
    endloop
  endfacet
  facet normal 0 0 1
    outer loop
      vertex -44.9787 51.4707 4
      vertex -35.7432 47.2562 4
      vertex -35.8737 47.3434 4
    endloop
  endfacet
  facet normal 0 0 1
    outer loop
      vertex -44.9787 51.4707 4
      vertex -35.8737 47.3434 4
      vertex -35.9917 47.4469 4
    endloop
  endfacet
  facet normal 0 0 1
    outer loop
      vertex -44.9787 51.4707 4
      vertex -35.9917 47.4469 4
      vertex -36.0952 47.5649 4
    endloop
  endfacet
  facet normal 0 0 1
    outer loop
      vertex -36.3329 48.452 4
      vertex -44.9787 51.4707 4
      vertex -36.3432 48.2954 4
    endloop
  endfacet
  facet normal 0 0 1
    outer loop
      vertex -36.3432 48.2954 4
      vertex -44.9787 51.4707 4
      vertex -36.3329 48.1388 4
    endloop
  endfacet
  facet normal 0 0 1
    outer loop
      vertex -36.3329 48.1388 4
      vertex -44.9787 51.4707 4
      vertex -36.3023 47.9848 4
    endloop
  endfacet
  facet normal 0 0 1
    outer loop
      vertex -36.3023 47.9848 4
      vertex -44.9787 51.4707 4
      vertex -36.2519 47.8362 4
    endloop
  endfacet
  facet normal 0 0 1
    outer loop
      vertex -36.2519 47.8362 4
      vertex -44.9787 51.4707 4
      vertex -36.1824 47.6954 4
    endloop
  endfacet
  facet normal 0 0 1
    outer loop
      vertex -35.7432 47.2562 4
      vertex -44.9787 51.4707 4
      vertex -15.7045 22.1964 4
    endloop
  endfacet
  facet normal 0 0 1
    outer loop
      vertex -36.1824 47.6954 4
      vertex -44.9787 51.4707 4
      vertex -36.0952 47.5649 4
    endloop
  endfacet
  facet normal 0 0 1
    outer loop
      vertex -42.5678 57.1342 4
      vertex -51.4707 44.9787 4
      vertex -44.9787 51.4707 4
    endloop
  endfacet
  facet normal 0 -0 1
    outer loop
      vertex -51.4707 44.9787 4
      vertex -42.5678 57.1342 4
      vertex -57.1342 42.5678 4
    endloop
  endfacet
  facet normal 0 0 1
    outer loop
      vertex -15.9006 -16.8206 4
      vertex -15.7045 -22.1964 4
      vertex -15.69 -16.8921 4
    endloop
  endfacet
  facet normal 0 0 1
    outer loop
      vertex -16.1 -16.7222 4
      vertex -15.7045 -22.1964 4
      vertex -15.9006 -16.8206 4
    endloop
  endfacet
  facet normal 0 0 1
    outer loop
      vertex -16.2849 -16.5987 4
      vertex -15.7045 -22.1964 4
      vertex -16.1 -16.7222 4
    endloop
  endfacet
  facet normal 0 0 1
    outer loop
      vertex -16.4521 -16.4521 4
      vertex -15.7045 -22.1964 4
      vertex -16.2849 -16.5987 4
    endloop
  endfacet
  facet normal 0 0 1
    outer loop
      vertex -22.1964 -15.7045 4
      vertex -16.4521 -16.4521 4
      vertex -16.5987 -16.2849 4
    endloop
  endfacet
  facet normal 0 0 1
    outer loop
      vertex -22.1964 -15.7045 4
      vertex -16.5987 -16.2849 4
      vertex -16.7222 -16.1 4
    endloop
  endfacet
  facet normal 0 0 1
    outer loop
      vertex -22.1964 -15.7045 4
      vertex -16.7222 -16.1 4
      vertex -16.8206 -15.9006 4
    endloop
  endfacet
  facet normal -0 0 1
    outer loop
      vertex -22.1964 -15.7045 4
      vertex -16.8206 -15.9006 4
      vertex -16.8921 -15.69 4
    endloop
  endfacet
  facet normal 0 0 1
    outer loop
      vertex -22.1964 -15.7045 4
      vertex -16.8921 -15.69 4
      vertex -16.9355 -15.4719 4
    endloop
  endfacet
  facet normal 0 0 1
    outer loop
      vertex -16.9355 -15.0281 4
      vertex -22.1964 -15.7045 4
      vertex -16.95 -15.25 4
    endloop
  endfacet
  facet normal 0 0 1
    outer loop
      vertex -16.4521 -16.4521 4
      vertex -22.1964 -15.7045 4
      vertex -15.7045 -22.1964 4
    endloop
  endfacet
  facet normal 0 0 1
    outer loop
      vertex -16.95 -15.25 4
      vertex -22.1964 -15.7045 4
      vertex -16.9355 -15.4719 4
    endloop
  endfacet
  facet normal -0 0 1
    outer loop
      vertex -30.8422 18.7231 4
      vertex -22.1964 15.7045 4
      vertex -30.8319 18.8798 4
    endloop
  endfacet
  facet normal 0 0 1
    outer loop
      vertex -22.1964 15.7045 4
      vertex -30.8422 19.0364 4
      vertex -30.8319 18.8798 4
    endloop
  endfacet
  facet normal 0 0 1
    outer loop
      vertex -22.1964 15.7045 4
      vertex -30.8728 19.1903 4
      vertex -30.8422 19.0364 4
    endloop
  endfacet
  facet normal 0 0 1
    outer loop
      vertex -22.1964 15.7045 4
      vertex -30.9233 19.339 4
      vertex -30.8728 19.1903 4
    endloop
  endfacet
  facet normal 0 0 1
    outer loop
      vertex -22.1964 15.7045 4
      vertex -30.9927 19.4798 4
      vertex -30.9233 19.339 4
    endloop
  endfacet
  facet normal 0 0 1
    outer loop
      vertex -22.1964 15.7045 4
      vertex -31.0799 19.6103 4
      vertex -30.9927 19.4798 4
    endloop
  endfacet
  facet normal 0 0 1
    outer loop
      vertex -22.1964 15.7045 4
      vertex -31.1834 19.7283 4
      vertex -31.0799 19.6103 4
    endloop
  endfacet
  facet normal 0 0 1
    outer loop
      vertex -22.1964 15.7045 4
      vertex -31.3014 19.8318 4
      vertex -31.1834 19.7283 4
    endloop
  endfacet
  facet normal 0 0 1
    outer loop
      vertex -22.1964 15.7045 4
      vertex -31.4319 19.919 4
      vertex -31.3014 19.8318 4
    endloop
  endfacet
  facet normal 0 0 1
    outer loop
      vertex -47.2562 35.7432 4
      vertex -31.4319 19.919 4
      vertex -22.1964 15.7045 4
    endloop
  endfacet
  facet normal 0 0 1
    outer loop
      vertex -33.191 -18.5692 4
      vertex -35 -20.4336 4
      vertex -33.2217 -18.7231 4
    endloop
  endfacet
  facet normal 0 0 1
    outer loop
      vertex -33.2217 19.0364 4
      vertex -35 20.4336 4
      vertex -33.2319 18.8798 4
    endloop
  endfacet
  facet normal 0 0 1
    outer loop
      vertex -33.191 19.1903 4
      vertex -35 20.4336 4
      vertex -33.2217 19.0364 4
    endloop
  endfacet
  facet normal 0 0 1
    outer loop
      vertex -33.1406 19.339 4
      vertex -35 20.4336 4
      vertex -33.191 19.1903 4
    endloop
  endfacet
  facet normal 0 0 1
    outer loop
      vertex -33.0712 19.4798 4
      vertex -35 20.4336 4
      vertex -33.1406 19.339 4
    endloop
  endfacet
  facet normal 0 0 1
    outer loop
      vertex -32.984 19.6103 4
      vertex -35 20.4336 4
      vertex -33.0712 19.4798 4
    endloop
  endfacet
  facet normal 0 0 1
    outer loop
      vertex -32.8805 19.7283 4
      vertex -35 20.4336 4
      vertex -32.984 19.6103 4
    endloop
  endfacet
  facet normal 0 0 1
    outer loop
      vertex -32.7625 19.8318 4
      vertex -35 20.4336 4
      vertex -32.8805 19.7283 4
    endloop
  endfacet
  facet normal 0 0 1
    outer loop
      vertex -32.6319 19.919 4
      vertex -35 20.4336 4
      vertex -32.7625 19.8318 4
    endloop
  endfacet
  facet normal 0 0 1
    outer loop
      vertex -32.4912 19.9884 4
      vertex -35 20.4336 4
      vertex -32.6319 19.919 4
    endloop
  endfacet
  facet normal 0 0 1
    outer loop
      vertex -32.3425 20.0389 4
      vertex -35 20.4336 4
      vertex -32.4912 19.9884 4
    endloop
  endfacet
  facet normal 0 0 1
    outer loop
      vertex -32.1886 20.0695 4
      vertex -35 20.4336 4
      vertex -32.3425 20.0389 4
    endloop
  endfacet
  facet normal 0 0 1
    outer loop
      vertex -32.0319 20.0798 4
      vertex -35 20.4336 4
      vertex -32.1886 20.0695 4
    endloop
  endfacet
  facet normal 0 0 1
    outer loop
      vertex -47.0954 35.1432 4
      vertex -32.0319 20.0798 4
      vertex -31.8753 20.0695 4
    endloop
  endfacet
  facet normal 0 0 1
    outer loop
      vertex -32.0319 20.0798 4
      vertex -47.0954 35.1432 4
      vertex -35 20.4336 4
    endloop
  endfacet
  facet normal 0 0 1
    outer loop
      vertex -47.1057 35.2998 4
      vertex -31.8753 20.0695 4
      vertex -31.7214 20.0389 4
    endloop
  endfacet
  facet normal 0 0 1
    outer loop
      vertex -47.1363 35.4538 4
      vertex -31.7214 20.0389 4
      vertex -31.5727 19.9884 4
    endloop
  endfacet
  facet normal 0 0 1
    outer loop
      vertex -31.4319 19.919 4
      vertex -47.2562 35.7432 4
      vertex -31.5727 19.9884 4
    endloop
  endfacet
  facet normal 0 0 1
    outer loop
      vertex -31.8753 20.0695 4
      vertex -47.1057 35.2998 4
      vertex -47.0954 35.1432 4
    endloop
  endfacet
  facet normal 0 0 1
    outer loop
      vertex -31.7214 20.0389 4
      vertex -47.1363 35.4538 4
      vertex -47.1057 35.2998 4
    endloop
  endfacet
  facet normal 0 0 1
    outer loop
      vertex -31.5727 19.9884 4
      vertex -47.1867 35.6024 4
      vertex -47.1363 35.4538 4
    endloop
  endfacet
  facet normal 0 0 1
    outer loop
      vertex -31.5727 19.9884 4
      vertex -47.2562 35.7432 4
      vertex -47.1867 35.6024 4
    endloop
  endfacet
  facet normal 0 0 1
    outer loop
      vertex -51.4707 44.9787 4
      vertex -47.2562 35.7432 4
      vertex -22.1964 15.7045 4
    endloop
  endfacet
  facet normal 0 0 1
    outer loop
      vertex -47.2562 35.7432 4
      vertex -51.4707 44.9787 4
      vertex -47.3434 35.8737 4
    endloop
  endfacet
  facet normal 0 0 1
    outer loop
      vertex -47.3434 35.8737 4
      vertex -51.4707 44.9787 4
      vertex -47.4469 35.9917 4
    endloop
  endfacet
  facet normal 0 0 1
    outer loop
      vertex -49.4545 35.4538 4
      vertex -57.1342 42.5678 4
      vertex -49.4851 35.2998 4
    endloop
  endfacet
  facet normal 0 0 1
    outer loop
      vertex -49.404 35.6024 4
      vertex -57.1342 42.5678 4
      vertex -49.4545 35.4538 4
    endloop
  endfacet
  facet normal 0 0 1
    outer loop
      vertex -49.3346 35.7432 4
      vertex -57.1342 42.5678 4
      vertex -49.404 35.6024 4
    endloop
  endfacet
  facet normal 0 0 1
    outer loop
      vertex -49.2474 35.8737 4
      vertex -57.1342 42.5678 4
      vertex -49.3346 35.7432 4
    endloop
  endfacet
  facet normal 0 0 1
    outer loop
      vertex -49.1439 35.9917 4
      vertex -57.1342 42.5678 4
      vertex -49.2474 35.8737 4
    endloop
  endfacet
  facet normal -0 0 1
    outer loop
      vertex -57.1342 42.5678 4
      vertex -49.1439 35.9917 4
      vertex -51.4707 44.9787 4
    endloop
  endfacet
  facet normal 0 0 1
    outer loop
      vertex -49.0259 36.0952 4
      vertex -51.4707 44.9787 4
      vertex -49.1439 35.9917 4
    endloop
  endfacet
  facet normal 0 0 1
    outer loop
      vertex -48.8954 36.1824 4
      vertex -51.4707 44.9787 4
      vertex -49.0259 36.0952 4
    endloop
  endfacet
  facet normal 0 0 1
    outer loop
      vertex -48.7546 36.2519 4
      vertex -51.4707 44.9787 4
      vertex -48.8954 36.1824 4
    endloop
  endfacet
  facet normal 0 0 1
    outer loop
      vertex -48.606 36.3023 4
      vertex -51.4707 44.9787 4
      vertex -48.7546 36.2519 4
    endloop
  endfacet
  facet normal 0 0 1
    outer loop
      vertex -48.452 36.3329 4
      vertex -51.4707 44.9787 4
      vertex -48.606 36.3023 4
    endloop
  endfacet
  facet normal 0 0 1
    outer loop
      vertex -48.2954 36.3432 4
      vertex -51.4707 44.9787 4
      vertex -48.452 36.3329 4
    endloop
  endfacet
  facet normal 0 0 1
    outer loop
      vertex -48.1388 36.3329 4
      vertex -51.4707 44.9787 4
      vertex -48.2954 36.3432 4
    endloop
  endfacet
  facet normal 0 0 1
    outer loop
      vertex -47.9848 36.3023 4
      vertex -51.4707 44.9787 4
      vertex -48.1388 36.3329 4
    endloop
  endfacet
  facet normal 0 0 1
    outer loop
      vertex -47.8362 36.2519 4
      vertex -51.4707 44.9787 4
      vertex -47.9848 36.3023 4
    endloop
  endfacet
  facet normal 0 0 1
    outer loop
      vertex -47.6954 36.1824 4
      vertex -51.4707 44.9787 4
      vertex -47.8362 36.2519 4
    endloop
  endfacet
  facet normal 0 0 1
    outer loop
      vertex -47.5649 36.0952 4
      vertex -51.4707 44.9787 4
      vertex -47.6954 36.1824 4
    endloop
  endfacet
  facet normal 0 0 1
    outer loop
      vertex -47.4469 35.9917 4
      vertex -51.4707 44.9787 4
      vertex -47.5649 36.0952 4
    endloop
  endfacet
  facet normal 0 0 1
    outer loop
      vertex 13.7778 14.4 4
      vertex -13.7778 14.4 4
      vertex 13.9013 14.2151 4
    endloop
  endfacet
  facet normal 0 0 1
    outer loop
      vertex 14.0479 -14.0479 4
      vertex -13.5645 -15.0281 4
      vertex -13.55 -15.25 4
    endloop
  endfacet
  facet normal 0 0 1
    outer loop
      vertex -13.9013 14.2151 4
      vertex 13.9013 14.2151 4
      vertex -13.7778 14.4 4
    endloop
  endfacet
  facet normal 0 0 1
    outer loop
      vertex 14.0479 -14.0479 4
      vertex -13.6079 -14.81 4
      vertex -13.5645 -15.0281 4
    endloop
  endfacet
  facet normal 0 0 1
    outer loop
      vertex 13.9013 14.2151 4
      vertex -13.9013 14.2151 4
      vertex 14.0479 14.0479 4
    endloop
  endfacet
  facet normal 0 0 1
    outer loop
      vertex 14.0479 -14.0479 4
      vertex -13.6794 -14.5994 4
      vertex -13.6079 -14.81 4
    endloop
  endfacet
  facet normal 0 0 1
    outer loop
      vertex -14.0479 14.0479 4
      vertex 14.0479 14.0479 4
      vertex -13.9013 14.2151 4
    endloop
  endfacet
  facet normal 0 0 1
    outer loop
      vertex 14.0479 -14.0479 4
      vertex -13.7778 -14.4 4
      vertex -13.6794 -14.5994 4
    endloop
  endfacet
  facet normal 0 0 1
    outer loop
      vertex 14.0479 14.0479 4
      vertex -14.0479 14.0479 4
      vertex 14.0479 -14.0479 4
    endloop
  endfacet
  facet normal 0 0 1
    outer loop
      vertex 14.0479 -14.0479 4
      vertex -13.9013 -14.2151 4
      vertex -13.7778 -14.4 4
    endloop
  endfacet
  facet normal 0 0 1
    outer loop
      vertex -14.0479 -14.0479 4
      vertex 14.0479 -14.0479 4
      vertex -14.0479 14.0479 4
    endloop
  endfacet
  facet normal 0 0 1
    outer loop
      vertex 14.0479 -14.0479 4
      vertex -14.0479 -14.0479 4
      vertex -13.9013 -14.2151 4
    endloop
  endfacet
  facet normal -0 0 1
    outer loop
      vertex -14.2151 13.9013 4
      vertex -14.0479 -14.0479 4
      vertex -14.0479 14.0479 4
    endloop
  endfacet
  facet normal 0 0 1
    outer loop
      vertex -14.2151 13.9013 4
      vertex -14.2151 -13.9013 4
      vertex -14.0479 -14.0479 4
    endloop
  endfacet
  facet normal -0 0 1
    outer loop
      vertex -14.4 13.7778 4
      vertex -14.2151 -13.9013 4
      vertex -14.2151 13.9013 4
    endloop
  endfacet
  facet normal 0 0 1
    outer loop
      vertex -14.4 13.7778 4
      vertex -14.4 -13.7778 4
      vertex -14.2151 -13.9013 4
    endloop
  endfacet
  facet normal -0 0 1
    outer loop
      vertex -14.5994 13.6794 4
      vertex -14.4 -13.7778 4
      vertex -14.4 13.7778 4
    endloop
  endfacet
  facet normal 0 0 1
    outer loop
      vertex -14.5994 13.6794 4
      vertex -14.5994 -13.6794 4
      vertex -14.4 -13.7778 4
    endloop
  endfacet
  facet normal -0 0 1
    outer loop
      vertex -14.81 13.6079 4
      vertex -14.5994 -13.6794 4
      vertex -14.5994 13.6794 4
    endloop
  endfacet
  facet normal 0 0 1
    outer loop
      vertex -14.81 13.6079 4
      vertex -14.81 -13.6079 4
      vertex -14.5994 -13.6794 4
    endloop
  endfacet
  facet normal -0 0 1
    outer loop
      vertex -15.0281 13.5645 4
      vertex -14.81 -13.6079 4
      vertex -14.81 13.6079 4
    endloop
  endfacet
  facet normal 0 0 1
    outer loop
      vertex -15.0281 13.5645 4
      vertex -15.0281 -13.5645 4
      vertex -14.81 -13.6079 4
    endloop
  endfacet
  facet normal -0 0 1
    outer loop
      vertex -15.25 13.55 4
      vertex -15.0281 -13.5645 4
      vertex -15.0281 13.5645 4
    endloop
  endfacet
  facet normal 0 0 1
    outer loop
      vertex -15.25 13.55 4
      vertex -15.25 -13.55 4
      vertex -15.0281 -13.5645 4
    endloop
  endfacet
  facet normal 0 0 1
    outer loop
      vertex -15.4719 13.5645 4
      vertex -15.25 -13.55 4
      vertex -15.25 13.55 4
    endloop
  endfacet
  facet normal 0 0 1
    outer loop
      vertex -15.4719 13.5645 4
      vertex -15.4719 -13.5645 4
      vertex -15.25 -13.55 4
    endloop
  endfacet
  facet normal 0 0 1
    outer loop
      vertex -15.69 13.6079 4
      vertex -15.4719 -13.5645 4
      vertex -15.4719 13.5645 4
    endloop
  endfacet
  facet normal 0 0 1
    outer loop
      vertex -15.69 13.6079 4
      vertex -15.69 -13.6079 4
      vertex -15.4719 -13.5645 4
    endloop
  endfacet
  facet normal 0 0 1
    outer loop
      vertex -15.9006 13.6794 4
      vertex -15.69 -13.6079 4
      vertex -15.69 13.6079 4
    endloop
  endfacet
  facet normal 0 0 1
    outer loop
      vertex -15.9006 13.6794 4
      vertex -15.9006 -13.6794 4
      vertex -15.69 -13.6079 4
    endloop
  endfacet
  facet normal 0 0 1
    outer loop
      vertex -16.1 13.7778 4
      vertex -15.9006 -13.6794 4
      vertex -15.9006 13.6794 4
    endloop
  endfacet
  facet normal 0 0 1
    outer loop
      vertex -16.1 13.7778 4
      vertex -16.1 -13.7778 4
      vertex -15.9006 -13.6794 4
    endloop
  endfacet
  facet normal 0 0 1
    outer loop
      vertex -22.1964 15.7045 4
      vertex -16.1 13.7778 4
      vertex -16.2849 13.9013 4
    endloop
  endfacet
  facet normal 0 0 1
    outer loop
      vertex -16.1 13.7778 4
      vertex -22.1964 15.7045 4
      vertex -16.1 -13.7778 4
    endloop
  endfacet
  facet normal 0 0 1
    outer loop
      vertex -22.1964 15.7045 4
      vertex -16.2849 13.9013 4
      vertex -16.4521 14.0479 4
    endloop
  endfacet
  facet normal 0 0 1
    outer loop
      vertex -22.1964 -15.7045 4
      vertex -16.1 -13.7778 4
      vertex -22.1964 15.7045 4
    endloop
  endfacet
  facet normal 0 0 1
    outer loop
      vertex -22.1964 15.7045 4
      vertex -16.4521 14.0479 4
      vertex -16.5987 14.2151 4
    endloop
  endfacet
  facet normal 0 0 1
    outer loop
      vertex -16.1 -13.7778 4
      vertex -22.1964 -15.7045 4
      vertex -16.2849 -13.9013 4
    endloop
  endfacet
  facet normal 0 0 1
    outer loop
      vertex -22.1964 15.7045 4
      vertex -16.5987 14.2151 4
      vertex -16.7222 14.4 4
    endloop
  endfacet
  facet normal 0 0 1
    outer loop
      vertex -16.2849 -13.9013 4
      vertex -22.1964 -15.7045 4
      vertex -16.4521 -14.0479 4
    endloop
  endfacet
  facet normal 0 0 1
    outer loop
      vertex -22.1964 15.7045 4
      vertex -16.7222 14.4 4
      vertex -16.8206 14.5994 4
    endloop
  endfacet
  facet normal 0 0 1
    outer loop
      vertex -16.4521 -14.0479 4
      vertex -22.1964 -15.7045 4
      vertex -16.5987 -14.2151 4
    endloop
  endfacet
  facet normal 0 0 1
    outer loop
      vertex -22.1964 15.7045 4
      vertex -16.8206 14.5994 4
      vertex -16.8921 14.81 4
    endloop
  endfacet
  facet normal 0 0 1
    outer loop
      vertex -16.5987 -14.2151 4
      vertex -22.1964 -15.7045 4
      vertex -16.7222 -14.4 4
    endloop
  endfacet
  facet normal 0 0 1
    outer loop
      vertex -22.1964 15.7045 4
      vertex -16.8921 14.81 4
      vertex -16.9355 15.0281 4
    endloop
  endfacet
  facet normal 0 0 1
    outer loop
      vertex -16.7222 -14.4 4
      vertex -22.1964 -15.7045 4
      vertex -16.8206 -14.5994 4
    endloop
  endfacet
  facet normal 0 0 1
    outer loop
      vertex -22.1964 15.7045 4
      vertex -16.9355 15.0281 4
      vertex -16.95 15.25 4
    endloop
  endfacet
  facet normal 0 0 1
    outer loop
      vertex -16.8206 -14.5994 4
      vertex -22.1964 -15.7045 4
      vertex -16.8921 -14.81 4
    endloop
  endfacet
  facet normal 0 0 1
    outer loop
      vertex -15.7045 22.1964 4
      vertex -15.9006 16.8206 4
      vertex -15.69 16.8921 4
    endloop
  endfacet
  facet normal 0 0 1
    outer loop
      vertex -15.7045 22.1964 4
      vertex -16.1 16.7222 4
      vertex -15.9006 16.8206 4
    endloop
  endfacet
  facet normal 0 0 1
    outer loop
      vertex -15.7045 22.1964 4
      vertex -16.2849 16.5987 4
      vertex -16.1 16.7222 4
    endloop
  endfacet
  facet normal 0 0 1
    outer loop
      vertex -15.7045 22.1964 4
      vertex -16.4521 16.4521 4
      vertex -16.2849 16.5987 4
    endloop
  endfacet
  facet normal 0 0 1
    outer loop
      vertex -22.1964 15.7045 4
      vertex -16.4521 16.4521 4
      vertex -15.7045 22.1964 4
    endloop
  endfacet
  facet normal 0 0 1
    outer loop
      vertex -16.4521 16.4521 4
      vertex -22.1964 15.7045 4
      vertex -16.5987 16.2849 4
    endloop
  endfacet
  facet normal 0 0 1
    outer loop
      vertex -16.5987 16.2849 4
      vertex -22.1964 15.7045 4
      vertex -16.7222 16.1 4
    endloop
  endfacet
  facet normal 0 0 1
    outer loop
      vertex -16.7222 16.1 4
      vertex -22.1964 15.7045 4
      vertex -16.8206 15.9006 4
    endloop
  endfacet
  facet normal 0 0 1
    outer loop
      vertex -16.8206 15.9006 4
      vertex -22.1964 15.7045 4
      vertex -16.8921 15.69 4
    endloop
  endfacet
  facet normal 0 0 1
    outer loop
      vertex -16.8921 -14.81 4
      vertex -22.1964 -15.7045 4
      vertex -16.9355 -15.0281 4
    endloop
  endfacet
  facet normal 0 0 1
    outer loop
      vertex -16.9355 15.4719 4
      vertex -22.1964 15.7045 4
      vertex -16.95 15.25 4
    endloop
  endfacet
  facet normal 0 0 1
    outer loop
      vertex -16.8921 15.69 4
      vertex -22.1964 15.7045 4
      vertex -16.9355 15.4719 4
    endloop
  endfacet
  facet normal 0 0 1
    outer loop
      vertex 16.8206 14.5994 4
      vertex 22.1964 15.7045 4
      vertex 16.8921 14.81 4
    endloop
  endfacet
  facet normal 0 0 1
    outer loop
      vertex 22.1964 -15.7045 4
      vertex 16.9355 -15.0281 4
      vertex 16.95 -15.25 4
    endloop
  endfacet
  facet normal 0 0 1
    outer loop
      vertex 16.7222 14.4 4
      vertex 22.1964 15.7045 4
      vertex 16.8206 14.5994 4
    endloop
  endfacet
  facet normal 0 0 1
    outer loop
      vertex 22.1964 -15.7045 4
      vertex 16.8921 -14.81 4
      vertex 16.9355 -15.0281 4
    endloop
  endfacet
  facet normal 0 0 1
    outer loop
      vertex 16.5987 14.2151 4
      vertex 22.1964 15.7045 4
      vertex 16.7222 14.4 4
    endloop
  endfacet
  facet normal 0 0 1
    outer loop
      vertex 22.1964 -15.7045 4
      vertex 16.8206 -14.5994 4
      vertex 16.8921 -14.81 4
    endloop
  endfacet
  facet normal 0 0 1
    outer loop
      vertex 16.4521 14.0479 4
      vertex 22.1964 15.7045 4
      vertex 16.5987 14.2151 4
    endloop
  endfacet
  facet normal 0 0 1
    outer loop
      vertex 22.1964 -15.7045 4
      vertex 16.7222 -14.4 4
      vertex 16.8206 -14.5994 4
    endloop
  endfacet
  facet normal 0 0 1
    outer loop
      vertex 16.2849 13.9013 4
      vertex 22.1964 15.7045 4
      vertex 16.4521 14.0479 4
    endloop
  endfacet
  facet normal 0 0 1
    outer loop
      vertex 22.1964 -15.7045 4
      vertex 16.5987 -14.2151 4
      vertex 16.7222 -14.4 4
    endloop
  endfacet
  facet normal 0 0 1
    outer loop
      vertex 16.1 13.7778 4
      vertex 22.1964 15.7045 4
      vertex 16.2849 13.9013 4
    endloop
  endfacet
  facet normal 0 0 1
    outer loop
      vertex 22.1964 -15.7045 4
      vertex 16.4521 -14.0479 4
      vertex 16.5987 -14.2151 4
    endloop
  endfacet
  facet normal 0 0 1
    outer loop
      vertex 22.1964 15.7045 4
      vertex 16.1 13.7778 4
      vertex 22.1964 -15.7045 4
    endloop
  endfacet
  facet normal 0 0 1
    outer loop
      vertex 22.1964 -15.7045 4
      vertex 16.2849 -13.9013 4
      vertex 16.4521 -14.0479 4
    endloop
  endfacet
  facet normal -0 0 1
    outer loop
      vertex 16.1 -13.7778 4
      vertex 22.1964 -15.7045 4
      vertex 16.1 13.7778 4
    endloop
  endfacet
  facet normal 0 0 1
    outer loop
      vertex 22.1964 -15.7045 4
      vertex 16.1 -13.7778 4
      vertex 16.2849 -13.9013 4
    endloop
  endfacet
  facet normal -0 0 1
    outer loop
      vertex 15.9006 13.6794 4
      vertex 16.1 -13.7778 4
      vertex 16.1 13.7778 4
    endloop
  endfacet
  facet normal 0 0 1
    outer loop
      vertex 15.9006 13.6794 4
      vertex 15.9006 -13.6794 4
      vertex 16.1 -13.7778 4
    endloop
  endfacet
  facet normal -0 0 1
    outer loop
      vertex 15.69 13.6079 4
      vertex 15.9006 -13.6794 4
      vertex 15.9006 13.6794 4
    endloop
  endfacet
  facet normal 0 0 1
    outer loop
      vertex 15.69 13.6079 4
      vertex 15.69 -13.6079 4
      vertex 15.9006 -13.6794 4
    endloop
  endfacet
  facet normal -0 0 1
    outer loop
      vertex 15.4719 13.5645 4
      vertex 15.69 -13.6079 4
      vertex 15.69 13.6079 4
    endloop
  endfacet
  facet normal 0 0 1
    outer loop
      vertex 15.4719 13.5645 4
      vertex 15.4719 -13.5645 4
      vertex 15.69 -13.6079 4
    endloop
  endfacet
  facet normal -0 0 1
    outer loop
      vertex 15.25 13.55 4
      vertex 15.4719 -13.5645 4
      vertex 15.4719 13.5645 4
    endloop
  endfacet
  facet normal 0 0 1
    outer loop
      vertex 15.25 13.55 4
      vertex 15.25 -13.55 4
      vertex 15.4719 -13.5645 4
    endloop
  endfacet
  facet normal 0 0 1
    outer loop
      vertex 15.0281 13.5645 4
      vertex 15.25 -13.55 4
      vertex 15.25 13.55 4
    endloop
  endfacet
  facet normal 0 0 1
    outer loop
      vertex 15.0281 13.5645 4
      vertex 15.0281 -13.5645 4
      vertex 15.25 -13.55 4
    endloop
  endfacet
  facet normal 0 0 1
    outer loop
      vertex 14.81 13.6079 4
      vertex 15.0281 -13.5645 4
      vertex 15.0281 13.5645 4
    endloop
  endfacet
  facet normal 0 0 1
    outer loop
      vertex 14.81 13.6079 4
      vertex 14.81 -13.6079 4
      vertex 15.0281 -13.5645 4
    endloop
  endfacet
  facet normal 0 0 1
    outer loop
      vertex 14.5994 13.6794 4
      vertex 14.81 -13.6079 4
      vertex 14.81 13.6079 4
    endloop
  endfacet
  facet normal 0 0 1
    outer loop
      vertex 14.5994 13.6794 4
      vertex 14.5994 -13.6794 4
      vertex 14.81 -13.6079 4
    endloop
  endfacet
  facet normal 0 0 1
    outer loop
      vertex 14.4 13.7778 4
      vertex 14.5994 -13.6794 4
      vertex 14.5994 13.6794 4
    endloop
  endfacet
  facet normal 0 0 1
    outer loop
      vertex 14.4 13.7778 4
      vertex 14.4 -13.7778 4
      vertex 14.5994 -13.6794 4
    endloop
  endfacet
  facet normal 0 0 1
    outer loop
      vertex 14.2151 13.9013 4
      vertex 14.4 -13.7778 4
      vertex 14.4 13.7778 4
    endloop
  endfacet
  facet normal 0 0 1
    outer loop
      vertex 14.2151 13.9013 4
      vertex 14.2151 -13.9013 4
      vertex 14.4 -13.7778 4
    endloop
  endfacet
  facet normal 0 0 1
    outer loop
      vertex 14.0479 14.0479 4
      vertex 14.2151 -13.9013 4
      vertex 14.2151 13.9013 4
    endloop
  endfacet
  facet normal 0 0 1
    outer loop
      vertex 14.0479 14.0479 4
      vertex 14.0479 -14.0479 4
      vertex 14.2151 -13.9013 4
    endloop
  endfacet
  facet normal 0 0 1
    outer loop
      vertex -13.6794 14.5994 4
      vertex 13.6794 14.5994 4
      vertex -13.6079 14.81 4
    endloop
  endfacet
  facet normal 0 0 1
    outer loop
      vertex 13.6794 14.5994 4
      vertex -13.6794 14.5994 4
      vertex 13.7778 14.4 4
    endloop
  endfacet
  facet normal 0 0 1
    outer loop
      vertex 13.6079 14.81 4
      vertex -13.6079 14.81 4
      vertex 13.6794 14.5994 4
    endloop
  endfacet
  facet normal 0 0 1
    outer loop
      vertex -13.7778 14.4 4
      vertex 13.7778 14.4 4
      vertex -13.6794 14.5994 4
    endloop
  endfacet
  facet normal 0 0 1
    outer loop
      vertex -13.6079 14.81 4
      vertex 13.6079 14.81 4
      vertex -13.5645 15.0281 4
    endloop
  endfacet
  facet normal 0 0 1
    outer loop
      vertex 14.0479 -14.0479 4
      vertex -13.55 -15.25 4
      vertex 13.9013 -14.2151 4
    endloop
  endfacet
  facet normal 0 0 1
    outer loop
      vertex 13.5645 15.0281 4
      vertex -13.5645 15.0281 4
      vertex 13.6079 14.81 4
    endloop
  endfacet
  facet normal 0 0 1
    outer loop
      vertex 13.9013 -14.2151 4
      vertex -13.55 -15.25 4
      vertex 13.7778 -14.4 4
    endloop
  endfacet
  facet normal 0 0 1
    outer loop
      vertex -13.5645 15.0281 4
      vertex 13.5645 15.0281 4
      vertex -13.55 15.25 4
    endloop
  endfacet
  facet normal 0 0 1
    outer loop
      vertex 13.7778 -14.4 4
      vertex -13.55 -15.25 4
      vertex 13.6794 -14.5994 4
    endloop
  endfacet
  facet normal -0 0 1
    outer loop
      vertex -13.55 15.25 4
      vertex 13.5645 15.0281 4
      vertex 13.55 15.25 4
    endloop
  endfacet
  facet normal 0 0 1
    outer loop
      vertex 13.6794 -14.5994 4
      vertex -13.55 -15.25 4
      vertex 13.6079 -14.81 4
    endloop
  endfacet
  facet normal 0 0 1
    outer loop
      vertex 16.8921 14.81 4
      vertex 22.1964 15.7045 4
      vertex 16.9355 15.0281 4
    endloop
  endfacet
  facet normal -0 0 1
    outer loop
      vertex 16.9355 -15.4719 4
      vertex 22.1964 -15.7045 4
      vertex 16.95 -15.25 4
    endloop
  endfacet
  facet normal -0 0 1
    outer loop
      vertex 16.8921 -15.69 4
      vertex 22.1964 -15.7045 4
      vertex 16.9355 -15.4719 4
    endloop
  endfacet
  facet normal 0 0 1
    outer loop
      vertex 16.8206 -15.9006 4
      vertex 22.1964 -15.7045 4
      vertex 16.8921 -15.69 4
    endloop
  endfacet
  facet normal 0 0 1
    outer loop
      vertex 16.7222 -16.1 4
      vertex 22.1964 -15.7045 4
      vertex 16.8206 -15.9006 4
    endloop
  endfacet
  facet normal 0 0 1
    outer loop
      vertex 16.5987 -16.2849 4
      vertex 22.1964 -15.7045 4
      vertex 16.7222 -16.1 4
    endloop
  endfacet
  facet normal 0 0 1
    outer loop
      vertex 16.4521 -16.4521 4
      vertex 22.1964 -15.7045 4
      vertex 16.5987 -16.2849 4
    endloop
  endfacet
  facet normal 0 0 1
    outer loop
      vertex 15.7045 -22.1964 4
      vertex 16.4521 -16.4521 4
      vertex 16.2849 -16.5987 4
    endloop
  endfacet
  facet normal 0 0 1
    outer loop
      vertex 15.7045 -22.1964 4
      vertex 16.2849 -16.5987 4
      vertex 16.1 -16.7222 4
    endloop
  endfacet
  facet normal 0 0 1
    outer loop
      vertex 15.7045 -22.1964 4
      vertex 16.1 -16.7222 4
      vertex 15.9006 -16.8206 4
    endloop
  endfacet
  facet normal -0 0 1
    outer loop
      vertex 16.4521 -16.4521 4
      vertex 15.7045 -22.1964 4
      vertex 22.1964 -15.7045 4
    endloop
  endfacet
  facet normal 0 -0 1
    outer loop
      vertex 15.7045 -22.1964 4
      vertex 15.9006 -16.8206 4
      vertex 15.69 -16.8921 4
    endloop
  endfacet
  facet normal 0 0 1
    outer loop
      vertex 20.4336 35 4
      vertex 20.0695 32.1886 4
      vertex 20.0798 32.0319 4
    endloop
  endfacet
  facet normal 0 0 1
    outer loop
      vertex 20.4336 35 4
      vertex 20.0389 32.3425 4
      vertex 20.0695 32.1886 4
    endloop
  endfacet
  facet normal 0 0 1
    outer loop
      vertex 20.4336 35 4
      vertex 19.9884 32.4912 4
      vertex 20.0389 32.3425 4
    endloop
  endfacet
  facet normal 0 0 1
    outer loop
      vertex 20.4336 35 4
      vertex 19.919 32.6319 4
      vertex 19.9884 32.4912 4
    endloop
  endfacet
  facet normal 0 0 1
    outer loop
      vertex 20.4336 35 4
      vertex 19.8318 32.7625 4
      vertex 19.919 32.6319 4
    endloop
  endfacet
  facet normal 0 0 1
    outer loop
      vertex 20.4336 35 4
      vertex 19.7283 32.8805 4
      vertex 19.8318 32.7625 4
    endloop
  endfacet
  facet normal 0 0 1
    outer loop
      vertex 20.4336 35 4
      vertex 19.6103 32.984 4
      vertex 19.7283 32.8805 4
    endloop
  endfacet
  facet normal 0 0 1
    outer loop
      vertex 20.4336 35 4
      vertex 19.4798 33.0712 4
      vertex 19.6103 32.984 4
    endloop
  endfacet
  facet normal 0 0 1
    outer loop
      vertex 20.4336 35 4
      vertex 19.339 33.1406 4
      vertex 19.4798 33.0712 4
    endloop
  endfacet
  facet normal 0 0 1
    outer loop
      vertex 20.4336 35 4
      vertex 19.1903 33.191 4
      vertex 19.339 33.1406 4
    endloop
  endfacet
  facet normal 0 0 1
    outer loop
      vertex 20.4336 35 4
      vertex 19.0364 33.2217 4
      vertex 19.1903 33.191 4
    endloop
  endfacet
  facet normal 0 0 1
    outer loop
      vertex 20.4336 35 4
      vertex 18.8798 33.2319 4
      vertex 19.0364 33.2217 4
    endloop
  endfacet
  facet normal 0 0 1
    outer loop
      vertex 20.4336 35 4
      vertex 18.7231 33.2217 4
      vertex 18.8798 33.2319 4
    endloop
  endfacet
  facet normal 0 0 1
    outer loop
      vertex 20.4336 35 4
      vertex 18.5692 33.191 4
      vertex 18.7231 33.2217 4
    endloop
  endfacet
  facet normal 0 0 1
    outer loop
      vertex 20.4336 35 4
      vertex 18.4205 33.1406 4
      vertex 18.5692 33.191 4
    endloop
  endfacet
  facet normal 0 0 1
    outer loop
      vertex 20.4336 35 4
      vertex 18.2798 33.0712 4
      vertex 18.4205 33.1406 4
    endloop
  endfacet
  facet normal 0 0 1
    outer loop
      vertex 20.4336 35 4
      vertex 18.1492 32.984 4
      vertex 18.2798 33.0712 4
    endloop
  endfacet
  facet normal 0 0 1
    outer loop
      vertex -18.1492 32.984 4
      vertex 18.1492 32.984 4
      vertex 20.4336 35 4
    endloop
  endfacet
  facet normal 0 0 1
    outer loop
      vertex -17.6798 32.0319 4
      vertex 17.6798 32.0319 4
      vertex 17.69 32.1886 4
    endloop
  endfacet
  facet normal 0 0 1
    outer loop
      vertex 15.7045 22.1964 4
      vertex 15.4719 16.9355 4
      vertex 15.69 16.8921 4
    endloop
  endfacet
  facet normal 0 0 1
    outer loop
      vertex 15.7045 22.1964 4
      vertex 15.25 16.95 4
      vertex 15.4719 16.9355 4
    endloop
  endfacet
  facet normal 0 0 1
    outer loop
      vertex 15.7045 22.1964 4
      vertex 15.0281 16.9355 4
      vertex 15.25 16.95 4
    endloop
  endfacet
  facet normal 0 0 1
    outer loop
      vertex 15.7045 22.1964 4
      vertex 14.81 16.8921 4
      vertex 15.0281 16.9355 4
    endloop
  endfacet
  facet normal 0 0 1
    outer loop
      vertex 15.7045 22.1964 4
      vertex 14.5994 16.8206 4
      vertex 14.81 16.8921 4
    endloop
  endfacet
  facet normal 0 0 1
    outer loop
      vertex 17.69 31.8753 4
      vertex -15.7045 22.1964 4
      vertex 15.7045 22.1964 4
    endloop
  endfacet
  facet normal 0 0 1
    outer loop
      vertex -17.69 32.1886 4
      vertex 17.69 32.1886 4
      vertex 17.7206 32.3425 4
    endloop
  endfacet
  facet normal 0 0 1
    outer loop
      vertex 15.7045 22.1964 4
      vertex 14.4 16.7222 4
      vertex 14.5994 16.8206 4
    endloop
  endfacet
  facet normal 0 0 1
    outer loop
      vertex 15.7045 22.1964 4
      vertex 14.2151 16.5987 4
      vertex 14.4 16.7222 4
    endloop
  endfacet
  facet normal 0 0 1
    outer loop
      vertex 15.7045 22.1964 4
      vertex 14.0479 16.4521 4
      vertex 14.2151 16.5987 4
    endloop
  endfacet
  facet normal 0 0 1
    outer loop
      vertex 15.7045 22.1964 4
      vertex 13.9013 16.2849 4
      vertex 14.0479 16.4521 4
    endloop
  endfacet
  facet normal 0 -0 1
    outer loop
      vertex 13.7778 16.1 4
      vertex 15.7045 22.1964 4
      vertex -15.7045 22.1964 4
    endloop
  endfacet
  facet normal 0 0 1
    outer loop
      vertex 15.7045 22.1964 4
      vertex 13.7778 16.1 4
      vertex 13.9013 16.2849 4
    endloop
  endfacet
  facet normal 0 -0 1
    outer loop
      vertex -13.7778 16.1 4
      vertex 13.7778 16.1 4
      vertex -15.7045 22.1964 4
    endloop
  endfacet
  facet normal 0 0 1
    outer loop
      vertex 13.6079 -14.81 4
      vertex -13.55 -15.25 4
      vertex 13.5645 -15.0281 4
    endloop
  endfacet
  facet normal 0 0 1
    outer loop
      vertex 13.5645 15.4719 4
      vertex -13.55 15.25 4
      vertex 13.55 15.25 4
    endloop
  endfacet
  facet normal 0 0 1
    outer loop
      vertex -13.5645 15.4719 4
      vertex 13.5645 15.4719 4
      vertex 13.6079 15.69 4
    endloop
  endfacet
  facet normal 0 0 1
    outer loop
      vertex 13.7778 16.1 4
      vertex -13.7778 16.1 4
      vertex 13.6794 15.9006 4
    endloop
  endfacet
  facet normal 0 0 1
    outer loop
      vertex -17.7206 32.3425 4
      vertex 17.7206 32.3425 4
      vertex 17.7711 32.4912 4
    endloop
  endfacet
  facet normal 0 0 1
    outer loop
      vertex -17.7711 32.4912 4
      vertex 17.7711 32.4912 4
      vertex 17.8405 32.6319 4
    endloop
  endfacet
  facet normal 0 0 1
    outer loop
      vertex -17.8405 32.6319 4
      vertex 17.8405 32.6319 4
      vertex 17.9277 32.7625 4
    endloop
  endfacet
  facet normal 0 0 1
    outer loop
      vertex -17.9277 32.7625 4
      vertex 17.9277 32.7625 4
      vertex 18.0312 32.8805 4
    endloop
  endfacet
  facet normal 0 0 1
    outer loop
      vertex 18.1492 32.984 4
      vertex -18.1492 32.984 4
      vertex 18.0312 32.8805 4
    endloop
  endfacet
  facet normal 0 0 1
    outer loop
      vertex 13.5645 15.4719 4
      vertex -13.5645 15.4719 4
      vertex -13.55 15.25 4
    endloop
  endfacet
  facet normal 0 0 1
    outer loop
      vertex 13.6079 15.69 4
      vertex -13.6079 15.69 4
      vertex -13.5645 15.4719 4
    endloop
  endfacet
  facet normal 0 0 1
    outer loop
      vertex 13.6079 15.69 4
      vertex -13.6794 15.9006 4
      vertex -13.6079 15.69 4
    endloop
  endfacet
  facet normal 0 0 1
    outer loop
      vertex 13.6794 15.9006 4
      vertex -13.6794 15.9006 4
      vertex 13.6079 15.69 4
    endloop
  endfacet
  facet normal 0 -0 1
    outer loop
      vertex -13.6794 15.9006 4
      vertex 13.6794 15.9006 4
      vertex -13.7778 16.1 4
    endloop
  endfacet
  facet normal 0 0 1
    outer loop
      vertex -13.7778 16.1 4
      vertex -15.7045 22.1964 4
      vertex -13.9013 16.2849 4
    endloop
  endfacet
  facet normal 0 0 1
    outer loop
      vertex -13.9013 16.2849 4
      vertex -15.7045 22.1964 4
      vertex -14.0479 16.4521 4
    endloop
  endfacet
  facet normal 0 0 1
    outer loop
      vertex -14.0479 16.4521 4
      vertex -15.7045 22.1964 4
      vertex -14.2151 16.5987 4
    endloop
  endfacet
  facet normal 0 0 1
    outer loop
      vertex -14.2151 16.5987 4
      vertex -15.7045 22.1964 4
      vertex -14.4 16.7222 4
    endloop
  endfacet
  facet normal 0 0 1
    outer loop
      vertex -14.4 16.7222 4
      vertex -15.7045 22.1964 4
      vertex -14.5994 16.8206 4
    endloop
  endfacet
  facet normal 0 0 1
    outer loop
      vertex -14.5994 16.8206 4
      vertex -15.7045 22.1964 4
      vertex -14.81 16.8921 4
    endloop
  endfacet
  facet normal 0 0 1
    outer loop
      vertex -14.81 16.8921 4
      vertex -15.7045 22.1964 4
      vertex -15.0281 16.9355 4
    endloop
  endfacet
  facet normal 0 0 1
    outer loop
      vertex -15.0281 16.9355 4
      vertex -15.7045 22.1964 4
      vertex -15.25 16.95 4
    endloop
  endfacet
  facet normal 0 0 1
    outer loop
      vertex -15.25 16.95 4
      vertex -15.7045 22.1964 4
      vertex -15.4719 16.9355 4
    endloop
  endfacet
  facet normal 0 0 1
    outer loop
      vertex -15.4719 16.9355 4
      vertex -15.7045 22.1964 4
      vertex -15.69 16.8921 4
    endloop
  endfacet
  facet normal 0 0 1
    outer loop
      vertex -17.69 31.8753 4
      vertex 17.6798 32.0319 4
      vertex -17.6798 32.0319 4
    endloop
  endfacet
  facet normal 0 0 1
    outer loop
      vertex 17.69 32.1886 4
      vertex -17.69 32.1886 4
      vertex -17.6798 32.0319 4
    endloop
  endfacet
  facet normal 0 0 1
    outer loop
      vertex 17.7206 32.3425 4
      vertex -17.7206 32.3425 4
      vertex -17.69 32.1886 4
    endloop
  endfacet
  facet normal 0 0 1
    outer loop
      vertex 17.7711 32.4912 4
      vertex -17.7711 32.4912 4
      vertex -17.7206 32.3425 4
    endloop
  endfacet
  facet normal 0 0 1
    outer loop
      vertex 17.8405 32.6319 4
      vertex -17.8405 32.6319 4
      vertex -17.7711 32.4912 4
    endloop
  endfacet
  facet normal 0 0 1
    outer loop
      vertex 17.9277 32.7625 4
      vertex -17.9277 32.7625 4
      vertex -17.8405 32.6319 4
    endloop
  endfacet
  facet normal 0 0 1
    outer loop
      vertex 18.0312 32.8805 4
      vertex -18.0312 32.8805 4
      vertex -17.9277 32.7625 4
    endloop
  endfacet
  facet normal 0 0 1
    outer loop
      vertex 18.0312 32.8805 4
      vertex -18.1492 32.984 4
      vertex -18.0312 32.8805 4
    endloop
  endfacet
  facet normal -0 0 1
    outer loop
      vertex -20.4336 35 4
      vertex -18.1492 32.984 4
      vertex 20.4336 35 4
    endloop
  endfacet
  facet normal 0 0 1
    outer loop
      vertex -18.1492 32.984 4
      vertex -20.4336 35 4
      vertex -18.2798 33.0712 4
    endloop
  endfacet
  facet normal 0 0 1
    outer loop
      vertex -18.2798 33.0712 4
      vertex -20.4336 35 4
      vertex -18.4205 33.1406 4
    endloop
  endfacet
  facet normal 0 0 1
    outer loop
      vertex -18.4205 33.1406 4
      vertex -20.4336 35 4
      vertex -18.5692 33.191 4
    endloop
  endfacet
  facet normal 0 0 1
    outer loop
      vertex -18.5692 33.191 4
      vertex -20.4336 35 4
      vertex -18.7231 33.2217 4
    endloop
  endfacet
  facet normal 0 0 1
    outer loop
      vertex -20.0695 32.1886 4
      vertex -20.4336 35 4
      vertex -20.0798 32.0319 4
    endloop
  endfacet
  facet normal 0 0 1
    outer loop
      vertex -20.0389 32.3425 4
      vertex -20.4336 35 4
      vertex -20.0695 32.1886 4
    endloop
  endfacet
  facet normal 0 0 1
    outer loop
      vertex -19.9884 32.4912 4
      vertex -20.4336 35 4
      vertex -20.0389 32.3425 4
    endloop
  endfacet
  facet normal 0 0 1
    outer loop
      vertex -19.919 32.6319 4
      vertex -20.4336 35 4
      vertex -19.9884 32.4912 4
    endloop
  endfacet
  facet normal 0 0 1
    outer loop
      vertex -19.8318 32.7625 4
      vertex -20.4336 35 4
      vertex -19.919 32.6319 4
    endloop
  endfacet
  facet normal 0 0 1
    outer loop
      vertex -19.7283 32.8805 4
      vertex -20.4336 35 4
      vertex -19.8318 32.7625 4
    endloop
  endfacet
  facet normal 0 0 1
    outer loop
      vertex -19.6103 32.984 4
      vertex -20.4336 35 4
      vertex -19.7283 32.8805 4
    endloop
  endfacet
  facet normal 0 0 1
    outer loop
      vertex -19.4798 33.0712 4
      vertex -20.4336 35 4
      vertex -19.6103 32.984 4
    endloop
  endfacet
  facet normal 0 0 1
    outer loop
      vertex -19.339 33.1406 4
      vertex -20.4336 35 4
      vertex -19.4798 33.0712 4
    endloop
  endfacet
  facet normal 0 0 1
    outer loop
      vertex -19.1903 33.191 4
      vertex -20.4336 35 4
      vertex -19.339 33.1406 4
    endloop
  endfacet
  facet normal 0 0 1
    outer loop
      vertex -19.0364 33.2217 4
      vertex -20.4336 35 4
      vertex -19.1903 33.191 4
    endloop
  endfacet
  facet normal 0 0 1
    outer loop
      vertex -18.8798 33.2319 4
      vertex -20.4336 35 4
      vertex -19.0364 33.2217 4
    endloop
  endfacet
  facet normal 0 0 1
    outer loop
      vertex -18.7231 33.2217 4
      vertex -20.4336 35 4
      vertex -18.8798 33.2319 4
    endloop
  endfacet
  facet normal -0 0 1
    outer loop
      vertex 20.0695 -32.1886 4
      vertex 20.4336 -35 4
      vertex 20.0798 -32.0319 4
    endloop
  endfacet
  facet normal -0 0 1
    outer loop
      vertex 20.0389 -32.3425 4
      vertex 20.4336 -35 4
      vertex 20.0695 -32.1886 4
    endloop
  endfacet
  facet normal -0 0 1
    outer loop
      vertex 19.9884 -32.4912 4
      vertex 20.4336 -35 4
      vertex 20.0389 -32.3425 4
    endloop
  endfacet
  facet normal -0 0 1
    outer loop
      vertex 19.919 -32.6319 4
      vertex 20.4336 -35 4
      vertex 19.9884 -32.4912 4
    endloop
  endfacet
  facet normal -0 0 1
    outer loop
      vertex 19.8318 -32.7625 4
      vertex 20.4336 -35 4
      vertex 19.919 -32.6319 4
    endloop
  endfacet
  facet normal -0 0 1
    outer loop
      vertex 19.7283 -32.8805 4
      vertex 20.4336 -35 4
      vertex 19.8318 -32.7625 4
    endloop
  endfacet
  facet normal -0 0 1
    outer loop
      vertex 19.6103 -32.984 4
      vertex 20.4336 -35 4
      vertex 19.7283 -32.8805 4
    endloop
  endfacet
  facet normal -0 0 1
    outer loop
      vertex 19.4798 -33.0712 4
      vertex 20.4336 -35 4
      vertex 19.6103 -32.984 4
    endloop
  endfacet
  facet normal -0 0 1
    outer loop
      vertex 19.339 -33.1406 4
      vertex 20.4336 -35 4
      vertex 19.4798 -33.0712 4
    endloop
  endfacet
  facet normal -0 0 1
    outer loop
      vertex 19.1903 -33.191 4
      vertex 20.4336 -35 4
      vertex 19.339 -33.1406 4
    endloop
  endfacet
  facet normal -0 0 1
    outer loop
      vertex 19.0364 -33.2217 4
      vertex 20.4336 -35 4
      vertex 19.1903 -33.191 4
    endloop
  endfacet
  facet normal -0 0 1
    outer loop
      vertex 18.8798 -33.2319 4
      vertex 20.4336 -35 4
      vertex 19.0364 -33.2217 4
    endloop
  endfacet
  facet normal 0 0 1
    outer loop
      vertex 18.7231 -33.2217 4
      vertex 20.4336 -35 4
      vertex 18.8798 -33.2319 4
    endloop
  endfacet
  facet normal 0 0 1
    outer loop
      vertex 18.5692 -33.191 4
      vertex 20.4336 -35 4
      vertex 18.7231 -33.2217 4
    endloop
  endfacet
  facet normal 0 0 1
    outer loop
      vertex 18.4205 -33.1406 4
      vertex 20.4336 -35 4
      vertex 18.5692 -33.191 4
    endloop
  endfacet
  facet normal 0 0 1
    outer loop
      vertex 18.2798 -33.0712 4
      vertex 20.4336 -35 4
      vertex 18.4205 -33.1406 4
    endloop
  endfacet
  facet normal 0 0 1
    outer loop
      vertex 18.1492 -32.984 4
      vertex 20.4336 -35 4
      vertex 18.2798 -33.0712 4
    endloop
  endfacet
  facet normal 0 0 1
    outer loop
      vertex -18.1492 -32.984 4
      vertex 18.1492 -32.984 4
      vertex 18.0312 -32.8805 4
    endloop
  endfacet
  facet normal 0 0 1
    outer loop
      vertex -17.69 -31.8753 4
      vertex 17.69 -31.8753 4
      vertex -15.7045 -22.1964 4
    endloop
  endfacet
  facet normal -0 0 1
    outer loop
      vertex 15.4719 -16.9355 4
      vertex 15.7045 -22.1964 4
      vertex 15.69 -16.8921 4
    endloop
  endfacet
  facet normal -0 0 1
    outer loop
      vertex 15.25 -16.95 4
      vertex 15.7045 -22.1964 4
      vertex 15.4719 -16.9355 4
    endloop
  endfacet
  facet normal 0 0 1
    outer loop
      vertex 15.0281 -16.9355 4
      vertex 15.7045 -22.1964 4
      vertex 15.25 -16.95 4
    endloop
  endfacet
  facet normal 0 0 1
    outer loop
      vertex 14.81 -16.8921 4
      vertex 15.7045 -22.1964 4
      vertex 15.0281 -16.9355 4
    endloop
  endfacet
  facet normal 0 0 1
    outer loop
      vertex 14.5994 -16.8206 4
      vertex 15.7045 -22.1964 4
      vertex 14.81 -16.8921 4
    endloop
  endfacet
  facet normal 0 0 1
    outer loop
      vertex 14.4 -16.7222 4
      vertex 15.7045 -22.1964 4
      vertex 14.5994 -16.8206 4
    endloop
  endfacet
  facet normal 0 0 1
    outer loop
      vertex 14.2151 -16.5987 4
      vertex 15.7045 -22.1964 4
      vertex 14.4 -16.7222 4
    endloop
  endfacet
  facet normal 0 0 1
    outer loop
      vertex 14.0479 -16.4521 4
      vertex 15.7045 -22.1964 4
      vertex 14.2151 -16.5987 4
    endloop
  endfacet
  facet normal 0 0 1
    outer loop
      vertex 13.9013 -16.2849 4
      vertex 15.7045 -22.1964 4
      vertex 14.0479 -16.4521 4
    endloop
  endfacet
  facet normal 0 0 1
    outer loop
      vertex 13.7778 -16.1 4
      vertex 15.7045 -22.1964 4
      vertex 13.9013 -16.2849 4
    endloop
  endfacet
  facet normal 0 0 1
    outer loop
      vertex 17.69 -31.8753 4
      vertex -17.69 -31.8753 4
      vertex 17.6798 -32.0319 4
    endloop
  endfacet
  facet normal 0 0 1
    outer loop
      vertex 15.7045 -22.1964 4
      vertex 13.7778 -16.1 4
      vertex -15.7045 -22.1964 4
    endloop
  endfacet
  facet normal 0 0 1
    outer loop
      vertex -13.7778 -16.1 4
      vertex 13.7778 -16.1 4
      vertex 13.6794 -15.9006 4
    endloop
  endfacet
  facet normal 0 0 1
    outer loop
      vertex -13.6794 -15.9006 4
      vertex 13.6794 -15.9006 4
      vertex 13.6079 -15.69 4
    endloop
  endfacet
  facet normal 0 0 1
    outer loop
      vertex 13.5645 -15.0281 4
      vertex -13.55 -15.25 4
      vertex 13.55 -15.25 4
    endloop
  endfacet
  facet normal 0 0 1
    outer loop
      vertex 13.55 -15.25 4
      vertex -13.55 -15.25 4
      vertex 13.5645 -15.4719 4
    endloop
  endfacet
  facet normal 0 0 1
    outer loop
      vertex -13.5645 -15.4719 4
      vertex 13.5645 -15.4719 4
      vertex -13.55 -15.25 4
    endloop
  endfacet
  facet normal 0 0 1
    outer loop
      vertex 13.5645 -15.4719 4
      vertex -13.5645 -15.4719 4
      vertex 13.6079 -15.69 4
    endloop
  endfacet
  facet normal 0 0 1
    outer loop
      vertex -13.6079 -15.69 4
      vertex 13.6079 -15.69 4
      vertex -13.5645 -15.4719 4
    endloop
  endfacet
  facet normal 0 0 1
    outer loop
      vertex -13.6794 -15.9006 4
      vertex 13.6079 -15.69 4
      vertex -13.6079 -15.69 4
    endloop
  endfacet
  facet normal 0 0 1
    outer loop
      vertex 13.6794 -15.9006 4
      vertex -13.6794 -15.9006 4
      vertex -13.7778 -16.1 4
    endloop
  endfacet
  facet normal 0 0 1
    outer loop
      vertex 13.7778 -16.1 4
      vertex -13.7778 -16.1 4
      vertex -15.7045 -22.1964 4
    endloop
  endfacet
  facet normal 0 0 1
    outer loop
      vertex 17.6798 -32.0319 4
      vertex -17.6798 -32.0319 4
      vertex 17.69 -32.1886 4
    endloop
  endfacet
  facet normal 0 0 1
    outer loop
      vertex -17.69 -32.1886 4
      vertex 17.69 -32.1886 4
      vertex -17.6798 -32.0319 4
    endloop
  endfacet
  facet normal 0 0 1
    outer loop
      vertex 17.69 -32.1886 4
      vertex -17.69 -32.1886 4
      vertex 17.7206 -32.3425 4
    endloop
  endfacet
  facet normal 0 0 1
    outer loop
      vertex -17.7206 -32.3425 4
      vertex 17.7206 -32.3425 4
      vertex -17.69 -32.1886 4
    endloop
  endfacet
  facet normal 0 0 1
    outer loop
      vertex 17.7206 -32.3425 4
      vertex -17.7206 -32.3425 4
      vertex 17.7711 -32.4912 4
    endloop
  endfacet
  facet normal 0 0 1
    outer loop
      vertex -15.7045 -22.1964 4
      vertex -13.7778 -16.1 4
      vertex -13.9013 -16.2849 4
    endloop
  endfacet
  facet normal 0 0 1
    outer loop
      vertex -15.7045 -22.1964 4
      vertex -13.9013 -16.2849 4
      vertex -14.0479 -16.4521 4
    endloop
  endfacet
  facet normal 0 0 1
    outer loop
      vertex -15.7045 -22.1964 4
      vertex -14.0479 -16.4521 4
      vertex -14.2151 -16.5987 4
    endloop
  endfacet
  facet normal 0 0 1
    outer loop
      vertex -15.7045 -22.1964 4
      vertex -14.2151 -16.5987 4
      vertex -14.4 -16.7222 4
    endloop
  endfacet
  facet normal 0 0 1
    outer loop
      vertex -15.7045 -22.1964 4
      vertex -14.4 -16.7222 4
      vertex -14.5994 -16.8206 4
    endloop
  endfacet
  facet normal 0 0 1
    outer loop
      vertex -15.7045 -22.1964 4
      vertex -14.5994 -16.8206 4
      vertex -14.81 -16.8921 4
    endloop
  endfacet
  facet normal 0 0 1
    outer loop
      vertex -15.7045 -22.1964 4
      vertex -14.81 -16.8921 4
      vertex -15.0281 -16.9355 4
    endloop
  endfacet
  facet normal 0 0 1
    outer loop
      vertex -15.7045 -22.1964 4
      vertex -15.0281 -16.9355 4
      vertex -15.25 -16.95 4
    endloop
  endfacet
  facet normal 0 0 1
    outer loop
      vertex -15.7045 -22.1964 4
      vertex -15.25 -16.95 4
      vertex -15.4719 -16.9355 4
    endloop
  endfacet
  facet normal 0 0 1
    outer loop
      vertex -15.7045 -22.1964 4
      vertex -15.4719 -16.9355 4
      vertex -15.69 -16.8921 4
    endloop
  endfacet
  facet normal 0 0 1
    outer loop
      vertex -17.7711 -32.4912 4
      vertex 17.7711 -32.4912 4
      vertex -17.7206 -32.3425 4
    endloop
  endfacet
  facet normal 0 0 1
    outer loop
      vertex 17.7711 -32.4912 4
      vertex -17.7711 -32.4912 4
      vertex 17.8405 -32.6319 4
    endloop
  endfacet
  facet normal 0 0 1
    outer loop
      vertex -17.8405 -32.6319 4
      vertex 17.8405 -32.6319 4
      vertex -17.7711 -32.4912 4
    endloop
  endfacet
  facet normal 0 0 1
    outer loop
      vertex 17.8405 -32.6319 4
      vertex -17.8405 -32.6319 4
      vertex 17.9277 -32.7625 4
    endloop
  endfacet
  facet normal 0 0 1
    outer loop
      vertex -17.9277 -32.7625 4
      vertex 17.9277 -32.7625 4
      vertex -17.8405 -32.6319 4
    endloop
  endfacet
  facet normal 0 0 1
    outer loop
      vertex 17.9277 -32.7625 4
      vertex -17.9277 -32.7625 4
      vertex 18.0312 -32.8805 4
    endloop
  endfacet
  facet normal 0 0 1
    outer loop
      vertex -18.0312 -32.8805 4
      vertex 18.0312 -32.8805 4
      vertex -17.9277 -32.7625 4
    endloop
  endfacet
  facet normal 0 0 1
    outer loop
      vertex -18.1492 -32.984 4
      vertex 18.0312 -32.8805 4
      vertex -18.0312 -32.8805 4
    endloop
  endfacet
  facet normal 0 0 1
    outer loop
      vertex 18.1492 -32.984 4
      vertex -18.1492 -32.984 4
      vertex 20.4336 -35 4
    endloop
  endfacet
  facet normal 0 0 1
    outer loop
      vertex -20.4336 -35 4
      vertex -18.1492 -32.984 4
      vertex -18.2798 -33.0712 4
    endloop
  endfacet
  facet normal 0 0 1
    outer loop
      vertex -20.4336 -35 4
      vertex -18.2798 -33.0712 4
      vertex -18.4205 -33.1406 4
    endloop
  endfacet
  facet normal 0 0 1
    outer loop
      vertex -20.4336 -35 4
      vertex -18.4205 -33.1406 4
      vertex -18.5692 -33.191 4
    endloop
  endfacet
  facet normal 0 0 1
    outer loop
      vertex -20.4336 -35 4
      vertex -18.5692 -33.191 4
      vertex -18.7231 -33.2217 4
    endloop
  endfacet
  facet normal 0 0 1
    outer loop
      vertex -20.4336 -35 4
      vertex -18.7231 -33.2217 4
      vertex -18.8798 -33.2319 4
    endloop
  endfacet
  facet normal 0 0 1
    outer loop
      vertex -18.1492 -32.984 4
      vertex -20.4336 -35 4
      vertex 20.4336 -35 4
    endloop
  endfacet
  facet normal 0 0 1
    outer loop
      vertex -19.0364 -33.2217 4
      vertex -20.4336 -35 4
      vertex -18.8798 -33.2319 4
    endloop
  endfacet
  facet normal 0 0 1
    outer loop
      vertex -19.1903 -33.191 4
      vertex -20.4336 -35 4
      vertex -19.0364 -33.2217 4
    endloop
  endfacet
  facet normal 0 0 1
    outer loop
      vertex -19.339 -33.1406 4
      vertex -20.4336 -35 4
      vertex -19.1903 -33.191 4
    endloop
  endfacet
  facet normal 0 0 1
    outer loop
      vertex -19.4798 -33.0712 4
      vertex -20.4336 -35 4
      vertex -19.339 -33.1406 4
    endloop
  endfacet
  facet normal 0 0 1
    outer loop
      vertex -19.6103 -32.984 4
      vertex -20.4336 -35 4
      vertex -19.4798 -33.0712 4
    endloop
  endfacet
  facet normal 0 0 1
    outer loop
      vertex -19.7283 -32.8805 4
      vertex -20.4336 -35 4
      vertex -19.6103 -32.984 4
    endloop
  endfacet
  facet normal 0 0 1
    outer loop
      vertex -19.8318 -32.7625 4
      vertex -20.4336 -35 4
      vertex -19.7283 -32.8805 4
    endloop
  endfacet
  facet normal 0 0 1
    outer loop
      vertex -19.919 -32.6319 4
      vertex -20.4336 -35 4
      vertex -19.8318 -32.7625 4
    endloop
  endfacet
  facet normal 0 0 1
    outer loop
      vertex -19.9884 -32.4912 4
      vertex -20.4336 -35 4
      vertex -19.919 -32.6319 4
    endloop
  endfacet
  facet normal 0 0 1
    outer loop
      vertex -20.0389 -32.3425 4
      vertex -20.4336 -35 4
      vertex -19.9884 -32.4912 4
    endloop
  endfacet
  facet normal 0 0 1
    outer loop
      vertex -20.0695 -32.1886 4
      vertex -20.4336 -35 4
      vertex -20.0389 -32.3425 4
    endloop
  endfacet
  facet normal 0 0 1
    outer loop
      vertex -20.4336 -35 4
      vertex -20.0695 -32.1886 4
      vertex -20.0798 -32.0319 4
    endloop
  endfacet
  facet normal 0 0 1
    outer loop
      vertex 33.1406 18.4205 4
      vertex 35 20.4336 4
      vertex 33.191 18.5692 4
    endloop
  endfacet
  facet normal 0 0 1
    outer loop
      vertex 35 -20.4336 4
      vertex 33.2217 -18.7231 4
      vertex 33.2319 -18.8798 4
    endloop
  endfacet
  facet normal 0 0 1
    outer loop
      vertex 33.0712 18.2798 4
      vertex 35 20.4336 4
      vertex 33.1406 18.4205 4
    endloop
  endfacet
  facet normal 0 0 1
    outer loop
      vertex 35 -20.4336 4
      vertex 33.191 -18.5692 4
      vertex 33.2217 -18.7231 4
    endloop
  endfacet
  facet normal 0 0 1
    outer loop
      vertex 32.984 18.1492 4
      vertex 35 20.4336 4
      vertex 33.0712 18.2798 4
    endloop
  endfacet
  facet normal 0 0 1
    outer loop
      vertex 35 -20.4336 4
      vertex 33.1406 -18.4205 4
      vertex 33.191 -18.5692 4
    endloop
  endfacet
  facet normal 0 0 1
    outer loop
      vertex 35 20.4336 4
      vertex 32.984 18.1492 4
      vertex 35 -20.4336 4
    endloop
  endfacet
  facet normal 0 0 1
    outer loop
      vertex 35 -20.4336 4
      vertex 33.0712 -18.2798 4
      vertex 33.1406 -18.4205 4
    endloop
  endfacet
  facet normal -0 0 1
    outer loop
      vertex 32.984 -18.1492 4
      vertex 35 -20.4336 4
      vertex 32.984 18.1492 4
    endloop
  endfacet
  facet normal 0 0 1
    outer loop
      vertex 35 -20.4336 4
      vertex 32.984 -18.1492 4
      vertex 33.0712 -18.2798 4
    endloop
  endfacet
  facet normal -0 0 1
    outer loop
      vertex 32.8805 18.0312 4
      vertex 32.984 -18.1492 4
      vertex 32.984 18.1492 4
    endloop
  endfacet
  facet normal 0 0 1
    outer loop
      vertex 32.8805 18.0312 4
      vertex 32.8805 -18.0312 4
      vertex 32.984 -18.1492 4
    endloop
  endfacet
  facet normal -0 0 1
    outer loop
      vertex 32.7625 17.9277 4
      vertex 32.8805 -18.0312 4
      vertex 32.8805 18.0312 4
    endloop
  endfacet
  facet normal 0 0 1
    outer loop
      vertex 32.7625 17.9277 4
      vertex 32.7625 -17.9277 4
      vertex 32.8805 -18.0312 4
    endloop
  endfacet
  facet normal -0 0 1
    outer loop
      vertex 32.6319 17.8405 4
      vertex 32.7625 -17.9277 4
      vertex 32.7625 17.9277 4
    endloop
  endfacet
  facet normal 0 0 1
    outer loop
      vertex 32.6319 17.8405 4
      vertex 32.6319 -17.8405 4
      vertex 32.7625 -17.9277 4
    endloop
  endfacet
  facet normal -0 0 1
    outer loop
      vertex 32.4912 17.7711 4
      vertex 32.6319 -17.8405 4
      vertex 32.6319 17.8405 4
    endloop
  endfacet
  facet normal 0 0 1
    outer loop
      vertex 32.4912 17.7711 4
      vertex 32.4912 -17.7711 4
      vertex 32.6319 -17.8405 4
    endloop
  endfacet
  facet normal -0 0 1
    outer loop
      vertex 32.3425 17.7206 4
      vertex 32.4912 -17.7711 4
      vertex 32.4912 17.7711 4
    endloop
  endfacet
  facet normal 0 0 1
    outer loop
      vertex 32.3425 17.7206 4
      vertex 32.3425 -17.7206 4
      vertex 32.4912 -17.7711 4
    endloop
  endfacet
  facet normal -0 0 1
    outer loop
      vertex 32.1886 17.69 4
      vertex 32.3425 -17.7206 4
      vertex 32.3425 17.7206 4
    endloop
  endfacet
  facet normal 0 0 1
    outer loop
      vertex 32.1886 17.69 4
      vertex 32.1886 -17.69 4
      vertex 32.3425 -17.7206 4
    endloop
  endfacet
  facet normal -0 0 1
    outer loop
      vertex 32.0319 17.6798 4
      vertex 32.1886 -17.69 4
      vertex 32.1886 17.69 4
    endloop
  endfacet
  facet normal 0 0 1
    outer loop
      vertex 32.0319 17.6798 4
      vertex 32.0319 -17.6798 4
      vertex 32.1886 -17.69 4
    endloop
  endfacet
  facet normal 0 0 1
    outer loop
      vertex 31.8753 17.69 4
      vertex 32.0319 -17.6798 4
      vertex 32.0319 17.6798 4
    endloop
  endfacet
  facet normal 0 0 1
    outer loop
      vertex 31.8753 17.69 4
      vertex 31.8753 -17.69 4
      vertex 32.0319 -17.6798 4
    endloop
  endfacet
  facet normal 0 0 1
    outer loop
      vertex 22.1964 15.7045 4
      vertex 31.8753 17.69 4
      vertex 31.7214 17.7206 4
    endloop
  endfacet
  facet normal 0 0 1
    outer loop
      vertex 31.8753 17.69 4
      vertex 22.1964 15.7045 4
      vertex 31.8753 -17.69 4
    endloop
  endfacet
  facet normal 0 0 1
    outer loop
      vertex 22.1964 15.7045 4
      vertex 31.7214 17.7206 4
      vertex 31.5727 17.7711 4
    endloop
  endfacet
  facet normal -0 0 1
    outer loop
      vertex 22.1964 -15.7045 4
      vertex 31.8753 -17.69 4
      vertex 22.1964 15.7045 4
    endloop
  endfacet
  facet normal 0 0 1
    outer loop
      vertex 22.1964 15.7045 4
      vertex 31.5727 17.7711 4
      vertex 31.4319 17.8405 4
    endloop
  endfacet
  facet normal 0 0 1
    outer loop
      vertex 31.8753 -17.69 4
      vertex 22.1964 -15.7045 4
      vertex 31.7214 -17.7206 4
    endloop
  endfacet
  facet normal 0 0 1
    outer loop
      vertex 22.1964 15.7045 4
      vertex 31.4319 17.8405 4
      vertex 31.3014 17.9277 4
    endloop
  endfacet
  facet normal 0 0 1
    outer loop
      vertex 31.7214 -17.7206 4
      vertex 22.1964 -15.7045 4
      vertex 31.5727 -17.7711 4
    endloop
  endfacet
  facet normal 0 0 1
    outer loop
      vertex 22.1964 15.7045 4
      vertex 31.3014 17.9277 4
      vertex 31.1834 18.0312 4
    endloop
  endfacet
  facet normal 0 0 1
    outer loop
      vertex 31.5727 -17.7711 4
      vertex 22.1964 -15.7045 4
      vertex 31.4319 -17.8405 4
    endloop
  endfacet
  facet normal 0 0 1
    outer loop
      vertex 22.1964 15.7045 4
      vertex 31.1834 18.0312 4
      vertex 31.0799 18.1492 4
    endloop
  endfacet
  facet normal 0 0 1
    outer loop
      vertex 31.4319 -17.8405 4
      vertex 22.1964 -15.7045 4
      vertex 31.3014 -17.9277 4
    endloop
  endfacet
  facet normal 0 0 1
    outer loop
      vertex 22.1964 15.7045 4
      vertex 31.0799 18.1492 4
      vertex 30.9927 18.2798 4
    endloop
  endfacet
  facet normal 0 0 1
    outer loop
      vertex 31.3014 -17.9277 4
      vertex 22.1964 -15.7045 4
      vertex 31.1834 -18.0312 4
    endloop
  endfacet
  facet normal 0 0 1
    outer loop
      vertex 22.1964 15.7045 4
      vertex 30.9927 18.2798 4
      vertex 30.9233 18.4205 4
    endloop
  endfacet
  facet normal 0 0 1
    outer loop
      vertex 31.1834 -18.0312 4
      vertex 22.1964 -15.7045 4
      vertex 31.0799 -18.1492 4
    endloop
  endfacet
  facet normal 0 0 1
    outer loop
      vertex 22.1964 15.7045 4
      vertex 30.9233 18.4205 4
      vertex 30.8728 18.5692 4
    endloop
  endfacet
  facet normal 0 0 1
    outer loop
      vertex 31.0799 -18.1492 4
      vertex 22.1964 -15.7045 4
      vertex 30.9927 -18.2798 4
    endloop
  endfacet
  facet normal 0 0 1
    outer loop
      vertex 22.1964 15.7045 4
      vertex 30.8728 18.5692 4
      vertex 30.8422 18.7231 4
    endloop
  endfacet
  facet normal 0 0 1
    outer loop
      vertex 30.9927 -18.2798 4
      vertex 22.1964 -15.7045 4
      vertex 30.9233 -18.4205 4
    endloop
  endfacet
  facet normal 0 0 1
    outer loop
      vertex 22.1964 15.7045 4
      vertex 30.8422 18.7231 4
      vertex 30.8319 18.8798 4
    endloop
  endfacet
  facet normal 0 0 1
    outer loop
      vertex 30.9233 -18.4205 4
      vertex 22.1964 -15.7045 4
      vertex 30.8728 -18.5692 4
    endloop
  endfacet
  facet normal 0 0 1
    outer loop
      vertex 33.9535 -48.452 4
      vertex 20.4336 -35 4
      vertex 33.9703 -48.5367 4
    endloop
  endfacet
  facet normal 0 0 1
    outer loop
      vertex 20.4336 -35 4
      vertex 33.9535 -48.452 4
      vertex 33.9432 -48.2954 4
    endloop
  endfacet
  facet normal 0.707107 0.707107 0
    outer loop
      vertex 57.1342 42.5678 4
      vertex 42.5678 57.1342 0
      vertex 42.5678 57.1342 4
    endloop
  endfacet
  facet normal 0.707107 0.707107 0
    outer loop
      vertex 42.5678 57.1342 0
      vertex 57.1342 42.5678 4
      vertex 57.1342 42.5678 0
    endloop
  endfacet
  facet normal -0.707107 0.707107 0
    outer loop
      vertex 42.5678 57.1342 0
      vertex 34.9019 49.4683 4
      vertex 42.5678 57.1342 4
    endloop
  endfacet
  facet normal -0.707107 0.707107 0
    outer loop
      vertex 34.9019 49.4683 4
      vertex 42.5678 57.1342 0
      vertex 34.9019 49.4683 0
    endloop
  endfacet
  facet normal -0.707107 0.707107 0
    outer loop
      vertex 20.4336 35 0
      vertex 33.9703 48.5367 4
      vertex 33.9703 48.5367 0
    endloop
  endfacet
  facet normal -0.707107 0.707107 0
    outer loop
      vertex 33.9703 48.5367 4
      vertex 20.4336 35 0
      vertex 20.4336 35 4
    endloop
  endfacet
  facet normal 0 0 -1
    outer loop
      vertex -49.4851 34.9866 0
      vertex -57.1342 42.5678 0
      vertex -49.4954 35.1432 0
    endloop
  endfacet
  facet normal 0 0 -1
    outer loop
      vertex -57.1342 42.5678 0
      vertex -49.4851 34.9866 0
      vertex -49.4683 34.9019 0
    endloop
  endfacet
  facet normal 0 0 -1
    outer loop
      vertex -35.2998 -47.1057 0
      vertex -47.1057 -35.2998 0
      vertex -47.0954 -35.1432 0
    endloop
  endfacet
  facet normal 0 0 -1
    outer loop
      vertex -36.3329 -48.1388 0
      vertex -47.1363 -35.4538 0
      vertex -47.1057 -35.2998 0
    endloop
  endfacet
  facet normal 0 0 -1
    outer loop
      vertex -36.3329 -48.1388 0
      vertex -47.1867 -35.6024 0
      vertex -47.1363 -35.4538 0
    endloop
  endfacet
  facet normal 0 0 -1
    outer loop
      vertex -36.3329 -48.1388 0
      vertex -47.2562 -35.7432 0
      vertex -47.1867 -35.6024 0
    endloop
  endfacet
  facet normal 0 0 -1
    outer loop
      vertex -36.3329 -48.1388 0
      vertex -47.3434 -35.8737 0
      vertex -47.2562 -35.7432 0
    endloop
  endfacet
  facet normal 0 0 -1
    outer loop
      vertex -36.3329 -48.1388 0
      vertex -47.4469 -35.9917 0
      vertex -47.3434 -35.8737 0
    endloop
  endfacet
  facet normal 0 0 -1
    outer loop
      vertex -36.3329 -48.1388 0
      vertex -47.5649 -36.0952 0
      vertex -47.4469 -35.9917 0
    endloop
  endfacet
  facet normal 0 0 -1
    outer loop
      vertex -36.3329 -48.1388 0
      vertex -47.6954 -36.1824 0
      vertex -47.5649 -36.0952 0
    endloop
  endfacet
  facet normal 0 0 -1
    outer loop
      vertex -36.3329 -48.1388 0
      vertex -47.8362 -36.2519 0
      vertex -47.6954 -36.1824 0
    endloop
  endfacet
  facet normal 0 0 -1
    outer loop
      vertex -36.3329 -48.1388 0
      vertex -47.9848 -36.3023 0
      vertex -47.8362 -36.2519 0
    endloop
  endfacet
  facet normal 0 0 -1
    outer loop
      vertex -36.3329 -48.1388 0
      vertex -48.1388 -36.3329 0
      vertex -47.9848 -36.3023 0
    endloop
  endfacet
  facet normal 0 0 -1
    outer loop
      vertex -57.1342 -42.5678 0
      vertex -48.1388 -36.3329 0
      vertex -42.5678 -57.1342 0
    endloop
  endfacet
  facet normal 0 0 -1
    outer loop
      vertex -48.1388 -36.3329 0
      vertex -57.1342 -42.5678 0
      vertex -48.2954 -36.3432 0
    endloop
  endfacet
  facet normal -0 0 -1
    outer loop
      vertex -48.2954 -36.3432 0
      vertex -57.1342 -42.5678 0
      vertex -48.452 -36.3329 0
    endloop
  endfacet
  facet normal -0 0 -1
    outer loop
      vertex -48.452 -36.3329 0
      vertex -57.1342 -42.5678 0
      vertex -48.606 -36.3023 0
    endloop
  endfacet
  facet normal -0 0 -1
    outer loop
      vertex -48.606 -36.3023 0
      vertex -57.1342 -42.5678 0
      vertex -48.7546 -36.2519 0
    endloop
  endfacet
  facet normal -0 0 -1
    outer loop
      vertex -48.7546 -36.2519 0
      vertex -57.1342 -42.5678 0
      vertex -48.8954 -36.1824 0
    endloop
  endfacet
  facet normal -0 0 -1
    outer loop
      vertex -48.8954 -36.1824 0
      vertex -57.1342 -42.5678 0
      vertex -49.0259 -36.0952 0
    endloop
  endfacet
  facet normal -0 0 -1
    outer loop
      vertex -49.0259 -36.0952 0
      vertex -57.1342 -42.5678 0
      vertex -49.1439 -35.9917 0
    endloop
  endfacet
  facet normal -0 0 -1
    outer loop
      vertex -49.1439 -35.9917 0
      vertex -57.1342 -42.5678 0
      vertex -49.2474 -35.8737 0
    endloop
  endfacet
  facet normal -0 0 -1
    outer loop
      vertex -49.2474 -35.8737 0
      vertex -57.1342 -42.5678 0
      vertex -49.3346 -35.7432 0
    endloop
  endfacet
  facet normal -0 0 -1
    outer loop
      vertex -49.3346 -35.7432 0
      vertex -57.1342 -42.5678 0
      vertex -49.404 -35.6024 0
    endloop
  endfacet
  facet normal -0 0 -1
    outer loop
      vertex -49.4851 -35.2998 0
      vertex -57.1342 -42.5678 0
      vertex -49.4954 -35.1432 0
    endloop
  endfacet
  facet normal -0 0 -1
    outer loop
      vertex -49.4545 -35.4538 0
      vertex -57.1342 -42.5678 0
      vertex -49.4851 -35.2998 0
    endloop
  endfacet
  facet normal -0 0 -1
    outer loop
      vertex -49.404 -35.6024 0
      vertex -57.1342 -42.5678 0
      vertex -49.4545 -35.4538 0
    endloop
  endfacet
  facet normal 0 0 -1
    outer loop
      vertex -34.9866 49.4851 0
      vertex -42.5678 57.1342 0
      vertex -34.9019 49.4683 0
    endloop
  endfacet
  facet normal 0 0 -1
    outer loop
      vertex -35.1432 49.4954 0
      vertex -42.5678 57.1342 0
      vertex -34.9866 49.4851 0
    endloop
  endfacet
  facet normal 0 0 -1
    outer loop
      vertex -35.2998 49.4851 0
      vertex -42.5678 57.1342 0
      vertex -35.1432 49.4954 0
    endloop
  endfacet
  facet normal 0 0 -1
    outer loop
      vertex -35.4538 49.4545 0
      vertex -42.5678 57.1342 0
      vertex -35.2998 49.4851 0
    endloop
  endfacet
  facet normal 0 0 -1
    outer loop
      vertex -35.6024 49.404 0
      vertex -42.5678 57.1342 0
      vertex -35.4538 49.4545 0
    endloop
  endfacet
  facet normal 0 0 -1
    outer loop
      vertex -35.7432 49.3346 0
      vertex -42.5678 57.1342 0
      vertex -35.6024 49.404 0
    endloop
  endfacet
  facet normal 0 0 -1
    outer loop
      vertex -35.8737 49.2474 0
      vertex -42.5678 57.1342 0
      vertex -35.7432 49.3346 0
    endloop
  endfacet
  facet normal 0 0 -1
    outer loop
      vertex -35.9917 49.1439 0
      vertex -42.5678 57.1342 0
      vertex -35.8737 49.2474 0
    endloop
  endfacet
  facet normal 0 0 -1
    outer loop
      vertex -36.0952 49.0259 0
      vertex -42.5678 57.1342 0
      vertex -35.9917 49.1439 0
    endloop
  endfacet
  facet normal 0 0 -1
    outer loop
      vertex -36.1824 48.8954 0
      vertex -42.5678 57.1342 0
      vertex -36.0952 49.0259 0
    endloop
  endfacet
  facet normal 0 0 -1
    outer loop
      vertex -36.2519 48.7546 0
      vertex -42.5678 57.1342 0
      vertex -36.1824 48.8954 0
    endloop
  endfacet
  facet normal 0 0 -1
    outer loop
      vertex -36.3023 48.606 0
      vertex -42.5678 57.1342 0
      vertex -36.2519 48.7546 0
    endloop
  endfacet
  facet normal 0 0 -1
    outer loop
      vertex -36.3329 48.452 0
      vertex -42.5678 57.1342 0
      vertex -36.3023 48.606 0
    endloop
  endfacet
  facet normal 0 0 -1
    outer loop
      vertex -42.5678 57.1342 0
      vertex -36.3329 48.452 0
      vertex -36.3432 48.2954 0
    endloop
  endfacet
  facet normal -0 0 -1
    outer loop
      vertex -35.9917 47.4469 0
      vertex -47.4469 35.9917 0
      vertex -36.0952 47.5649 0
    endloop
  endfacet
  facet normal 0 0 -1
    outer loop
      vertex -47.5649 36.0952 0
      vertex -36.0952 47.5649 0
      vertex -47.4469 35.9917 0
    endloop
  endfacet
  facet normal -0 0 -1
    outer loop
      vertex -36.0952 47.5649 0
      vertex -47.5649 36.0952 0
      vertex -36.1824 47.6954 0
    endloop
  endfacet
  facet normal 0 0 -1
    outer loop
      vertex -47.6954 36.1824 0
      vertex -36.1824 47.6954 0
      vertex -47.5649 36.0952 0
    endloop
  endfacet
  facet normal -0 0 -1
    outer loop
      vertex -36.1824 47.6954 0
      vertex -47.6954 36.1824 0
      vertex -36.2519 47.8362 0
    endloop
  endfacet
  facet normal 0 0 -1
    outer loop
      vertex -47.8362 36.2519 0
      vertex -36.2519 47.8362 0
      vertex -47.6954 36.1824 0
    endloop
  endfacet
  facet normal -0 0 -1
    outer loop
      vertex -36.2519 47.8362 0
      vertex -47.8362 36.2519 0
      vertex -36.3023 47.9848 0
    endloop
  endfacet
  facet normal 0 0 -1
    outer loop
      vertex -47.9848 36.3023 0
      vertex -36.3023 47.9848 0
      vertex -47.8362 36.2519 0
    endloop
  endfacet
  facet normal -0 0 -1
    outer loop
      vertex -36.3023 47.9848 0
      vertex -47.9848 36.3023 0
      vertex -36.3329 48.1388 0
    endloop
  endfacet
  facet normal 0 0 -1
    outer loop
      vertex -48.1388 36.3329 0
      vertex -36.3329 48.1388 0
      vertex -47.9848 36.3023 0
    endloop
  endfacet
  facet normal -0 0 -1
    outer loop
      vertex -36.3329 48.1388 0
      vertex -48.1388 36.3329 0
      vertex -42.5678 57.1342 0
    endloop
  endfacet
  facet normal 0 0 -1
    outer loop
      vertex -57.1342 42.5678 0
      vertex -48.1388 36.3329 0
      vertex -48.2954 36.3432 0
    endloop
  endfacet
  facet normal 0 0 -1
    outer loop
      vertex -57.1342 42.5678 0
      vertex -48.2954 36.3432 0
      vertex -48.452 36.3329 0
    endloop
  endfacet
  facet normal 0 0 -1
    outer loop
      vertex -57.1342 42.5678 0
      vertex -48.452 36.3329 0
      vertex -48.606 36.3023 0
    endloop
  endfacet
  facet normal 0 0 -1
    outer loop
      vertex -57.1342 42.5678 0
      vertex -48.606 36.3023 0
      vertex -48.7546 36.2519 0
    endloop
  endfacet
  facet normal 0 0 -1
    outer loop
      vertex -57.1342 42.5678 0
      vertex -48.7546 36.2519 0
      vertex -48.8954 36.1824 0
    endloop
  endfacet
  facet normal 0 0 -1
    outer loop
      vertex -57.1342 42.5678 0
      vertex -48.8954 36.1824 0
      vertex -49.0259 36.0952 0
    endloop
  endfacet
  facet normal 0 0 -1
    outer loop
      vertex -57.1342 42.5678 0
      vertex -49.0259 36.0952 0
      vertex -49.1439 35.9917 0
    endloop
  endfacet
  facet normal 0 0 -1
    outer loop
      vertex -57.1342 42.5678 0
      vertex -49.1439 35.9917 0
      vertex -49.2474 35.8737 0
    endloop
  endfacet
  facet normal 0 0 -1
    outer loop
      vertex -57.1342 42.5678 0
      vertex -49.2474 35.8737 0
      vertex -49.3346 35.7432 0
    endloop
  endfacet
  facet normal 0 0 -1
    outer loop
      vertex -57.1342 42.5678 0
      vertex -49.3346 35.7432 0
      vertex -49.404 35.6024 0
    endloop
  endfacet
  facet normal 0 0 -1
    outer loop
      vertex -57.1342 42.5678 0
      vertex -49.404 35.6024 0
      vertex -49.4545 35.4538 0
    endloop
  endfacet
  facet normal 0 0 -1
    outer loop
      vertex -48.1388 36.3329 0
      vertex -57.1342 42.5678 0
      vertex -42.5678 57.1342 0
    endloop
  endfacet
  facet normal 0 0 -1
    outer loop
      vertex -49.4851 35.2998 0
      vertex -57.1342 42.5678 0
      vertex -49.4545 35.4538 0
    endloop
  endfacet
  facet normal 0 0 -1
    outer loop
      vertex -57.1342 42.5678 0
      vertex -49.4851 35.2998 0
      vertex -49.4954 35.1432 0
    endloop
  endfacet
  facet normal -0 0 -1
    outer loop
      vertex -36.3329 -48.452 0
      vertex -42.5678 -57.1342 0
      vertex -36.3432 -48.2954 0
    endloop
  endfacet
  facet normal -0 0 -1
    outer loop
      vertex -36.3023 -48.606 0
      vertex -42.5678 -57.1342 0
      vertex -36.3329 -48.452 0
    endloop
  endfacet
  facet normal -0 0 -1
    outer loop
      vertex -36.2519 -48.7546 0
      vertex -42.5678 -57.1342 0
      vertex -36.3023 -48.606 0
    endloop
  endfacet
  facet normal -0 0 -1
    outer loop
      vertex -36.1824 -48.8954 0
      vertex -42.5678 -57.1342 0
      vertex -36.2519 -48.7546 0
    endloop
  endfacet
  facet normal -0 0 -1
    outer loop
      vertex -36.0952 -49.0259 0
      vertex -42.5678 -57.1342 0
      vertex -36.1824 -48.8954 0
    endloop
  endfacet
  facet normal -0 0 -1
    outer loop
      vertex -35.9917 -49.1439 0
      vertex -42.5678 -57.1342 0
      vertex -36.0952 -49.0259 0
    endloop
  endfacet
  facet normal -0 0 -1
    outer loop
      vertex -35.8737 -49.2474 0
      vertex -42.5678 -57.1342 0
      vertex -35.9917 -49.1439 0
    endloop
  endfacet
  facet normal -0 0 -1
    outer loop
      vertex -35.7432 -49.3346 0
      vertex -42.5678 -57.1342 0
      vertex -35.8737 -49.2474 0
    endloop
  endfacet
  facet normal -0 0 -1
    outer loop
      vertex -35.6024 -49.404 0
      vertex -42.5678 -57.1342 0
      vertex -35.7432 -49.3346 0
    endloop
  endfacet
  facet normal -0 0 -1
    outer loop
      vertex -35.4538 -49.4545 0
      vertex -42.5678 -57.1342 0
      vertex -35.6024 -49.404 0
    endloop
  endfacet
  facet normal -0 0 -1
    outer loop
      vertex -35.2998 -49.4851 0
      vertex -42.5678 -57.1342 0
      vertex -35.4538 -49.4545 0
    endloop
  endfacet
  facet normal -0 0 -1
    outer loop
      vertex -35.1432 -49.4954 0
      vertex -42.5678 -57.1342 0
      vertex -35.2998 -49.4851 0
    endloop
  endfacet
  facet normal 0 0 -1
    outer loop
      vertex -34.9866 -49.4851 0
      vertex -42.5678 -57.1342 0
      vertex -35.1432 -49.4954 0
    endloop
  endfacet
  facet normal 0 0 -1
    outer loop
      vertex -42.5678 -57.1342 0
      vertex -34.9866 -49.4851 0
      vertex -34.9019 -49.4683 0
    endloop
  endfacet
  facet normal 0 0 -1
    outer loop
      vertex -33.191 18.5692 0
      vertex -35 20.4336 0
      vertex -33.2217 18.7231 0
    endloop
  endfacet
  facet normal 0 0 -1
    outer loop
      vertex -33.2217 18.7231 0
      vertex -35 20.4336 0
      vertex -33.2319 18.8798 0
    endloop
  endfacet
  facet normal 0 0 -1
    outer loop
      vertex -35 -20.4336 0
      vertex -33.9535 -48.1388 0
      vertex -33.9841 -47.9848 0
    endloop
  endfacet
  facet normal 0 -0 -1
    outer loop
      vertex -34.2947 47.4469 0
      vertex -33.2319 18.8798 0
      vertex -35 20.4336 0
    endloop
  endfacet
  facet normal 0 0 -1
    outer loop
      vertex -35 -20.4336 0
      vertex -33.9841 -47.9848 0
      vertex -34.0346 -47.8362 0
    endloop
  endfacet
  facet normal 0 0 -1
    outer loop
      vertex -33.2319 18.8798 0
      vertex -33.9535 48.1388 0
      vertex -33.9432 48.2954 0
    endloop
  endfacet
  facet normal 0 0 -1
    outer loop
      vertex -35 -20.4336 0
      vertex -34.0346 -47.8362 0
      vertex -34.104 -47.6954 0
    endloop
  endfacet
  facet normal 0 0 -1
    outer loop
      vertex -33.2319 18.8798 0
      vertex -33.9841 47.9848 0
      vertex -33.9535 48.1388 0
    endloop
  endfacet
  facet normal 0 0 -1
    outer loop
      vertex -35 -20.4336 0
      vertex -34.104 -47.6954 0
      vertex -34.1912 -47.5649 0
    endloop
  endfacet
  facet normal 0 0 -1
    outer loop
      vertex -33.2319 18.8798 0
      vertex -34.0346 47.8362 0
      vertex -33.9841 47.9848 0
    endloop
  endfacet
  facet normal 0 0 -1
    outer loop
      vertex -35 -20.4336 0
      vertex -34.1912 -47.5649 0
      vertex -34.2947 -47.4469 0
    endloop
  endfacet
  facet normal 0 0 -1
    outer loop
      vertex -33.2319 18.8798 0
      vertex -34.104 47.6954 0
      vertex -34.0346 47.8362 0
    endloop
  endfacet
  facet normal 0 0 -1
    outer loop
      vertex -35 -20.4336 0
      vertex -34.2947 -47.4469 0
      vertex -34.4127 -47.3434 0
    endloop
  endfacet
  facet normal 0 0 -1
    outer loop
      vertex -33.2319 18.8798 0
      vertex -34.1912 47.5649 0
      vertex -34.104 47.6954 0
    endloop
  endfacet
  facet normal 0 0 -1
    outer loop
      vertex -35 -20.4336 0
      vertex -34.4127 -47.3434 0
      vertex -34.5432 -47.2562 0
    endloop
  endfacet
  facet normal 0 0 -1
    outer loop
      vertex -33.2319 18.8798 0
      vertex -34.2947 47.4469 0
      vertex -34.1912 47.5649 0
    endloop
  endfacet
  facet normal 0 0 -1
    outer loop
      vertex -35 -20.4336 0
      vertex -34.5432 -47.2562 0
      vertex -34.684 -47.1867 0
    endloop
  endfacet
  facet normal 0 0 -1
    outer loop
      vertex -34.2947 47.4469 0
      vertex -35 20.4336 0
      vertex -34.4127 47.3434 0
    endloop
  endfacet
  facet normal 0 0 -1
    outer loop
      vertex -35 -20.4336 0
      vertex -34.684 -47.1867 0
      vertex -34.8326 -47.1363 0
    endloop
  endfacet
  facet normal 0 0 -1
    outer loop
      vertex -34.4127 47.3434 0
      vertex -35 20.4336 0
      vertex -34.5432 47.2562 0
    endloop
  endfacet
  facet normal 0 0 -1
    outer loop
      vertex -35 -20.4336 0
      vertex -34.8326 -47.1363 0
      vertex -34.9866 -47.1057 0
    endloop
  endfacet
  facet normal 0 0 -1
    outer loop
      vertex -34.5432 47.2562 0
      vertex -35 20.4336 0
      vertex -34.684 47.1867 0
    endloop
  endfacet
  facet normal 0 0 -1
    outer loop
      vertex -34.684 47.1867 0
      vertex -35 20.4336 0
      vertex -34.8326 47.1363 0
    endloop
  endfacet
  facet normal 0 0 -1
    outer loop
      vertex -47.1057 -34.9866 0
      vertex -34.9866 -47.1057 0
      vertex -35.1432 -47.0954 0
    endloop
  endfacet
  facet normal 0 0 -1
    outer loop
      vertex -47.0954 -35.1432 0
      vertex -35.1432 -47.0954 0
      vertex -35.2998 -47.1057 0
    endloop
  endfacet
  facet normal 0 0 -1
    outer loop
      vertex -47.1057 -35.2998 0
      vertex -35.2998 -47.1057 0
      vertex -35.4538 -47.1363 0
    endloop
  endfacet
  facet normal 0 0 -1
    outer loop
      vertex -47.1057 -35.2998 0
      vertex -35.4538 -47.1363 0
      vertex -35.6024 -47.1867 0
    endloop
  endfacet
  facet normal 0 0 -1
    outer loop
      vertex -47.1057 -35.2998 0
      vertex -35.6024 -47.1867 0
      vertex -35.7432 -47.2562 0
    endloop
  endfacet
  facet normal 0 0 -1
    outer loop
      vertex -47.1057 -35.2998 0
      vertex -35.7432 -47.2562 0
      vertex -35.8737 -47.3434 0
    endloop
  endfacet
  facet normal 0 0 -1
    outer loop
      vertex -47.1057 -35.2998 0
      vertex -35.8737 -47.3434 0
      vertex -35.9917 -47.4469 0
    endloop
  endfacet
  facet normal 0 0 -1
    outer loop
      vertex -47.1057 -35.2998 0
      vertex -35.9917 -47.4469 0
      vertex -36.0952 -47.5649 0
    endloop
  endfacet
  facet normal 0 0 -1
    outer loop
      vertex -47.1057 -35.2998 0
      vertex -36.0952 -47.5649 0
      vertex -36.1824 -47.6954 0
    endloop
  endfacet
  facet normal 0 0 -1
    outer loop
      vertex -47.1057 -35.2998 0
      vertex -36.1824 -47.6954 0
      vertex -36.2519 -47.8362 0
    endloop
  endfacet
  facet normal 0 0 -1
    outer loop
      vertex -47.1057 -35.2998 0
      vertex -36.2519 -47.8362 0
      vertex -36.3023 -47.9848 0
    endloop
  endfacet
  facet normal 0 0 -1
    outer loop
      vertex -47.1057 -35.2998 0
      vertex -36.3023 -47.9848 0
      vertex -36.3329 -48.1388 0
    endloop
  endfacet
  facet normal 0 0 -1
    outer loop
      vertex -42.5678 -57.1342 0
      vertex -36.3329 -48.1388 0
      vertex -36.3432 -48.2954 0
    endloop
  endfacet
  facet normal 0 0 -1
    outer loop
      vertex -48.1388 -36.3329 0
      vertex -36.3329 -48.1388 0
      vertex -42.5678 -57.1342 0
    endloop
  endfacet
  facet normal 0 0 -1
    outer loop
      vertex -35.1432 -47.0954 0
      vertex -47.0954 -35.1432 0
      vertex -47.1057 -34.9866 0
    endloop
  endfacet
  facet normal 0 0 -1
    outer loop
      vertex -34.9866 -47.1057 0
      vertex -47.1057 -34.9866 0
      vertex -35 -20.4336 0
    endloop
  endfacet
  facet normal 0 0 -1
    outer loop
      vertex -47.1363 -34.8326 0
      vertex -35 -20.4336 0
      vertex -47.1057 -34.9866 0
    endloop
  endfacet
  facet normal 0 0 -1
    outer loop
      vertex -47.1867 -34.684 0
      vertex -35 -20.4336 0
      vertex -47.1363 -34.8326 0
    endloop
  endfacet
  facet normal 0 0 -1
    outer loop
      vertex -47.2562 -34.5432 0
      vertex -35 -20.4336 0
      vertex -47.1867 -34.684 0
    endloop
  endfacet
  facet normal 0 0 -1
    outer loop
      vertex -47.3434 -34.4127 0
      vertex -35 -20.4336 0
      vertex -47.2562 -34.5432 0
    endloop
  endfacet
  facet normal 0 0 -1
    outer loop
      vertex -47.4469 -34.2947 0
      vertex -35 -20.4336 0
      vertex -47.3434 -34.4127 0
    endloop
  endfacet
  facet normal 0 0 -1
    outer loop
      vertex -47.5649 -34.1912 0
      vertex -35 -20.4336 0
      vertex -47.4469 -34.2947 0
    endloop
  endfacet
  facet normal 0 0 -1
    outer loop
      vertex -47.6954 -34.104 0
      vertex -35 -20.4336 0
      vertex -47.5649 -34.1912 0
    endloop
  endfacet
  facet normal 0 0 -1
    outer loop
      vertex -47.8362 -34.0346 0
      vertex -35 -20.4336 0
      vertex -47.6954 -34.104 0
    endloop
  endfacet
  facet normal 0 0 -1
    outer loop
      vertex -47.9848 -33.9841 0
      vertex -35 -20.4336 0
      vertex -47.8362 -34.0346 0
    endloop
  endfacet
  facet normal 0 0 -1
    outer loop
      vertex -48.1388 -33.9535 0
      vertex -35 -20.4336 0
      vertex -47.9848 -33.9841 0
    endloop
  endfacet
  facet normal 0 0 -1
    outer loop
      vertex -48.2954 -33.9432 0
      vertex -35 -20.4336 0
      vertex -48.1388 -33.9535 0
    endloop
  endfacet
  facet normal 0 0 -1
    outer loop
      vertex -48.452 -33.9535 0
      vertex -35 -20.4336 0
      vertex -48.2954 -33.9432 0
    endloop
  endfacet
  facet normal 0 0 -1
    outer loop
      vertex -35 -20.4336 0
      vertex -48.452 -33.9535 0
      vertex -48.5367 -33.9703 0
    endloop
  endfacet
  facet normal 0 0 -1
    outer loop
      vertex -16.9355 15.0281 0
      vertex -30.8319 18.8798 0
      vertex -16.95 15.25 0
    endloop
  endfacet
  facet normal 0 0 -1
    outer loop
      vertex -16.4521 14.0479 0
      vertex -30.8422 18.7231 0
      vertex -30.8319 18.8798 0
    endloop
  endfacet
  facet normal 0 0 -1
    outer loop
      vertex -31.3014 -17.9277 0
      vertex -16.8206 -14.5994 0
      vertex -31.1834 -18.0312 0
    endloop
  endfacet
  facet normal 0 0 -1
    outer loop
      vertex -16.4521 14.0479 0
      vertex -30.8728 18.5692 0
      vertex -30.8422 18.7231 0
    endloop
  endfacet
  facet normal -0 0 -1
    outer loop
      vertex -16.8206 -14.5994 0
      vertex -31.3014 -17.9277 0
      vertex -16.7222 -14.4 0
    endloop
  endfacet
  facet normal 0 0 -1
    outer loop
      vertex -16.4521 14.0479 0
      vertex -30.9233 18.4205 0
      vertex -30.8728 18.5692 0
    endloop
  endfacet
  facet normal 0 0 -1
    outer loop
      vertex -31.4319 -17.8405 0
      vertex -16.7222 -14.4 0
      vertex -31.3014 -17.9277 0
    endloop
  endfacet
  facet normal 0 0 -1
    outer loop
      vertex -16.4521 14.0479 0
      vertex -30.9927 18.2798 0
      vertex -30.9233 18.4205 0
    endloop
  endfacet
  facet normal -0 0 -1
    outer loop
      vertex -16.7222 -14.4 0
      vertex -31.4319 -17.8405 0
      vertex -16.5987 -14.2151 0
    endloop
  endfacet
  facet normal 0 0 -1
    outer loop
      vertex -16.4521 14.0479 0
      vertex -31.0799 18.1492 0
      vertex -30.9927 18.2798 0
    endloop
  endfacet
  facet normal 0 0 -1
    outer loop
      vertex -31.5727 -17.7711 0
      vertex -16.5987 -14.2151 0
      vertex -31.4319 -17.8405 0
    endloop
  endfacet
  facet normal 0 0 -1
    outer loop
      vertex -16.4521 14.0479 0
      vertex -31.1834 18.0312 0
      vertex -31.0799 18.1492 0
    endloop
  endfacet
  facet normal -0 0 -1
    outer loop
      vertex -16.5987 -14.2151 0
      vertex -31.5727 -17.7711 0
      vertex -16.4521 -14.0479 0
    endloop
  endfacet
  facet normal 0 0 -1
    outer loop
      vertex -16.4521 14.0479 0
      vertex -31.3014 17.9277 0
      vertex -31.1834 18.0312 0
    endloop
  endfacet
  facet normal 0 0 -1
    outer loop
      vertex -31.7214 -17.7206 0
      vertex -16.4521 -14.0479 0
      vertex -31.5727 -17.7711 0
    endloop
  endfacet
  facet normal 0 0 -1
    outer loop
      vertex -16.4521 14.0479 0
      vertex -31.4319 17.8405 0
      vertex -31.3014 17.9277 0
    endloop
  endfacet
  facet normal -0 0 -1
    outer loop
      vertex -16.4521 -14.0479 0
      vertex -31.7214 -17.7206 0
      vertex -16.4521 14.0479 0
    endloop
  endfacet
  facet normal 0 0 -1
    outer loop
      vertex -16.4521 14.0479 0
      vertex -31.5727 17.7711 0
      vertex -31.4319 17.8405 0
    endloop
  endfacet
  facet normal 0 0 -1
    outer loop
      vertex -31.7214 17.7206 0
      vertex -16.4521 14.0479 0
      vertex -31.7214 -17.7206 0
    endloop
  endfacet
  facet normal 0 0 -1
    outer loop
      vertex -16.4521 14.0479 0
      vertex -31.7214 17.7206 0
      vertex -31.5727 17.7711 0
    endloop
  endfacet
  facet normal 0 0 -1
    outer loop
      vertex -31.8753 -17.69 0
      vertex -31.7214 17.7206 0
      vertex -31.7214 -17.7206 0
    endloop
  endfacet
  facet normal 0 0 -1
    outer loop
      vertex -31.8753 -17.69 0
      vertex -31.8753 17.69 0
      vertex -31.7214 17.7206 0
    endloop
  endfacet
  facet normal 0 0 -1
    outer loop
      vertex -32.0319 -17.6798 0
      vertex -31.8753 17.69 0
      vertex -31.8753 -17.69 0
    endloop
  endfacet
  facet normal 0 0 -1
    outer loop
      vertex -32.0319 -17.6798 0
      vertex -32.0319 17.6798 0
      vertex -31.8753 17.69 0
    endloop
  endfacet
  facet normal 0 0 -1
    outer loop
      vertex -32.1886 -17.69 0
      vertex -32.0319 17.6798 0
      vertex -32.0319 -17.6798 0
    endloop
  endfacet
  facet normal 0 0 -1
    outer loop
      vertex -32.1886 -17.69 0
      vertex -32.1886 17.69 0
      vertex -32.0319 17.6798 0
    endloop
  endfacet
  facet normal 0 0 -1
    outer loop
      vertex -32.3425 -17.7206 0
      vertex -32.1886 17.69 0
      vertex -32.1886 -17.69 0
    endloop
  endfacet
  facet normal 0 0 -1
    outer loop
      vertex -32.3425 -17.7206 0
      vertex -32.3425 17.7206 0
      vertex -32.1886 17.69 0
    endloop
  endfacet
  facet normal 0 0 -1
    outer loop
      vertex -32.4912 -17.7711 0
      vertex -32.3425 17.7206 0
      vertex -32.3425 -17.7206 0
    endloop
  endfacet
  facet normal 0 0 -1
    outer loop
      vertex -32.4912 -17.7711 0
      vertex -32.4912 17.7711 0
      vertex -32.3425 17.7206 0
    endloop
  endfacet
  facet normal 0 0 -1
    outer loop
      vertex -32.6319 -17.8405 0
      vertex -32.4912 17.7711 0
      vertex -32.4912 -17.7711 0
    endloop
  endfacet
  facet normal 0 0 -1
    outer loop
      vertex -32.6319 -17.8405 0
      vertex -32.6319 17.8405 0
      vertex -32.4912 17.7711 0
    endloop
  endfacet
  facet normal 0 0 -1
    outer loop
      vertex -32.7625 -17.9277 0
      vertex -32.6319 17.8405 0
      vertex -32.6319 -17.8405 0
    endloop
  endfacet
  facet normal 0 0 -1
    outer loop
      vertex -32.7625 -17.9277 0
      vertex -32.7625 17.9277 0
      vertex -32.6319 17.8405 0
    endloop
  endfacet
  facet normal 0 0 -1
    outer loop
      vertex -32.8805 -18.0312 0
      vertex -32.7625 17.9277 0
      vertex -32.7625 -17.9277 0
    endloop
  endfacet
  facet normal 0 0 -1
    outer loop
      vertex -32.8805 -18.0312 0
      vertex -32.8805 18.0312 0
      vertex -32.7625 17.9277 0
    endloop
  endfacet
  facet normal 0 0 -1
    outer loop
      vertex -32.984 -18.1492 0
      vertex -32.8805 18.0312 0
      vertex -32.8805 -18.0312 0
    endloop
  endfacet
  facet normal 0 0 -1
    outer loop
      vertex -32.984 -18.1492 0
      vertex -32.984 18.1492 0
      vertex -32.8805 18.0312 0
    endloop
  endfacet
  facet normal 0 0 -1
    outer loop
      vertex -35 -20.4336 0
      vertex -32.984 -18.1492 0
      vertex -33.0712 -18.2798 0
    endloop
  endfacet
  facet normal -0 0 -1
    outer loop
      vertex -32.984 -18.1492 0
      vertex -35 -20.4336 0
      vertex -32.984 18.1492 0
    endloop
  endfacet
  facet normal 0 0 -1
    outer loop
      vertex -35 -20.4336 0
      vertex -33.0712 -18.2798 0
      vertex -33.1406 -18.4205 0
    endloop
  endfacet
  facet normal 0 0 -1
    outer loop
      vertex -35 20.4336 0
      vertex -32.984 18.1492 0
      vertex -35 -20.4336 0
    endloop
  endfacet
  facet normal 0 0 -1
    outer loop
      vertex -35 -20.4336 0
      vertex -33.1406 -18.4205 0
      vertex -33.191 -18.5692 0
    endloop
  endfacet
  facet normal 0 0 -1
    outer loop
      vertex -32.984 18.1492 0
      vertex -35 20.4336 0
      vertex -33.0712 18.2798 0
    endloop
  endfacet
  facet normal 0 0 -1
    outer loop
      vertex -35 -20.4336 0
      vertex -33.191 -18.5692 0
      vertex -33.2217 -18.7231 0
    endloop
  endfacet
  facet normal 0 0 -1
    outer loop
      vertex -33.0712 18.2798 0
      vertex -35 20.4336 0
      vertex -33.1406 18.4205 0
    endloop
  endfacet
  facet normal 0 0 -1
    outer loop
      vertex -35 -20.4336 0
      vertex -33.2217 -18.7231 0
      vertex -33.2319 -18.8798 0
    endloop
  endfacet
  facet normal 0 0 -1
    outer loop
      vertex -33.1406 18.4205 0
      vertex -35 20.4336 0
      vertex -33.191 18.5692 0
    endloop
  endfacet
  facet normal -0 0 -1
    outer loop
      vertex -19.7283 31.1834 0
      vertex -31.1834 19.7283 0
      vertex -19.8318 31.3014 0
    endloop
  endfacet
  facet normal 0 0 -1
    outer loop
      vertex -31.3014 19.8318 0
      vertex -19.8318 31.3014 0
      vertex -31.1834 19.7283 0
    endloop
  endfacet
  facet normal -0 0 -1
    outer loop
      vertex -19.8318 31.3014 0
      vertex -31.3014 19.8318 0
      vertex -19.919 31.4319 0
    endloop
  endfacet
  facet normal 0 0 -1
    outer loop
      vertex -31.4319 19.919 0
      vertex -19.919 31.4319 0
      vertex -31.3014 19.8318 0
    endloop
  endfacet
  facet normal -0 0 -1
    outer loop
      vertex -19.919 31.4319 0
      vertex -31.4319 19.919 0
      vertex -19.9884 31.5727 0
    endloop
  endfacet
  facet normal 0 0 -1
    outer loop
      vertex -31.5727 19.9884 0
      vertex -19.9884 31.5727 0
      vertex -31.4319 19.919 0
    endloop
  endfacet
  facet normal -0 0 -1
    outer loop
      vertex -19.9884 31.5727 0
      vertex -31.5727 19.9884 0
      vertex -20.0389 31.7214 0
    endloop
  endfacet
  facet normal 0 0 -1
    outer loop
      vertex -31.7214 20.0389 0
      vertex -20.0389 31.7214 0
      vertex -31.5727 19.9884 0
    endloop
  endfacet
  facet normal -0 0 -1
    outer loop
      vertex -20.0389 31.7214 0
      vertex -31.7214 20.0389 0
      vertex -20.0695 31.8753 0
    endloop
  endfacet
  facet normal 0 0 -1
    outer loop
      vertex -31.8753 20.0695 0
      vertex -20.0695 31.8753 0
      vertex -31.7214 20.0389 0
    endloop
  endfacet
  facet normal -0 0 -1
    outer loop
      vertex -20.0695 31.8753 0
      vertex -31.8753 20.0695 0
      vertex -20.0798 32.0319 0
    endloop
  endfacet
  facet normal 0 0 -1
    outer loop
      vertex -32.0319 20.0798 0
      vertex -20.0798 32.0319 0
      vertex -31.8753 20.0695 0
    endloop
  endfacet
  facet normal -0 0 -1
    outer loop
      vertex -20.0798 32.0319 0
      vertex -32.0319 20.0798 0
      vertex -20.4336 35 0
    endloop
  endfacet
  facet normal 0 0 -1
    outer loop
      vertex -32.1886 20.0695 0
      vertex -20.4336 35 0
      vertex -32.0319 20.0798 0
    endloop
  endfacet
  facet normal 0 0 -1
    outer loop
      vertex -33.9432 48.2954 0
      vertex -32.1886 20.0695 0
      vertex -32.3425 20.0389 0
    endloop
  endfacet
  facet normal 0 0 -1
    outer loop
      vertex -33.9432 48.2954 0
      vertex -32.3425 20.0389 0
      vertex -32.4912 19.9884 0
    endloop
  endfacet
  facet normal 0 0 -1
    outer loop
      vertex -33.9432 48.2954 0
      vertex -32.4912 19.9884 0
      vertex -32.6319 19.919 0
    endloop
  endfacet
  facet normal 0 0 -1
    outer loop
      vertex -33.9432 48.2954 0
      vertex -32.6319 19.919 0
      vertex -32.7625 19.8318 0
    endloop
  endfacet
  facet normal 0 0 -1
    outer loop
      vertex -33.9432 48.2954 0
      vertex -32.7625 19.8318 0
      vertex -32.8805 19.7283 0
    endloop
  endfacet
  facet normal 0 0 -1
    outer loop
      vertex -33.9432 48.2954 0
      vertex -32.8805 19.7283 0
      vertex -32.984 19.6103 0
    endloop
  endfacet
  facet normal -0 0 -1
    outer loop
      vertex -33.2217 -19.0364 0
      vertex -35 -20.4336 0
      vertex -33.2319 -18.8798 0
    endloop
  endfacet
  facet normal 0 0 -1
    outer loop
      vertex -33.9432 48.2954 0
      vertex -33.2217 19.0364 0
      vertex -33.2319 18.8798 0
    endloop
  endfacet
  facet normal 0 0 -1
    outer loop
      vertex -33.9432 48.2954 0
      vertex -33.191 19.1903 0
      vertex -33.2217 19.0364 0
    endloop
  endfacet
  facet normal 0 0 -1
    outer loop
      vertex -33.9432 48.2954 0
      vertex -33.1406 19.339 0
      vertex -33.191 19.1903 0
    endloop
  endfacet
  facet normal 0 0 -1
    outer loop
      vertex -33.9432 48.2954 0
      vertex -33.0712 19.4798 0
      vertex -33.1406 19.339 0
    endloop
  endfacet
  facet normal 0 0 -1
    outer loop
      vertex -33.9432 48.2954 0
      vertex -32.984 19.6103 0
      vertex -33.0712 19.4798 0
    endloop
  endfacet
  facet normal 0 0 -1
    outer loop
      vertex -32.1886 20.0695 0
      vertex -33.9432 48.2954 0
      vertex -20.4336 35 0
    endloop
  endfacet
  facet normal 0 0 -1
    outer loop
      vertex -33.9535 48.452 0
      vertex -20.4336 35 0
      vertex -33.9432 48.2954 0
    endloop
  endfacet
  facet normal 0 0 -1
    outer loop
      vertex -20.4336 35 0
      vertex -33.9535 48.452 0
      vertex -33.9703 48.5367 0
    endloop
  endfacet
  facet normal 0 0 -1
    outer loop
      vertex -34.8326 47.1363 0
      vertex -35 20.4336 0
      vertex -34.9866 47.1057 0
    endloop
  endfacet
  facet normal 0 0 -1
    outer loop
      vertex -47.1057 34.9866 0
      vertex -34.9866 47.1057 0
      vertex -35 20.4336 0
    endloop
  endfacet
  facet normal 0 0 -1
    outer loop
      vertex -34.9866 47.1057 0
      vertex -47.1057 34.9866 0
      vertex -35.1432 47.0954 0
    endloop
  endfacet
  facet normal 0 -0 -1
    outer loop
      vertex -47.0954 35.1432 0
      vertex -35.1432 47.0954 0
      vertex -47.1057 34.9866 0
    endloop
  endfacet
  facet normal -0 0 -1
    outer loop
      vertex -35.1432 47.0954 0
      vertex -47.0954 35.1432 0
      vertex -35.2998 47.1057 0
    endloop
  endfacet
  facet normal 0 0 -1
    outer loop
      vertex -47.1057 35.2998 0
      vertex -35.2998 47.1057 0
      vertex -47.0954 35.1432 0
    endloop
  endfacet
  facet normal -0 0 -1
    outer loop
      vertex -35.2998 47.1057 0
      vertex -47.1057 35.2998 0
      vertex -35.4538 47.1363 0
    endloop
  endfacet
  facet normal 0 0 -1
    outer loop
      vertex -47.1363 35.4538 0
      vertex -35.4538 47.1363 0
      vertex -47.1057 35.2998 0
    endloop
  endfacet
  facet normal -0 0 -1
    outer loop
      vertex -35.4538 47.1363 0
      vertex -47.1363 35.4538 0
      vertex -35.6024 47.1867 0
    endloop
  endfacet
  facet normal -0 0 -1
    outer loop
      vertex -35.6024 47.1867 0
      vertex -47.1867 35.6024 0
      vertex -35.7432 47.2562 0
    endloop
  endfacet
  facet normal 0 0 -1
    outer loop
      vertex -47.2562 35.7432 0
      vertex -35.7432 47.2562 0
      vertex -47.1867 35.6024 0
    endloop
  endfacet
  facet normal -0 0 -1
    outer loop
      vertex -35.7432 47.2562 0
      vertex -47.2562 35.7432 0
      vertex -35.8737 47.3434 0
    endloop
  endfacet
  facet normal 0 0 -1
    outer loop
      vertex -47.3434 35.8737 0
      vertex -35.8737 47.3434 0
      vertex -47.2562 35.7432 0
    endloop
  endfacet
  facet normal -0 0 -1
    outer loop
      vertex -35.8737 47.3434 0
      vertex -47.3434 35.8737 0
      vertex -35.9917 47.4469 0
    endloop
  endfacet
  facet normal 0 0 -1
    outer loop
      vertex -47.4469 35.9917 0
      vertex -35.9917 47.4469 0
      vertex -47.3434 35.8737 0
    endloop
  endfacet
  facet normal 0 0 -1
    outer loop
      vertex -36.3329 48.1388 0
      vertex -42.5678 57.1342 0
      vertex -36.3432 48.2954 0
    endloop
  endfacet
  facet normal 0 0 -1
    outer loop
      vertex -47.1867 35.6024 0
      vertex -35.6024 47.1867 0
      vertex -47.1363 35.4538 0
    endloop
  endfacet
  facet normal 0 0 -1
    outer loop
      vertex -35 20.4336 0
      vertex -47.1363 34.8326 0
      vertex -47.1057 34.9866 0
    endloop
  endfacet
  facet normal 0 0 -1
    outer loop
      vertex -35 20.4336 0
      vertex -47.1867 34.684 0
      vertex -47.1363 34.8326 0
    endloop
  endfacet
  facet normal 0 0 -1
    outer loop
      vertex -35 20.4336 0
      vertex -47.2562 34.5432 0
      vertex -47.1867 34.684 0
    endloop
  endfacet
  facet normal 0 0 -1
    outer loop
      vertex -35 20.4336 0
      vertex -47.3434 34.4127 0
      vertex -47.2562 34.5432 0
    endloop
  endfacet
  facet normal 0 0 -1
    outer loop
      vertex -35 20.4336 0
      vertex -47.4469 34.2947 0
      vertex -47.3434 34.4127 0
    endloop
  endfacet
  facet normal 0 0 -1
    outer loop
      vertex -35 20.4336 0
      vertex -47.5649 34.1912 0
      vertex -47.4469 34.2947 0
    endloop
  endfacet
  facet normal 0 0 -1
    outer loop
      vertex -35 20.4336 0
      vertex -47.6954 34.104 0
      vertex -47.5649 34.1912 0
    endloop
  endfacet
  facet normal 0 0 -1
    outer loop
      vertex -35 20.4336 0
      vertex -47.8362 34.0346 0
      vertex -47.6954 34.104 0
    endloop
  endfacet
  facet normal 0 0 -1
    outer loop
      vertex -35 20.4336 0
      vertex -47.9848 33.9841 0
      vertex -47.8362 34.0346 0
    endloop
  endfacet
  facet normal 0 0 -1
    outer loop
      vertex -35 20.4336 0
      vertex -48.1388 33.9535 0
      vertex -47.9848 33.9841 0
    endloop
  endfacet
  facet normal 0 0 -1
    outer loop
      vertex -35 20.4336 0
      vertex -48.2954 33.9432 0
      vertex -48.1388 33.9535 0
    endloop
  endfacet
  facet normal 0 0 -1
    outer loop
      vertex -35 20.4336 0
      vertex -48.452 33.9535 0
      vertex -48.2954 33.9432 0
    endloop
  endfacet
  facet normal -0 -0 -1
    outer loop
      vertex -48.452 33.9535 0
      vertex -35 20.4336 0
      vertex -48.5367 33.9703 0
    endloop
  endfacet
  facet normal -0 0 -1
    outer loop
      vertex -49.4851 -34.9866 0
      vertex -57.1342 -42.5678 0
      vertex -49.4683 -34.9019 0
    endloop
  endfacet
  facet normal 0 0 -1
    outer loop
      vertex -57.1342 -42.5678 0
      vertex -49.4851 -34.9866 0
      vertex -49.4954 -35.1432 0
    endloop
  endfacet
  facet normal 0 0 -1
    outer loop
      vertex -18.8798 -30.8319 0
      vertex -15.9006 -16.8206 0
      vertex -18.7231 -30.8422 0
    endloop
  endfacet
  facet normal 0 0 -1
    outer loop
      vertex -16.95 15.25 0
      vertex -17.69 31.8753 0
      vertex -17.6798 32.0319 0
    endloop
  endfacet
  facet normal -0 0 -1
    outer loop
      vertex -15.9006 -16.8206 0
      vertex -18.8798 -30.8319 0
      vertex -16.1 -16.7222 0
    endloop
  endfacet
  facet normal 0 0 -1
    outer loop
      vertex -16.95 15.25 0
      vertex -17.7206 31.7214 0
      vertex -17.69 31.8753 0
    endloop
  endfacet
  facet normal 0 0 -1
    outer loop
      vertex -19.0364 -30.8422 0
      vertex -16.1 -16.7222 0
      vertex -18.8798 -30.8319 0
    endloop
  endfacet
  facet normal 0 0 -1
    outer loop
      vertex -16.95 15.25 0
      vertex -17.7711 31.5727 0
      vertex -17.7206 31.7214 0
    endloop
  endfacet
  facet normal -0 0 -1
    outer loop
      vertex -16.1 -16.7222 0
      vertex -19.0364 -30.8422 0
      vertex -16.2849 -16.5987 0
    endloop
  endfacet
  facet normal 0 0 -1
    outer loop
      vertex -16.95 15.25 0
      vertex -17.8405 31.4319 0
      vertex -17.7711 31.5727 0
    endloop
  endfacet
  facet normal 0 0 -1
    outer loop
      vertex -19.1903 -30.8728 0
      vertex -16.2849 -16.5987 0
      vertex -19.0364 -30.8422 0
    endloop
  endfacet
  facet normal 0 0 -1
    outer loop
      vertex -16.95 15.25 0
      vertex -17.9277 31.3014 0
      vertex -17.8405 31.4319 0
    endloop
  endfacet
  facet normal -0 0 -1
    outer loop
      vertex -16.2849 -16.5987 0
      vertex -19.1903 -30.8728 0
      vertex -16.4521 -16.4521 0
    endloop
  endfacet
  facet normal 0 0 -1
    outer loop
      vertex -16.95 15.25 0
      vertex -18.0312 31.1834 0
      vertex -17.9277 31.3014 0
    endloop
  endfacet
  facet normal 0 0 -1
    outer loop
      vertex -19.339 -30.9233 0
      vertex -16.4521 -16.4521 0
      vertex -19.1903 -30.8728 0
    endloop
  endfacet
  facet normal 0 0 -1
    outer loop
      vertex -16.95 15.25 0
      vertex -18.1492 31.0799 0
      vertex -18.0312 31.1834 0
    endloop
  endfacet
  facet normal 0 0 -1
    outer loop
      vertex -30.8319 -18.8798 0
      vertex -16.4521 -16.4521 0
      vertex -19.339 -30.9233 0
    endloop
  endfacet
  facet normal 0 0 -1
    outer loop
      vertex -16.95 15.25 0
      vertex -18.2798 30.9927 0
      vertex -18.1492 31.0799 0
    endloop
  endfacet
  facet normal -0 0 -1
    outer loop
      vertex -16.8921 -15.69 0
      vertex -30.8728 -18.5692 0
      vertex -16.9355 -15.4719 0
    endloop
  endfacet
  facet normal 0 0 -1
    outer loop
      vertex -16.8921 14.81 0
      vertex -30.8319 18.8798 0
      vertex -16.9355 15.0281 0
    endloop
  endfacet
  facet normal -0 0 -1
    outer loop
      vertex -16.4521 -16.4521 0
      vertex -30.8319 -18.8798 0
      vertex -16.5987 -16.2849 0
    endloop
  endfacet
  facet normal 0 0 -1
    outer loop
      vertex -16.95 15.25 0
      vertex -18.4205 30.9233 0
      vertex -18.2798 30.9927 0
    endloop
  endfacet
  facet normal -0 0 -1
    outer loop
      vertex -16.5987 -16.2849 0
      vertex -30.8319 -18.8798 0
      vertex -16.7222 -16.1 0
    endloop
  endfacet
  facet normal 0 0 -1
    outer loop
      vertex -16.95 15.25 0
      vertex -18.5692 30.8728 0
      vertex -18.4205 30.9233 0
    endloop
  endfacet
  facet normal -0 0 -1
    outer loop
      vertex -16.7222 -16.1 0
      vertex -30.8319 -18.8798 0
      vertex -16.8206 -15.9006 0
    endloop
  endfacet
  facet normal 0 0 -1
    outer loop
      vertex -16.95 15.25 0
      vertex -18.7231 30.8422 0
      vertex -18.5692 30.8728 0
    endloop
  endfacet
  facet normal 0 0 -1
    outer loop
      vertex -30.8422 -18.7231 0
      vertex -16.8206 -15.9006 0
      vertex -30.8319 -18.8798 0
    endloop
  endfacet
  facet normal 0 0 -1
    outer loop
      vertex -16.95 15.25 0
      vertex -18.8798 30.8319 0
      vertex -18.7231 30.8422 0
    endloop
  endfacet
  facet normal -0 0 -1
    outer loop
      vertex -16.8206 -15.9006 0
      vertex -30.8422 -18.7231 0
      vertex -16.8921 -15.69 0
    endloop
  endfacet
  facet normal 0 0 -1
    outer loop
      vertex -16.95 15.25 0
      vertex -19.0364 30.8422 0
      vertex -18.8798 30.8319 0
    endloop
  endfacet
  facet normal 0 0 -1
    outer loop
      vertex -30.8728 -18.5692 0
      vertex -16.8921 -15.69 0
      vertex -30.8422 -18.7231 0
    endloop
  endfacet
  facet normal 0 0 -1
    outer loop
      vertex -16.95 15.25 0
      vertex -19.1903 30.8728 0
      vertex -19.0364 30.8422 0
    endloop
  endfacet
  facet normal 0 0 -1
    outer loop
      vertex -30.8319 -18.8798 0
      vertex -19.339 -30.9233 0
      vertex -19.4798 -30.9927 0
    endloop
  endfacet
  facet normal 0 0 -1
    outer loop
      vertex -16.95 15.25 0
      vertex -19.339 30.9233 0
      vertex -19.1903 30.8728 0
    endloop
  endfacet
  facet normal 0 0 -1
    outer loop
      vertex -30.8319 -18.8798 0
      vertex -19.4798 -30.9927 0
      vertex -19.6103 -31.0799 0
    endloop
  endfacet
  facet normal 0 0 -1
    outer loop
      vertex -30.8422 19.0364 0
      vertex -16.95 15.25 0
      vertex -30.8319 18.8798 0
    endloop
  endfacet
  facet normal 0 0 -1
    outer loop
      vertex -30.8319 -18.8798 0
      vertex -19.6103 -31.0799 0
      vertex -19.7283 -31.1834 0
    endloop
  endfacet
  facet normal 0 0 -1
    outer loop
      vertex -30.8728 19.1903 0
      vertex -16.95 15.25 0
      vertex -30.8422 19.0364 0
    endloop
  endfacet
  facet normal 0 0 -1
    outer loop
      vertex -30.8319 -18.8798 0
      vertex -19.7283 -31.1834 0
      vertex -19.8318 -31.3014 0
    endloop
  endfacet
  facet normal 0 0 -1
    outer loop
      vertex -30.9233 19.339 0
      vertex -16.95 15.25 0
      vertex -30.8728 19.1903 0
    endloop
  endfacet
  facet normal 0 0 -1
    outer loop
      vertex -30.8319 -18.8798 0
      vertex -19.8318 -31.3014 0
      vertex -19.919 -31.4319 0
    endloop
  endfacet
  facet normal 0 0 -1
    outer loop
      vertex -16.95 15.25 0
      vertex -30.9233 19.339 0
      vertex -19.339 30.9233 0
    endloop
  endfacet
  facet normal 0 0 -1
    outer loop
      vertex -30.8319 -18.8798 0
      vertex -19.919 -31.4319 0
      vertex -19.9884 -31.5727 0
    endloop
  endfacet
  facet normal -0 0 -1
    outer loop
      vertex -19.339 30.9233 0
      vertex -30.9233 19.339 0
      vertex -19.4798 30.9927 0
    endloop
  endfacet
  facet normal 0 0 -1
    outer loop
      vertex -30.8319 -18.8798 0
      vertex -19.9884 -31.5727 0
      vertex -20.0389 -31.7214 0
    endloop
  endfacet
  facet normal 0 0 -1
    outer loop
      vertex -30.9927 19.4798 0
      vertex -19.4798 30.9927 0
      vertex -30.9233 19.339 0
    endloop
  endfacet
  facet normal 0 0 -1
    outer loop
      vertex -30.8319 -18.8798 0
      vertex -20.0389 -31.7214 0
      vertex -20.0695 -31.8753 0
    endloop
  endfacet
  facet normal -0 0 -1
    outer loop
      vertex -19.4798 30.9927 0
      vertex -30.9927 19.4798 0
      vertex -19.6103 31.0799 0
    endloop
  endfacet
  facet normal 0 0 -1
    outer loop
      vertex -30.8319 -18.8798 0
      vertex -20.0695 -31.8753 0
      vertex -20.0798 -32.0319 0
    endloop
  endfacet
  facet normal 0 0 -1
    outer loop
      vertex -31.0799 19.6103 0
      vertex -19.6103 31.0799 0
      vertex -30.9927 19.4798 0
    endloop
  endfacet
  facet normal 0 0 -1
    outer loop
      vertex 13.7778 -14.4 0
      vertex -13.7778 -14.4 0
      vertex 13.9013 -14.2151 0
    endloop
  endfacet
  facet normal 0 0 -1
    outer loop
      vertex 14.0479 14.0479 0
      vertex -13.5645 15.0281 0
      vertex -13.55 15.25 0
    endloop
  endfacet
  facet normal 0 0 -1
    outer loop
      vertex -13.9013 -14.2151 0
      vertex 13.9013 -14.2151 0
      vertex -13.7778 -14.4 0
    endloop
  endfacet
  facet normal 0 0 -1
    outer loop
      vertex 14.0479 14.0479 0
      vertex -13.6079 14.81 0
      vertex -13.5645 15.0281 0
    endloop
  endfacet
  facet normal 0 0 -1
    outer loop
      vertex 13.9013 -14.2151 0
      vertex -13.9013 -14.2151 0
      vertex 14.0479 -14.0479 0
    endloop
  endfacet
  facet normal 0 0 -1
    outer loop
      vertex 14.0479 14.0479 0
      vertex -13.6794 14.5994 0
      vertex -13.6079 14.81 0
    endloop
  endfacet
  facet normal 0 0 -1
    outer loop
      vertex -14.0479 -14.0479 0
      vertex 14.0479 -14.0479 0
      vertex -13.9013 -14.2151 0
    endloop
  endfacet
  facet normal 0 0 -1
    outer loop
      vertex 14.0479 14.0479 0
      vertex -13.7778 14.4 0
      vertex -13.6794 14.5994 0
    endloop
  endfacet
  facet normal 0 0 -1
    outer loop
      vertex 14.0479 -14.0479 0
      vertex -14.0479 -14.0479 0
      vertex 14.0479 14.0479 0
    endloop
  endfacet
  facet normal 0 0 -1
    outer loop
      vertex 14.0479 14.0479 0
      vertex -13.9013 14.2151 0
      vertex -13.7778 14.4 0
    endloop
  endfacet
  facet normal 0 0 -1
    outer loop
      vertex -14.0479 14.0479 0
      vertex 14.0479 14.0479 0
      vertex -14.0479 -14.0479 0
    endloop
  endfacet
  facet normal 0 0 -1
    outer loop
      vertex 14.0479 14.0479 0
      vertex -14.0479 14.0479 0
      vertex -13.9013 14.2151 0
    endloop
  endfacet
  facet normal 0 0 -1
    outer loop
      vertex -14.2151 -13.9013 0
      vertex -14.0479 14.0479 0
      vertex -14.0479 -14.0479 0
    endloop
  endfacet
  facet normal 0 0 -1
    outer loop
      vertex -14.2151 -13.9013 0
      vertex -14.2151 13.9013 0
      vertex -14.0479 14.0479 0
    endloop
  endfacet
  facet normal 0 0 -1
    outer loop
      vertex -14.4 -13.7778 0
      vertex -14.2151 13.9013 0
      vertex -14.2151 -13.9013 0
    endloop
  endfacet
  facet normal 0 0 -1
    outer loop
      vertex -14.4 -13.7778 0
      vertex -14.4 13.7778 0
      vertex -14.2151 13.9013 0
    endloop
  endfacet
  facet normal 0 0 -1
    outer loop
      vertex -14.5994 -13.6794 0
      vertex -14.4 13.7778 0
      vertex -14.4 -13.7778 0
    endloop
  endfacet
  facet normal 0 0 -1
    outer loop
      vertex -14.5994 -13.6794 0
      vertex -14.5994 13.6794 0
      vertex -14.4 13.7778 0
    endloop
  endfacet
  facet normal 0 0 -1
    outer loop
      vertex -14.81 -13.6079 0
      vertex -14.5994 13.6794 0
      vertex -14.5994 -13.6794 0
    endloop
  endfacet
  facet normal 0 0 -1
    outer loop
      vertex -14.81 -13.6079 0
      vertex -14.81 13.6079 0
      vertex -14.5994 13.6794 0
    endloop
  endfacet
  facet normal 0 0 -1
    outer loop
      vertex -15.0281 -13.5645 0
      vertex -14.81 13.6079 0
      vertex -14.81 -13.6079 0
    endloop
  endfacet
  facet normal 0 0 -1
    outer loop
      vertex -15.0281 -13.5645 0
      vertex -15.0281 13.5645 0
      vertex -14.81 13.6079 0
    endloop
  endfacet
  facet normal 0 0 -1
    outer loop
      vertex -15.25 -13.55 0
      vertex -15.0281 13.5645 0
      vertex -15.0281 -13.5645 0
    endloop
  endfacet
  facet normal 0 0 -1
    outer loop
      vertex -15.25 -13.55 0
      vertex -15.25 13.55 0
      vertex -15.0281 13.5645 0
    endloop
  endfacet
  facet normal 0 0 -1
    outer loop
      vertex -15.4719 -13.5645 0
      vertex -15.25 13.55 0
      vertex -15.25 -13.55 0
    endloop
  endfacet
  facet normal 0 0 -1
    outer loop
      vertex -15.4719 -13.5645 0
      vertex -15.4719 13.5645 0
      vertex -15.25 13.55 0
    endloop
  endfacet
  facet normal 0 0 -1
    outer loop
      vertex -15.69 -13.6079 0
      vertex -15.4719 13.5645 0
      vertex -15.4719 -13.5645 0
    endloop
  endfacet
  facet normal 0 0 -1
    outer loop
      vertex -15.69 -13.6079 0
      vertex -15.69 13.6079 0
      vertex -15.4719 13.5645 0
    endloop
  endfacet
  facet normal 0 0 -1
    outer loop
      vertex -15.9006 -13.6794 0
      vertex -15.69 13.6079 0
      vertex -15.69 -13.6079 0
    endloop
  endfacet
  facet normal 0 0 -1
    outer loop
      vertex -15.9006 -13.6794 0
      vertex -15.9006 13.6794 0
      vertex -15.69 13.6079 0
    endloop
  endfacet
  facet normal 0 0 -1
    outer loop
      vertex -16.1 -13.7778 0
      vertex -15.9006 13.6794 0
      vertex -15.9006 -13.6794 0
    endloop
  endfacet
  facet normal 0 0 -1
    outer loop
      vertex -16.1 -13.7778 0
      vertex -16.1 13.7778 0
      vertex -15.9006 13.6794 0
    endloop
  endfacet
  facet normal 0 0 -1
    outer loop
      vertex -16.2849 -13.9013 0
      vertex -16.1 13.7778 0
      vertex -16.1 -13.7778 0
    endloop
  endfacet
  facet normal 0 0 -1
    outer loop
      vertex -16.2849 -13.9013 0
      vertex -16.2849 13.9013 0
      vertex -16.1 13.7778 0
    endloop
  endfacet
  facet normal 0 0 -1
    outer loop
      vertex -16.4521 -14.0479 0
      vertex -16.2849 13.9013 0
      vertex -16.2849 -13.9013 0
    endloop
  endfacet
  facet normal 0 0 -1
    outer loop
      vertex -16.4521 -14.0479 0
      vertex -16.4521 14.0479 0
      vertex -16.2849 13.9013 0
    endloop
  endfacet
  facet normal -0 0 -1
    outer loop
      vertex -16.9355 -15.0281 0
      vertex -31.0799 -18.1492 0
      vertex -16.8921 -14.81 0
    endloop
  endfacet
  facet normal 0 0 -1
    outer loop
      vertex -31.1834 -18.0312 0
      vertex -16.8921 -14.81 0
      vertex -31.0799 -18.1492 0
    endloop
  endfacet
  facet normal 0 0 -1
    outer loop
      vertex -31.0799 -18.1492 0
      vertex -16.9355 -15.0281 0
      vertex -30.9927 -18.2798 0
    endloop
  endfacet
  facet normal -0 0 -1
    outer loop
      vertex -16.8921 -14.81 0
      vertex -31.1834 -18.0312 0
      vertex -16.8206 -14.5994 0
    endloop
  endfacet
  facet normal -0 0 -1
    outer loop
      vertex -16.95 -15.25 0
      vertex -30.9927 -18.2798 0
      vertex -16.9355 -15.0281 0
    endloop
  endfacet
  facet normal 0 0 -1
    outer loop
      vertex -16.4521 14.0479 0
      vertex -30.8319 18.8798 0
      vertex -16.5987 14.2151 0
    endloop
  endfacet
  facet normal 0 0 -1
    outer loop
      vertex -30.9927 -18.2798 0
      vertex -16.95 -15.25 0
      vertex -30.9233 -18.4205 0
    endloop
  endfacet
  facet normal 0 0 -1
    outer loop
      vertex -16.5987 14.2151 0
      vertex -30.8319 18.8798 0
      vertex -16.7222 14.4 0
    endloop
  endfacet
  facet normal -0 0 -1
    outer loop
      vertex -16.9355 -15.4719 0
      vertex -30.9233 -18.4205 0
      vertex -16.95 -15.25 0
    endloop
  endfacet
  facet normal 0 0 -1
    outer loop
      vertex -16.7222 14.4 0
      vertex -30.8319 18.8798 0
      vertex -16.8206 14.5994 0
    endloop
  endfacet
  facet normal 0 0 -1
    outer loop
      vertex -30.9233 -18.4205 0
      vertex -16.9355 -15.4719 0
      vertex -30.8728 -18.5692 0
    endloop
  endfacet
  facet normal 0 0 -1
    outer loop
      vertex -16.8206 14.5994 0
      vertex -30.8319 18.8798 0
      vertex -16.8921 14.81 0
    endloop
  endfacet
  facet normal -0 0 -1
    outer loop
      vertex 31.0799 18.1492 0
      vertex 16.95 15.25 0
      vertex 30.9927 18.2798 0
    endloop
  endfacet
  facet normal 0 0 -1
    outer loop
      vertex 31.7214 17.7206 0
      vertex 16.9355 15.0281 0
      vertex 16.95 15.25 0
    endloop
  endfacet
  facet normal 0 0 -1
    outer loop
      vertex 31.4319 -17.8405 0
      vertex 16.5987 -14.2151 0
      vertex 31.5727 -17.7711 0
    endloop
  endfacet
  facet normal 0 0 -1
    outer loop
      vertex 31.7214 17.7206 0
      vertex 16.8921 14.81 0
      vertex 16.9355 15.0281 0
    endloop
  endfacet
  facet normal 0 0 -1
    outer loop
      vertex 16.4521 -14.0479 0
      vertex 31.5727 -17.7711 0
      vertex 16.5987 -14.2151 0
    endloop
  endfacet
  facet normal 0 0 -1
    outer loop
      vertex 31.7214 17.7206 0
      vertex 16.8206 14.5994 0
      vertex 16.8921 14.81 0
    endloop
  endfacet
  facet normal 0 0 -1
    outer loop
      vertex 31.5727 -17.7711 0
      vertex 16.4521 -14.0479 0
      vertex 31.7214 -17.7206 0
    endloop
  endfacet
  facet normal 0 0 -1
    outer loop
      vertex 31.7214 17.7206 0
      vertex 16.7222 14.4 0
      vertex 16.8206 14.5994 0
    endloop
  endfacet
  facet normal 0 0 -1
    outer loop
      vertex 16.2849 -13.9013 0
      vertex 31.7214 -17.7206 0
      vertex 16.4521 -14.0479 0
    endloop
  endfacet
  facet normal 0 0 -1
    outer loop
      vertex 31.7214 17.7206 0
      vertex 16.5987 14.2151 0
      vertex 16.7222 14.4 0
    endloop
  endfacet
  facet normal 0 0 -1
    outer loop
      vertex 31.7214 -17.7206 0
      vertex 16.2849 -13.9013 0
      vertex 31.7214 17.7206 0
    endloop
  endfacet
  facet normal 0 0 -1
    outer loop
      vertex 31.7214 17.7206 0
      vertex 16.4521 14.0479 0
      vertex 16.5987 14.2151 0
    endloop
  endfacet
  facet normal 0 0 -1
    outer loop
      vertex 16.2849 13.9013 0
      vertex 31.7214 17.7206 0
      vertex 16.2849 -13.9013 0
    endloop
  endfacet
  facet normal 0 0 -1
    outer loop
      vertex 31.7214 17.7206 0
      vertex 16.2849 13.9013 0
      vertex 16.4521 14.0479 0
    endloop
  endfacet
  facet normal 0 0 -1
    outer loop
      vertex 16.1 -13.7778 0
      vertex 16.2849 13.9013 0
      vertex 16.2849 -13.9013 0
    endloop
  endfacet
  facet normal 0 0 -1
    outer loop
      vertex 16.1 -13.7778 0
      vertex 16.1 13.7778 0
      vertex 16.2849 13.9013 0
    endloop
  endfacet
  facet normal 0 0 -1
    outer loop
      vertex 15.9006 -13.6794 0
      vertex 16.1 13.7778 0
      vertex 16.1 -13.7778 0
    endloop
  endfacet
  facet normal 0 0 -1
    outer loop
      vertex 15.9006 -13.6794 0
      vertex 15.9006 13.6794 0
      vertex 16.1 13.7778 0
    endloop
  endfacet
  facet normal 0 0 -1
    outer loop
      vertex 15.69 -13.6079 0
      vertex 15.9006 13.6794 0
      vertex 15.9006 -13.6794 0
    endloop
  endfacet
  facet normal 0 0 -1
    outer loop
      vertex 15.69 -13.6079 0
      vertex 15.69 13.6079 0
      vertex 15.9006 13.6794 0
    endloop
  endfacet
  facet normal 0 0 -1
    outer loop
      vertex 15.4719 -13.5645 0
      vertex 15.69 13.6079 0
      vertex 15.69 -13.6079 0
    endloop
  endfacet
  facet normal 0 0 -1
    outer loop
      vertex 15.4719 -13.5645 0
      vertex 15.4719 13.5645 0
      vertex 15.69 13.6079 0
    endloop
  endfacet
  facet normal 0 0 -1
    outer loop
      vertex 15.25 -13.55 0
      vertex 15.4719 13.5645 0
      vertex 15.4719 -13.5645 0
    endloop
  endfacet
  facet normal 0 0 -1
    outer loop
      vertex 15.25 -13.55 0
      vertex 15.25 13.55 0
      vertex 15.4719 13.5645 0
    endloop
  endfacet
  facet normal 0 0 -1
    outer loop
      vertex 15.0281 -13.5645 0
      vertex 15.25 13.55 0
      vertex 15.25 -13.55 0
    endloop
  endfacet
  facet normal 0 0 -1
    outer loop
      vertex 15.0281 -13.5645 0
      vertex 15.0281 13.5645 0
      vertex 15.25 13.55 0
    endloop
  endfacet
  facet normal 0 0 -1
    outer loop
      vertex 14.81 -13.6079 0
      vertex 15.0281 13.5645 0
      vertex 15.0281 -13.5645 0
    endloop
  endfacet
  facet normal 0 0 -1
    outer loop
      vertex 14.81 -13.6079 0
      vertex 14.81 13.6079 0
      vertex 15.0281 13.5645 0
    endloop
  endfacet
  facet normal 0 0 -1
    outer loop
      vertex 14.5994 -13.6794 0
      vertex 14.81 13.6079 0
      vertex 14.81 -13.6079 0
    endloop
  endfacet
  facet normal 0 0 -1
    outer loop
      vertex 14.5994 -13.6794 0
      vertex 14.5994 13.6794 0
      vertex 14.81 13.6079 0
    endloop
  endfacet
  facet normal 0 0 -1
    outer loop
      vertex 14.4 -13.7778 0
      vertex 14.5994 13.6794 0
      vertex 14.5994 -13.6794 0
    endloop
  endfacet
  facet normal 0 0 -1
    outer loop
      vertex 14.4 -13.7778 0
      vertex 14.4 13.7778 0
      vertex 14.5994 13.6794 0
    endloop
  endfacet
  facet normal 0 0 -1
    outer loop
      vertex 14.2151 -13.9013 0
      vertex 14.4 13.7778 0
      vertex 14.4 -13.7778 0
    endloop
  endfacet
  facet normal 0 0 -1
    outer loop
      vertex 14.2151 -13.9013 0
      vertex 14.2151 13.9013 0
      vertex 14.4 13.7778 0
    endloop
  endfacet
  facet normal 0 0 -1
    outer loop
      vertex 14.0479 -14.0479 0
      vertex 14.2151 13.9013 0
      vertex 14.2151 -13.9013 0
    endloop
  endfacet
  facet normal 0 0 -1
    outer loop
      vertex 14.0479 -14.0479 0
      vertex 14.0479 14.0479 0
      vertex 14.2151 13.9013 0
    endloop
  endfacet
  facet normal 0 0 -1
    outer loop
      vertex -13.6794 -14.5994 0
      vertex 13.6794 -14.5994 0
      vertex -13.6079 -14.81 0
    endloop
  endfacet
  facet normal 0 0 -1
    outer loop
      vertex 13.6794 -14.5994 0
      vertex -13.6794 -14.5994 0
      vertex 13.7778 -14.4 0
    endloop
  endfacet
  facet normal 0 0 -1
    outer loop
      vertex 13.6079 -14.81 0
      vertex -13.6079 -14.81 0
      vertex 13.6794 -14.5994 0
    endloop
  endfacet
  facet normal 0 0 -1
    outer loop
      vertex -13.7778 -14.4 0
      vertex 13.7778 -14.4 0
      vertex -13.6794 -14.5994 0
    endloop
  endfacet
  facet normal 0 0 -1
    outer loop
      vertex -13.6079 -14.81 0
      vertex 13.6079 -14.81 0
      vertex -13.5645 -15.0281 0
    endloop
  endfacet
  facet normal 0 0 -1
    outer loop
      vertex 14.0479 14.0479 0
      vertex -13.55 15.25 0
      vertex 13.9013 14.2151 0
    endloop
  endfacet
  facet normal 0 0 -1
    outer loop
      vertex 13.5645 -15.0281 0
      vertex -13.5645 -15.0281 0
      vertex 13.6079 -14.81 0
    endloop
  endfacet
  facet normal 0 0 -1
    outer loop
      vertex 13.9013 14.2151 0
      vertex -13.55 15.25 0
      vertex 13.7778 14.4 0
    endloop
  endfacet
  facet normal 0 0 -1
    outer loop
      vertex -13.5645 -15.0281 0
      vertex 13.5645 -15.0281 0
      vertex -13.55 -15.25 0
    endloop
  endfacet
  facet normal 0 0 -1
    outer loop
      vertex 13.7778 14.4 0
      vertex -13.55 15.25 0
      vertex 13.6794 14.5994 0
    endloop
  endfacet
  facet normal 0 0 -1
    outer loop
      vertex -13.55 -15.25 0
      vertex 13.5645 -15.0281 0
      vertex 13.55 -15.25 0
    endloop
  endfacet
  facet normal 0 0 -1
    outer loop
      vertex 13.6794 14.5994 0
      vertex -13.55 15.25 0
      vertex 13.6079 14.81 0
    endloop
  endfacet
  facet normal 0 0 -1
    outer loop
      vertex 30.9233 -19.339 0
      vertex 16.4521 -16.4521 0
      vertex 30.8728 -19.1903 0
    endloop
  endfacet
  facet normal 0 0 -1
    outer loop
      vertex 30.9233 18.4205 0
      vertex 20.0695 31.8753 0
      vertex 20.0798 32.0319 0
    endloop
  endfacet
  facet normal 0 0 -1
    outer loop
      vertex 16.9355 -15.0281 0
      vertex 30.9927 -18.2798 0
      vertex 16.95 -15.25 0
    endloop
  endfacet
  facet normal 0 0 -1
    outer loop
      vertex 30.9233 18.4205 0
      vertex 20.0389 31.7214 0
      vertex 20.0695 31.8753 0
    endloop
  endfacet
  facet normal -0 0 -1
    outer loop
      vertex 31.1834 18.0312 0
      vertex 16.95 15.25 0
      vertex 31.0799 18.1492 0
    endloop
  endfacet
  facet normal -0 0 -1
    outer loop
      vertex 30.9927 18.2798 0
      vertex 16.95 15.25 0
      vertex 30.9233 18.4205 0
    endloop
  endfacet
  facet normal 0 -0 -1
    outer loop
      vertex 16.5987 -16.2849 0
      vertex 30.8728 -19.1903 0
      vertex 16.4521 -16.4521 0
    endloop
  endfacet
  facet normal 0 0 -1
    outer loop
      vertex 16.9355 15.4719 0
      vertex 30.9233 18.4205 0
      vertex 16.95 15.25 0
    endloop
  endfacet
  facet normal 0 0 -1
    outer loop
      vertex 30.8728 -19.1903 0
      vertex 16.5987 -16.2849 0
      vertex 30.8422 -19.0364 0
    endloop
  endfacet
  facet normal 0 0 -1
    outer loop
      vertex 30.9233 18.4205 0
      vertex 19.9884 31.5727 0
      vertex 20.0389 31.7214 0
    endloop
  endfacet
  facet normal 0 -0 -1
    outer loop
      vertex 16.7222 -16.1 0
      vertex 30.8422 -19.0364 0
      vertex 16.5987 -16.2849 0
    endloop
  endfacet
  facet normal 0 0 -1
    outer loop
      vertex 16.8921 15.69 0
      vertex 30.9233 18.4205 0
      vertex 16.9355 15.4719 0
    endloop
  endfacet
  facet normal 0 0 -1
    outer loop
      vertex 30.8422 -19.0364 0
      vertex 16.7222 -16.1 0
      vertex 30.8319 -18.8798 0
    endloop
  endfacet
  facet normal 0 0 -1
    outer loop
      vertex 30.9233 18.4205 0
      vertex 19.919 31.4319 0
      vertex 19.9884 31.5727 0
    endloop
  endfacet
  facet normal 0 -0 -1
    outer loop
      vertex 16.8206 -15.9006 0
      vertex 30.8319 -18.8798 0
      vertex 16.7222 -16.1 0
    endloop
  endfacet
  facet normal 0 0 -1
    outer loop
      vertex 16.8206 15.9006 0
      vertex 30.9233 18.4205 0
      vertex 16.8921 15.69 0
    endloop
  endfacet
  facet normal 0 0 -1
    outer loop
      vertex 30.8319 -18.8798 0
      vertex 16.8206 -15.9006 0
      vertex 30.8422 -18.7231 0
    endloop
  endfacet
  facet normal 0 0 -1
    outer loop
      vertex 30.9233 18.4205 0
      vertex 19.8318 31.3014 0
      vertex 19.919 31.4319 0
    endloop
  endfacet
  facet normal 0 0 -1
    outer loop
      vertex 16.4521 -16.4521 0
      vertex 19.339 -30.9233 0
      vertex 19.1903 -30.8728 0
    endloop
  endfacet
  facet normal 0 0 -1
    outer loop
      vertex 16.7222 16.1 0
      vertex 30.9233 18.4205 0
      vertex 16.8206 15.9006 0
    endloop
  endfacet
  facet normal 0 0 -1
    outer loop
      vertex 16.2849 -16.5987 0
      vertex 19.1903 -30.8728 0
      vertex 19.0364 -30.8422 0
    endloop
  endfacet
  facet normal 0 0 -1
    outer loop
      vertex 30.9233 18.4205 0
      vertex 19.7283 31.1834 0
      vertex 19.8318 31.3014 0
    endloop
  endfacet
  facet normal 0 0 -1
    outer loop
      vertex 16.1 -16.7222 0
      vertex 19.0364 -30.8422 0
      vertex 18.8798 -30.8319 0
    endloop
  endfacet
  facet normal 0 0 -1
    outer loop
      vertex 16.5987 16.2849 0
      vertex 30.9233 18.4205 0
      vertex 16.7222 16.1 0
    endloop
  endfacet
  facet normal 0 0 -1
    outer loop
      vertex 15.9006 -16.8206 0
      vertex 18.8798 -30.8319 0
      vertex 18.7231 -30.8422 0
    endloop
  endfacet
  facet normal 0 0 -1
    outer loop
      vertex 30.9233 18.4205 0
      vertex 19.6103 31.0799 0
      vertex 19.7283 31.1834 0
    endloop
  endfacet
  facet normal 0 0 -1
    outer loop
      vertex 15.69 -16.8921 0
      vertex 18.7231 -30.8422 0
      vertex 18.5692 -30.8728 0
    endloop
  endfacet
  facet normal 0 0 -1
    outer loop
      vertex 30.9233 18.4205 0
      vertex 19.4798 30.9927 0
      vertex 19.6103 31.0799 0
    endloop
  endfacet
  facet normal 0 0 -1
    outer loop
      vertex 15.4719 -16.9355 0
      vertex 18.5692 -30.8728 0
      vertex 18.4205 -30.9233 0
    endloop
  endfacet
  facet normal 0 0 -1
    outer loop
      vertex 16.4521 16.4521 0
      vertex 30.9233 18.4205 0
      vertex 16.5987 16.2849 0
    endloop
  endfacet
  facet normal 0 0 -1
    outer loop
      vertex 15.25 -16.95 0
      vertex 18.4205 -30.9233 0
      vertex 18.2798 -30.9927 0
    endloop
  endfacet
  facet normal 0 0 -1
    outer loop
      vertex 30.9233 18.4205 0
      vertex 19.339 30.9233 0
      vertex 19.4798 30.9927 0
    endloop
  endfacet
  facet normal 0 0 -1
    outer loop
      vertex 15.0281 -16.9355 0
      vertex 18.2798 -30.9927 0
      vertex 18.1492 -31.0799 0
    endloop
  endfacet
  facet normal -0 0 -1
    outer loop
      vertex 30.9233 18.4205 0
      vertex 16.4521 16.4521 0
      vertex 19.339 30.9233 0
    endloop
  endfacet
  facet normal 0 0 -1
    outer loop
      vertex 14.81 -16.8921 0
      vertex 18.1492 -31.0799 0
      vertex 18.0312 -31.1834 0
    endloop
  endfacet
  facet normal 0 0 -1
    outer loop
      vertex 19.339 30.9233 0
      vertex 16.4521 16.4521 0
      vertex 19.1903 30.8728 0
    endloop
  endfacet
  facet normal 0 0 -1
    outer loop
      vertex 14.5994 -16.8206 0
      vertex 18.0312 -31.1834 0
      vertex 17.9277 -31.3014 0
    endloop
  endfacet
  facet normal 0 0 -1
    outer loop
      vertex 16.2849 16.5987 0
      vertex 19.1903 30.8728 0
      vertex 16.4521 16.4521 0
    endloop
  endfacet
  facet normal 0 0 -1
    outer loop
      vertex 14.4 -16.7222 0
      vertex 17.9277 -31.3014 0
      vertex 17.8405 -31.4319 0
    endloop
  endfacet
  facet normal 0 0 -1
    outer loop
      vertex 19.1903 30.8728 0
      vertex 16.2849 16.5987 0
      vertex 19.0364 30.8422 0
    endloop
  endfacet
  facet normal 0 0 -1
    outer loop
      vertex 14.2151 -16.5987 0
      vertex 17.8405 -31.4319 0
      vertex 17.7711 -31.5727 0
    endloop
  endfacet
  facet normal 0 0 -1
    outer loop
      vertex 16.1 16.7222 0
      vertex 19.0364 30.8422 0
      vertex 16.2849 16.5987 0
    endloop
  endfacet
  facet normal 0 0 -1
    outer loop
      vertex 14.0479 -16.4521 0
      vertex 17.7711 -31.5727 0
      vertex 17.7206 -31.7214 0
    endloop
  endfacet
  facet normal 0 0 -1
    outer loop
      vertex 19.0364 30.8422 0
      vertex 16.1 16.7222 0
      vertex 18.8798 30.8319 0
    endloop
  endfacet
  facet normal 0 0 -1
    outer loop
      vertex -17.69 -31.8753 0
      vertex 17.69 -31.8753 0
      vertex -17.6798 -32.0319 0
    endloop
  endfacet
  facet normal 0 0 -1
    outer loop
      vertex 15.9006 16.8206 0
      vertex 18.8798 30.8319 0
      vertex 16.1 16.7222 0
    endloop
  endfacet
  facet normal 0 0 -1
    outer loop
      vertex -17.6798 -32.0319 0
      vertex 17.69 -31.8753 0
      vertex 17.6798 -32.0319 0
    endloop
  endfacet
  facet normal -0 0 -1
    outer loop
      vertex 18.8798 30.8319 0
      vertex 15.9006 16.8206 0
      vertex 18.7231 30.8422 0
    endloop
  endfacet
  facet normal 0 0 -1
    outer loop
      vertex 32.0319 20.0798 0
      vertex 20.0798 32.0319 0
      vertex 20.4336 35 0
    endloop
  endfacet
  facet normal 0 0 -1
    outer loop
      vertex 20.0695 32.1886 0
      vertex 20.4336 35 0
      vertex 20.0798 32.0319 0
    endloop
  endfacet
  facet normal 0 0 -1
    outer loop
      vertex 20.0389 32.3425 0
      vertex 20.4336 35 0
      vertex 20.0695 32.1886 0
    endloop
  endfacet
  facet normal 0 0 -1
    outer loop
      vertex 19.9884 32.4912 0
      vertex 20.4336 35 0
      vertex 20.0389 32.3425 0
    endloop
  endfacet
  facet normal 0 0 -1
    outer loop
      vertex 19.919 32.6319 0
      vertex 20.4336 35 0
      vertex 19.9884 32.4912 0
    endloop
  endfacet
  facet normal 0 0 -1
    outer loop
      vertex 19.8318 32.7625 0
      vertex 20.4336 35 0
      vertex 19.919 32.6319 0
    endloop
  endfacet
  facet normal 0 0 -1
    outer loop
      vertex 19.7283 32.8805 0
      vertex 20.4336 35 0
      vertex 19.8318 32.7625 0
    endloop
  endfacet
  facet normal 0 0 -1
    outer loop
      vertex 19.6103 32.984 0
      vertex 20.4336 35 0
      vertex 19.7283 32.8805 0
    endloop
  endfacet
  facet normal 0 0 -1
    outer loop
      vertex 19.4798 33.0712 0
      vertex 20.4336 35 0
      vertex 19.6103 32.984 0
    endloop
  endfacet
  facet normal 0 0 -1
    outer loop
      vertex 19.339 33.1406 0
      vertex 20.4336 35 0
      vertex 19.4798 33.0712 0
    endloop
  endfacet
  facet normal 0 0 -1
    outer loop
      vertex 19.1903 33.191 0
      vertex 20.4336 35 0
      vertex 19.339 33.1406 0
    endloop
  endfacet
  facet normal 0 0 -1
    outer loop
      vertex 19.0364 33.2217 0
      vertex 20.4336 35 0
      vertex 19.1903 33.191 0
    endloop
  endfacet
  facet normal 0 0 -1
    outer loop
      vertex 18.8798 33.2319 0
      vertex 20.4336 35 0
      vertex 19.0364 33.2217 0
    endloop
  endfacet
  facet normal 0 0 -1
    outer loop
      vertex 18.7231 33.2217 0
      vertex 20.4336 35 0
      vertex 18.8798 33.2319 0
    endloop
  endfacet
  facet normal 0 0 -1
    outer loop
      vertex 18.5692 33.191 0
      vertex 20.4336 35 0
      vertex 18.7231 33.2217 0
    endloop
  endfacet
  facet normal 0 0 -1
    outer loop
      vertex 18.4205 33.1406 0
      vertex 20.4336 35 0
      vertex 18.5692 33.191 0
    endloop
  endfacet
  facet normal 0 0 -1
    outer loop
      vertex 18.2798 33.0712 0
      vertex 20.4336 35 0
      vertex 18.4205 33.1406 0
    endloop
  endfacet
  facet normal 0 0 -1
    outer loop
      vertex 18.1492 32.984 0
      vertex 20.4336 35 0
      vertex 18.2798 33.0712 0
    endloop
  endfacet
  facet normal 0 0 -1
    outer loop
      vertex -18.1492 32.984 0
      vertex 18.1492 32.984 0
      vertex 18.0312 32.8805 0
    endloop
  endfacet
  facet normal -0 0 -1
    outer loop
      vertex 18.7231 30.8422 0
      vertex 15.69 16.8921 0
      vertex 18.5692 30.8728 0
    endloop
  endfacet
  facet normal 0 0 -1
    outer loop
      vertex 15.4719 16.9355 0
      vertex 18.5692 30.8728 0
      vertex 15.69 16.8921 0
    endloop
  endfacet
  facet normal -0 0 -1
    outer loop
      vertex 18.5692 30.8728 0
      vertex 15.4719 16.9355 0
      vertex 18.4205 30.9233 0
    endloop
  endfacet
  facet normal 0 0 -1
    outer loop
      vertex 15.25 16.95 0
      vertex 18.4205 30.9233 0
      vertex 15.4719 16.9355 0
    endloop
  endfacet
  facet normal -0 0 -1
    outer loop
      vertex 18.4205 30.9233 0
      vertex 15.25 16.95 0
      vertex 18.2798 30.9927 0
    endloop
  endfacet
  facet normal 0 0 -1
    outer loop
      vertex 15.0281 16.9355 0
      vertex 18.2798 30.9927 0
      vertex 15.25 16.95 0
    endloop
  endfacet
  facet normal -0 0 -1
    outer loop
      vertex 18.2798 30.9927 0
      vertex 15.0281 16.9355 0
      vertex 18.1492 31.0799 0
    endloop
  endfacet
  facet normal 0 0 -1
    outer loop
      vertex 14.81 16.8921 0
      vertex 18.1492 31.0799 0
      vertex 15.0281 16.9355 0
    endloop
  endfacet
  facet normal -0 0 -1
    outer loop
      vertex 18.1492 31.0799 0
      vertex 14.81 16.8921 0
      vertex 18.0312 31.1834 0
    endloop
  endfacet
  facet normal 0 0 -1
    outer loop
      vertex 14.5994 16.8206 0
      vertex 18.0312 31.1834 0
      vertex 14.81 16.8921 0
    endloop
  endfacet
  facet normal -0 0 -1
    outer loop
      vertex 18.0312 31.1834 0
      vertex 14.5994 16.8206 0
      vertex 17.9277 31.3014 0
    endloop
  endfacet
  facet normal 0 0 -1
    outer loop
      vertex 14.4 16.7222 0
      vertex 17.9277 31.3014 0
      vertex 14.5994 16.8206 0
    endloop
  endfacet
  facet normal -0 0 -1
    outer loop
      vertex 17.9277 31.3014 0
      vertex 14.4 16.7222 0
      vertex 17.8405 31.4319 0
    endloop
  endfacet
  facet normal 0 0 -1
    outer loop
      vertex 14.2151 16.5987 0
      vertex 17.8405 31.4319 0
      vertex 14.4 16.7222 0
    endloop
  endfacet
  facet normal -0 0 -1
    outer loop
      vertex 17.8405 31.4319 0
      vertex 14.2151 16.5987 0
      vertex 17.7711 31.5727 0
    endloop
  endfacet
  facet normal 0 0 -1
    outer loop
      vertex 14.0479 16.4521 0
      vertex 17.7711 31.5727 0
      vertex 14.2151 16.5987 0
    endloop
  endfacet
  facet normal -0 0 -1
    outer loop
      vertex 17.7711 31.5727 0
      vertex 14.0479 16.4521 0
      vertex 17.7206 31.7214 0
    endloop
  endfacet
  facet normal 0 0 -1
    outer loop
      vertex 13.9013 16.2849 0
      vertex 17.7206 31.7214 0
      vertex 14.0479 16.4521 0
    endloop
  endfacet
  facet normal 0 0 -1
    outer loop
      vertex -13.9013 16.2849 0
      vertex 17.7206 31.7214 0
      vertex 13.9013 16.2849 0
    endloop
  endfacet
  facet normal 0 0 -1
    outer loop
      vertex -17.6798 32.0319 0
      vertex 17.7206 31.7214 0
      vertex -13.9013 16.2849 0
    endloop
  endfacet
  facet normal 0 0 -1
    outer loop
      vertex 17.7206 31.7214 0
      vertex -17.6798 32.0319 0
      vertex 17.69 31.8753 0
    endloop
  endfacet
  facet normal 0 0 -1
    outer loop
      vertex 17.69 31.8753 0
      vertex -17.6798 32.0319 0
      vertex 17.6798 32.0319 0
    endloop
  endfacet
  facet normal 0 0 -1
    outer loop
      vertex -13.9013 16.2849 0
      vertex 13.9013 16.2849 0
      vertex 13.7778 16.1 0
    endloop
  endfacet
  facet normal 0 0 -1
    outer loop
      vertex -13.7778 16.1 0
      vertex 13.7778 16.1 0
      vertex 13.6794 15.9006 0
    endloop
  endfacet
  facet normal 0 0 -1
    outer loop
      vertex -13.6794 15.9006 0
      vertex 13.6794 15.9006 0
      vertex 13.6079 15.69 0
    endloop
  endfacet
  facet normal 0 0 -1
    outer loop
      vertex 13.5645 15.0281 0
      vertex -13.55 15.25 0
      vertex 13.55 15.25 0
    endloop
  endfacet
  facet normal 0 0 -1
    outer loop
      vertex 13.55 15.25 0
      vertex -13.55 15.25 0
      vertex 13.5645 15.4719 0
    endloop
  endfacet
  facet normal 0 0 -1
    outer loop
      vertex -13.5645 15.4719 0
      vertex 13.5645 15.4719 0
      vertex -13.55 15.25 0
    endloop
  endfacet
  facet normal 0 0 -1
    outer loop
      vertex 13.5645 15.4719 0
      vertex -13.5645 15.4719 0
      vertex 13.6079 15.69 0
    endloop
  endfacet
  facet normal 0 0 -1
    outer loop
      vertex -13.6079 15.69 0
      vertex 13.6079 15.69 0
      vertex -13.5645 15.4719 0
    endloop
  endfacet
  facet normal 0 0 -1
    outer loop
      vertex -13.6794 15.9006 0
      vertex 13.6079 15.69 0
      vertex -13.6079 15.69 0
    endloop
  endfacet
  facet normal 0 0 -1
    outer loop
      vertex 13.6794 15.9006 0
      vertex -13.6794 15.9006 0
      vertex -13.7778 16.1 0
    endloop
  endfacet
  facet normal 0 0 -1
    outer loop
      vertex 13.7778 16.1 0
      vertex -13.7778 16.1 0
      vertex -13.9013 16.2849 0
    endloop
  endfacet
  facet normal 0 0 -1
    outer loop
      vertex 17.6798 32.0319 0
      vertex -17.6798 32.0319 0
      vertex 17.69 32.1886 0
    endloop
  endfacet
  facet normal 0 0 -1
    outer loop
      vertex -17.69 32.1886 0
      vertex 17.69 32.1886 0
      vertex -17.6798 32.0319 0
    endloop
  endfacet
  facet normal 0 0 -1
    outer loop
      vertex 17.69 32.1886 0
      vertex -17.69 32.1886 0
      vertex 17.7206 32.3425 0
    endloop
  endfacet
  facet normal 0 0 -1
    outer loop
      vertex -17.7206 32.3425 0
      vertex 17.7206 32.3425 0
      vertex -17.69 32.1886 0
    endloop
  endfacet
  facet normal 0 0 -1
    outer loop
      vertex 17.7206 32.3425 0
      vertex -17.7206 32.3425 0
      vertex 17.7711 32.4912 0
    endloop
  endfacet
  facet normal 0 0 -1
    outer loop
      vertex -17.7711 32.4912 0
      vertex 17.7711 32.4912 0
      vertex -17.7206 32.3425 0
    endloop
  endfacet
  facet normal 0 0 -1
    outer loop
      vertex -17.6798 32.0319 0
      vertex -13.9013 16.2849 0
      vertex -14.0479 16.4521 0
    endloop
  endfacet
  facet normal 0 0 -1
    outer loop
      vertex -17.6798 32.0319 0
      vertex -14.0479 16.4521 0
      vertex -14.2151 16.5987 0
    endloop
  endfacet
  facet normal 0 0 -1
    outer loop
      vertex -17.6798 32.0319 0
      vertex -14.2151 16.5987 0
      vertex -14.4 16.7222 0
    endloop
  endfacet
  facet normal 0 0 -1
    outer loop
      vertex -17.6798 32.0319 0
      vertex -14.4 16.7222 0
      vertex -14.5994 16.8206 0
    endloop
  endfacet
  facet normal 0 0 -1
    outer loop
      vertex -17.6798 32.0319 0
      vertex -14.5994 16.8206 0
      vertex -14.81 16.8921 0
    endloop
  endfacet
  facet normal 0 0 -1
    outer loop
      vertex -17.6798 32.0319 0
      vertex -14.81 16.8921 0
      vertex -15.0281 16.9355 0
    endloop
  endfacet
  facet normal 0 0 -1
    outer loop
      vertex -17.6798 32.0319 0
      vertex -15.0281 16.9355 0
      vertex -15.25 16.95 0
    endloop
  endfacet
  facet normal 0 0 -1
    outer loop
      vertex -17.6798 32.0319 0
      vertex -15.25 16.95 0
      vertex -15.4719 16.9355 0
    endloop
  endfacet
  facet normal 0 0 -1
    outer loop
      vertex -17.6798 32.0319 0
      vertex -15.4719 16.9355 0
      vertex -15.69 16.8921 0
    endloop
  endfacet
  facet normal 0 0 -1
    outer loop
      vertex -17.6798 32.0319 0
      vertex -15.69 16.8921 0
      vertex -15.9006 16.8206 0
    endloop
  endfacet
  facet normal 0 0 -1
    outer loop
      vertex -17.6798 32.0319 0
      vertex -15.9006 16.8206 0
      vertex -16.1 16.7222 0
    endloop
  endfacet
  facet normal -0 0 -1
    outer loop
      vertex -15.69 -16.8921 0
      vertex -18.7231 -30.8422 0
      vertex -15.9006 -16.8206 0
    endloop
  endfacet
  facet normal 0 0 -1
    outer loop
      vertex -17.6798 32.0319 0
      vertex -16.9355 15.4719 0
      vertex -16.95 15.25 0
    endloop
  endfacet
  facet normal 0 0 -1
    outer loop
      vertex -17.6798 32.0319 0
      vertex -16.8921 15.69 0
      vertex -16.9355 15.4719 0
    endloop
  endfacet
  facet normal 0 0 -1
    outer loop
      vertex -17.6798 32.0319 0
      vertex -16.8206 15.9006 0
      vertex -16.8921 15.69 0
    endloop
  endfacet
  facet normal 0 0 -1
    outer loop
      vertex -17.6798 32.0319 0
      vertex -16.7222 16.1 0
      vertex -16.8206 15.9006 0
    endloop
  endfacet
  facet normal 0 0 -1
    outer loop
      vertex -17.6798 32.0319 0
      vertex -16.5987 16.2849 0
      vertex -16.7222 16.1 0
    endloop
  endfacet
  facet normal 0 0 -1
    outer loop
      vertex -17.6798 32.0319 0
      vertex -16.4521 16.4521 0
      vertex -16.5987 16.2849 0
    endloop
  endfacet
  facet normal 0 0 -1
    outer loop
      vertex -17.6798 32.0319 0
      vertex -16.2849 16.5987 0
      vertex -16.4521 16.4521 0
    endloop
  endfacet
  facet normal 0 0 -1
    outer loop
      vertex -17.6798 32.0319 0
      vertex -16.1 16.7222 0
      vertex -16.2849 16.5987 0
    endloop
  endfacet
  facet normal 0 0 -1
    outer loop
      vertex 17.7711 32.4912 0
      vertex -17.7711 32.4912 0
      vertex 17.8405 32.6319 0
    endloop
  endfacet
  facet normal 0 0 -1
    outer loop
      vertex -17.8405 32.6319 0
      vertex 17.8405 32.6319 0
      vertex -17.7711 32.4912 0
    endloop
  endfacet
  facet normal 0 0 -1
    outer loop
      vertex 17.8405 32.6319 0
      vertex -17.8405 32.6319 0
      vertex 17.9277 32.7625 0
    endloop
  endfacet
  facet normal 0 0 -1
    outer loop
      vertex -17.9277 32.7625 0
      vertex 17.9277 32.7625 0
      vertex -17.8405 32.6319 0
    endloop
  endfacet
  facet normal 0 0 -1
    outer loop
      vertex 17.9277 32.7625 0
      vertex -17.9277 32.7625 0
      vertex 18.0312 32.8805 0
    endloop
  endfacet
  facet normal 0 0 -1
    outer loop
      vertex -18.0312 32.8805 0
      vertex 18.0312 32.8805 0
      vertex -17.9277 32.7625 0
    endloop
  endfacet
  facet normal 0 0 -1
    outer loop
      vertex -18.1492 32.984 0
      vertex 18.0312 32.8805 0
      vertex -18.0312 32.8805 0
    endloop
  endfacet
  facet normal 0 0 -1
    outer loop
      vertex 18.1492 32.984 0
      vertex -18.1492 32.984 0
      vertex 20.4336 35 0
    endloop
  endfacet
  facet normal 0 0 -1
    outer loop
      vertex -20.4336 35 0
      vertex -18.1492 32.984 0
      vertex -18.2798 33.0712 0
    endloop
  endfacet
  facet normal 0 0 -1
    outer loop
      vertex -20.4336 35 0
      vertex -18.2798 33.0712 0
      vertex -18.4205 33.1406 0
    endloop
  endfacet
  facet normal 0 0 -1
    outer loop
      vertex -20.4336 35 0
      vertex -18.4205 33.1406 0
      vertex -18.5692 33.191 0
    endloop
  endfacet
  facet normal 0 0 -1
    outer loop
      vertex -20.4336 35 0
      vertex -18.5692 33.191 0
      vertex -18.7231 33.2217 0
    endloop
  endfacet
  facet normal 0 0 -1
    outer loop
      vertex -20.4336 35 0
      vertex -18.7231 33.2217 0
      vertex -18.8798 33.2319 0
    endloop
  endfacet
  facet normal 0 0 -1
    outer loop
      vertex -18.1492 32.984 0
      vertex -20.4336 35 0
      vertex 20.4336 35 0
    endloop
  endfacet
  facet normal 0 0 -1
    outer loop
      vertex -19.0364 33.2217 0
      vertex -20.4336 35 0
      vertex -18.8798 33.2319 0
    endloop
  endfacet
  facet normal 0 0 -1
    outer loop
      vertex -19.1903 33.191 0
      vertex -20.4336 35 0
      vertex -19.0364 33.2217 0
    endloop
  endfacet
  facet normal 0 0 -1
    outer loop
      vertex -19.339 33.1406 0
      vertex -20.4336 35 0
      vertex -19.1903 33.191 0
    endloop
  endfacet
  facet normal 0 0 -1
    outer loop
      vertex -19.4798 33.0712 0
      vertex -20.4336 35 0
      vertex -19.339 33.1406 0
    endloop
  endfacet
  facet normal 0 0 -1
    outer loop
      vertex -19.6103 32.984 0
      vertex -20.4336 35 0
      vertex -19.4798 33.0712 0
    endloop
  endfacet
  facet normal 0 0 -1
    outer loop
      vertex -19.7283 32.8805 0
      vertex -20.4336 35 0
      vertex -19.6103 32.984 0
    endloop
  endfacet
  facet normal 0 0 -1
    outer loop
      vertex -19.8318 32.7625 0
      vertex -20.4336 35 0
      vertex -19.7283 32.8805 0
    endloop
  endfacet
  facet normal 0 0 -1
    outer loop
      vertex -19.919 32.6319 0
      vertex -20.4336 35 0
      vertex -19.8318 32.7625 0
    endloop
  endfacet
  facet normal 0 0 -1
    outer loop
      vertex -19.9884 32.4912 0
      vertex -20.4336 35 0
      vertex -19.919 32.6319 0
    endloop
  endfacet
  facet normal 0 0 -1
    outer loop
      vertex -20.0389 32.3425 0
      vertex -20.4336 35 0
      vertex -19.9884 32.4912 0
    endloop
  endfacet
  facet normal 0 0 -1
    outer loop
      vertex -20.0695 32.1886 0
      vertex -20.4336 35 0
      vertex -20.0389 32.3425 0
    endloop
  endfacet
  facet normal 0 0 -1
    outer loop
      vertex -20.0798 32.0319 0
      vertex -20.4336 35 0
      vertex -20.0695 32.1886 0
    endloop
  endfacet
  facet normal -0 0 -1
    outer loop
      vertex -19.6103 31.0799 0
      vertex -31.0799 19.6103 0
      vertex -19.7283 31.1834 0
    endloop
  endfacet
  facet normal 0 0 -1
    outer loop
      vertex -31.1834 19.7283 0
      vertex -19.7283 31.1834 0
      vertex -31.0799 19.6103 0
    endloop
  endfacet
  facet normal 0 0 -1
    outer loop
      vertex -20.4336 -35 0
      vertex -30.8422 -19.0364 0
      vertex -30.8319 -18.8798 0
    endloop
  endfacet
  facet normal 0 0 -1
    outer loop
      vertex -20.4336 -35 0
      vertex -30.8728 -19.1903 0
      vertex -30.8422 -19.0364 0
    endloop
  endfacet
  facet normal 0 0 -1
    outer loop
      vertex -20.4336 -35 0
      vertex -30.9233 -19.339 0
      vertex -30.8728 -19.1903 0
    endloop
  endfacet
  facet normal 0 0 -1
    outer loop
      vertex -20.4336 -35 0
      vertex -30.9927 -19.4798 0
      vertex -30.9233 -19.339 0
    endloop
  endfacet
  facet normal 0 0 -1
    outer loop
      vertex -20.4336 -35 0
      vertex -31.0799 -19.6103 0
      vertex -30.9927 -19.4798 0
    endloop
  endfacet
  facet normal 0 0 -1
    outer loop
      vertex -20.4336 -35 0
      vertex -31.1834 -19.7283 0
      vertex -31.0799 -19.6103 0
    endloop
  endfacet
  facet normal 0 0 -1
    outer loop
      vertex -20.4336 -35 0
      vertex -31.3014 -19.8318 0
      vertex -31.1834 -19.7283 0
    endloop
  endfacet
  facet normal 0 0 -1
    outer loop
      vertex -20.4336 -35 0
      vertex -31.4319 -19.919 0
      vertex -31.3014 -19.8318 0
    endloop
  endfacet
  facet normal 0 0 -1
    outer loop
      vertex -20.4336 -35 0
      vertex -31.5727 -19.9884 0
      vertex -31.4319 -19.919 0
    endloop
  endfacet
  facet normal 0 0 -1
    outer loop
      vertex -20.4336 -35 0
      vertex -31.7214 -20.0389 0
      vertex -31.5727 -19.9884 0
    endloop
  endfacet
  facet normal 0 0 -1
    outer loop
      vertex -20.4336 -35 0
      vertex -31.8753 -20.0695 0
      vertex -31.7214 -20.0389 0
    endloop
  endfacet
  facet normal 0 0 -1
    outer loop
      vertex -20.4336 -35 0
      vertex -32.0319 -20.0798 0
      vertex -31.8753 -20.0695 0
    endloop
  endfacet
  facet normal 0 0 -1
    outer loop
      vertex -35 -20.4336 0
      vertex -32.0319 -20.0798 0
      vertex -20.4336 -35 0
    endloop
  endfacet
  facet normal 0 0 -1
    outer loop
      vertex -33.9535 -48.1388 0
      vertex -20.4336 -35 0
      vertex -33.9432 -48.2954 0
    endloop
  endfacet
  facet normal 0 0 -1
    outer loop
      vertex -35 -20.4336 0
      vertex -20.4336 -35 0
      vertex -33.9535 -48.1388 0
    endloop
  endfacet
  facet normal -0 0 -1
    outer loop
      vertex -32.0319 -20.0798 0
      vertex -35 -20.4336 0
      vertex -32.1886 -20.0695 0
    endloop
  endfacet
  facet normal -0 0 -1
    outer loop
      vertex -32.1886 -20.0695 0
      vertex -35 -20.4336 0
      vertex -32.3425 -20.0389 0
    endloop
  endfacet
  facet normal -0 0 -1
    outer loop
      vertex -32.3425 -20.0389 0
      vertex -35 -20.4336 0
      vertex -32.4912 -19.9884 0
    endloop
  endfacet
  facet normal -0 0 -1
    outer loop
      vertex -32.4912 -19.9884 0
      vertex -35 -20.4336 0
      vertex -32.6319 -19.919 0
    endloop
  endfacet
  facet normal -0 0 -1
    outer loop
      vertex -33.191 -19.1903 0
      vertex -35 -20.4336 0
      vertex -33.2217 -19.0364 0
    endloop
  endfacet
  facet normal -0 0 -1
    outer loop
      vertex -33.1406 -19.339 0
      vertex -35 -20.4336 0
      vertex -33.191 -19.1903 0
    endloop
  endfacet
  facet normal -0 0 -1
    outer loop
      vertex -33.0712 -19.4798 0
      vertex -35 -20.4336 0
      vertex -33.1406 -19.339 0
    endloop
  endfacet
  facet normal -0 0 -1
    outer loop
      vertex -32.984 -19.6103 0
      vertex -35 -20.4336 0
      vertex -33.0712 -19.4798 0
    endloop
  endfacet
  facet normal -0 0 -1
    outer loop
      vertex -32.8805 -19.7283 0
      vertex -35 -20.4336 0
      vertex -32.984 -19.6103 0
    endloop
  endfacet
  facet normal -0 0 -1
    outer loop
      vertex -32.7625 -19.8318 0
      vertex -35 -20.4336 0
      vertex -32.8805 -19.7283 0
    endloop
  endfacet
  facet normal -0 0 -1
    outer loop
      vertex -32.6319 -19.919 0
      vertex -35 -20.4336 0
      vertex -32.7625 -19.8318 0
    endloop
  endfacet
  facet normal 0 0 -1
    outer loop
      vertex -20.4336 -35 0
      vertex -33.9535 -48.452 0
      vertex -33.9432 -48.2954 0
    endloop
  endfacet
  facet normal 0 -0 -1
    outer loop
      vertex -33.9535 -48.452 0
      vertex -20.4336 -35 0
      vertex -33.9703 -48.5367 0
    endloop
  endfacet
  facet normal 0 0 -1
    outer loop
      vertex 33.1406 -18.4205 0
      vertex 35 -20.4336 0
      vertex 33.191 -18.5692 0
    endloop
  endfacet
  facet normal 0 0 -1
    outer loop
      vertex 35 20.4336 0
      vertex 33.2217 18.7231 0
      vertex 33.2319 18.8798 0
    endloop
  endfacet
  facet normal 0 0 -1
    outer loop
      vertex 33.0712 -18.2798 0
      vertex 35 -20.4336 0
      vertex 33.1406 -18.4205 0
    endloop
  endfacet
  facet normal 0 0 -1
    outer loop
      vertex 35 20.4336 0
      vertex 33.191 18.5692 0
      vertex 33.2217 18.7231 0
    endloop
  endfacet
  facet normal 0 0 -1
    outer loop
      vertex 32.984 -18.1492 0
      vertex 35 -20.4336 0
      vertex 33.0712 -18.2798 0
    endloop
  endfacet
  facet normal 0 0 -1
    outer loop
      vertex 35 20.4336 0
      vertex 33.1406 18.4205 0
      vertex 33.191 18.5692 0
    endloop
  endfacet
  facet normal 0 0 -1
    outer loop
      vertex 35 -20.4336 0
      vertex 32.984 -18.1492 0
      vertex 35 20.4336 0
    endloop
  endfacet
  facet normal 0 0 -1
    outer loop
      vertex 35 20.4336 0
      vertex 33.0712 18.2798 0
      vertex 33.1406 18.4205 0
    endloop
  endfacet
  facet normal 0 0 -1
    outer loop
      vertex 32.984 18.1492 0
      vertex 35 20.4336 0
      vertex 32.984 -18.1492 0
    endloop
  endfacet
  facet normal 0 0 -1
    outer loop
      vertex 35 20.4336 0
      vertex 32.984 18.1492 0
      vertex 33.0712 18.2798 0
    endloop
  endfacet
  facet normal 0 0 -1
    outer loop
      vertex 32.8805 -18.0312 0
      vertex 32.984 18.1492 0
      vertex 32.984 -18.1492 0
    endloop
  endfacet
  facet normal 0 0 -1
    outer loop
      vertex 32.8805 -18.0312 0
      vertex 32.8805 18.0312 0
      vertex 32.984 18.1492 0
    endloop
  endfacet
  facet normal 0 0 -1
    outer loop
      vertex 32.7625 -17.9277 0
      vertex 32.8805 18.0312 0
      vertex 32.8805 -18.0312 0
    endloop
  endfacet
  facet normal 0 0 -1
    outer loop
      vertex 32.7625 -17.9277 0
      vertex 32.7625 17.9277 0
      vertex 32.8805 18.0312 0
    endloop
  endfacet
  facet normal 0 0 -1
    outer loop
      vertex 32.6319 -17.8405 0
      vertex 32.7625 17.9277 0
      vertex 32.7625 -17.9277 0
    endloop
  endfacet
  facet normal 0 0 -1
    outer loop
      vertex 32.6319 -17.8405 0
      vertex 32.6319 17.8405 0
      vertex 32.7625 17.9277 0
    endloop
  endfacet
  facet normal 0 0 -1
    outer loop
      vertex 32.4912 -17.7711 0
      vertex 32.6319 17.8405 0
      vertex 32.6319 -17.8405 0
    endloop
  endfacet
  facet normal 0 0 -1
    outer loop
      vertex 32.4912 -17.7711 0
      vertex 32.4912 17.7711 0
      vertex 32.6319 17.8405 0
    endloop
  endfacet
  facet normal 0 0 -1
    outer loop
      vertex 32.3425 -17.7206 0
      vertex 32.4912 17.7711 0
      vertex 32.4912 -17.7711 0
    endloop
  endfacet
  facet normal 0 0 -1
    outer loop
      vertex 32.3425 -17.7206 0
      vertex 32.3425 17.7206 0
      vertex 32.4912 17.7711 0
    endloop
  endfacet
  facet normal 0 0 -1
    outer loop
      vertex 32.1886 -17.69 0
      vertex 32.3425 17.7206 0
      vertex 32.3425 -17.7206 0
    endloop
  endfacet
  facet normal 0 0 -1
    outer loop
      vertex 32.1886 -17.69 0
      vertex 32.1886 17.69 0
      vertex 32.3425 17.7206 0
    endloop
  endfacet
  facet normal 0 0 -1
    outer loop
      vertex 32.0319 -17.6798 0
      vertex 32.1886 17.69 0
      vertex 32.1886 -17.69 0
    endloop
  endfacet
  facet normal 0 0 -1
    outer loop
      vertex 32.0319 -17.6798 0
      vertex 32.0319 17.6798 0
      vertex 32.1886 17.69 0
    endloop
  endfacet
  facet normal 0 0 -1
    outer loop
      vertex 31.8753 -17.69 0
      vertex 32.0319 17.6798 0
      vertex 32.0319 -17.6798 0
    endloop
  endfacet
  facet normal 0 0 -1
    outer loop
      vertex 31.8753 -17.69 0
      vertex 31.8753 17.69 0
      vertex 32.0319 17.6798 0
    endloop
  endfacet
  facet normal 0 0 -1
    outer loop
      vertex 31.7214 -17.7206 0
      vertex 31.8753 17.69 0
      vertex 31.8753 -17.69 0
    endloop
  endfacet
  facet normal 0 0 -1
    outer loop
      vertex 31.7214 -17.7206 0
      vertex 31.7214 17.7206 0
      vertex 31.8753 17.69 0
    endloop
  endfacet
  facet normal 0 0 -1
    outer loop
      vertex 16.7222 -14.4 0
      vertex 31.3014 -17.9277 0
      vertex 16.8206 -14.5994 0
    endloop
  endfacet
  facet normal 0 0 -1
    outer loop
      vertex 31.3014 -17.9277 0
      vertex 16.7222 -14.4 0
      vertex 31.4319 -17.8405 0
    endloop
  endfacet
  facet normal 0 0 -1
    outer loop
      vertex 31.1834 -18.0312 0
      vertex 16.8206 -14.5994 0
      vertex 31.3014 -17.9277 0
    endloop
  endfacet
  facet normal 0 0 -1
    outer loop
      vertex 16.5987 -14.2151 0
      vertex 31.4319 -17.8405 0
      vertex 16.7222 -14.4 0
    endloop
  endfacet
  facet normal 0 0 -1
    outer loop
      vertex 16.8206 -14.5994 0
      vertex 31.1834 -18.0312 0
      vertex 16.8921 -14.81 0
    endloop
  endfacet
  facet normal -0 0 -1
    outer loop
      vertex 31.7214 17.7206 0
      vertex 16.95 15.25 0
      vertex 31.5727 17.7711 0
    endloop
  endfacet
  facet normal 0 0 -1
    outer loop
      vertex 31.0799 -18.1492 0
      vertex 16.8921 -14.81 0
      vertex 31.1834 -18.0312 0
    endloop
  endfacet
  facet normal -0 0 -1
    outer loop
      vertex 31.5727 17.7711 0
      vertex 16.95 15.25 0
      vertex 31.4319 17.8405 0
    endloop
  endfacet
  facet normal 0 0 -1
    outer loop
      vertex 16.8921 -14.81 0
      vertex 31.0799 -18.1492 0
      vertex 16.9355 -15.0281 0
    endloop
  endfacet
  facet normal -0 0 -1
    outer loop
      vertex 31.4319 17.8405 0
      vertex 16.95 15.25 0
      vertex 31.3014 17.9277 0
    endloop
  endfacet
  facet normal 0 0 -1
    outer loop
      vertex 16.9355 -15.0281 0
      vertex 31.0799 -18.1492 0
      vertex 30.9927 -18.2798 0
    endloop
  endfacet
  facet normal -0 0 -1
    outer loop
      vertex 31.3014 17.9277 0
      vertex 16.95 15.25 0
      vertex 31.1834 18.0312 0
    endloop
  endfacet
  facet normal 0 0 -1
    outer loop
      vertex 19.339 -30.9233 0
      vertex 30.9233 -19.339 0
      vertex 19.4798 -30.9927 0
    endloop
  endfacet
  facet normal 0 0 -1
    outer loop
      vertex 16.4521 -16.4521 0
      vertex 30.9233 -19.339 0
      vertex 19.339 -30.9233 0
    endloop
  endfacet
  facet normal -0 0 -1
    outer loop
      vertex 31.0799 -19.6103 0
      vertex 19.6103 -31.0799 0
      vertex 30.9927 -19.4798 0
    endloop
  endfacet
  facet normal 0 0 -1
    outer loop
      vertex 19.4798 -30.9927 0
      vertex 30.9927 -19.4798 0
      vertex 19.6103 -31.0799 0
    endloop
  endfacet
  facet normal 0 0 -1
    outer loop
      vertex 19.6103 -31.0799 0
      vertex 31.0799 -19.6103 0
      vertex 19.7283 -31.1834 0
    endloop
  endfacet
  facet normal -0 0 -1
    outer loop
      vertex 30.9927 -19.4798 0
      vertex 19.4798 -30.9927 0
      vertex 30.9233 -19.339 0
    endloop
  endfacet
  facet normal -0 0 -1
    outer loop
      vertex 31.1834 -19.7283 0
      vertex 19.7283 -31.1834 0
      vertex 31.0799 -19.6103 0
    endloop
  endfacet
  facet normal 0 0 -1
    outer loop
      vertex 20.0798 32.0319 0
      vertex 30.8728 18.5692 0
      vertex 30.9233 18.4205 0
    endloop
  endfacet
  facet normal 0 0 -1
    outer loop
      vertex 33.191 -18.5692 0
      vertex 35 -20.4336 0
      vertex 33.2217 -18.7231 0
    endloop
  endfacet
  facet normal 0 0 -1
    outer loop
      vertex 33.9535 -48.1388 0
      vertex 33.2217 -19.0364 0
      vertex 33.2319 -18.8798 0
    endloop
  endfacet
  facet normal 0 0 -1
    outer loop
      vertex 33.9535 -48.1388 0
      vertex 33.191 -19.1903 0
      vertex 33.2217 -19.0364 0
    endloop
  endfacet
  facet normal 0 0 -1
    outer loop
      vertex 33.9535 -48.1388 0
      vertex 33.1406 -19.339 0
      vertex 33.191 -19.1903 0
    endloop
  endfacet
  facet normal 0 0 -1
    outer loop
      vertex 33.9535 -48.1388 0
      vertex 33.0712 -19.4798 0
      vertex 33.1406 -19.339 0
    endloop
  endfacet
  facet normal 0 0 -1
    outer loop
      vertex 33.9535 -48.1388 0
      vertex 32.984 -19.6103 0
      vertex 33.0712 -19.4798 0
    endloop
  endfacet
  facet normal 0 0 -1
    outer loop
      vertex 33.9535 -48.1388 0
      vertex 32.8805 -19.7283 0
      vertex 32.984 -19.6103 0
    endloop
  endfacet
  facet normal 0 0 -1
    outer loop
      vertex 33.9535 -48.1388 0
      vertex 32.7625 -19.8318 0
      vertex 32.8805 -19.7283 0
    endloop
  endfacet
  facet normal 0 0 -1
    outer loop
      vertex 33.9535 -48.1388 0
      vertex 32.6319 -19.919 0
      vertex 32.7625 -19.8318 0
    endloop
  endfacet
  facet normal 0 0 -1
    outer loop
      vertex 33.9535 -48.1388 0
      vertex 32.4912 -19.9884 0
      vertex 32.6319 -19.919 0
    endloop
  endfacet
  facet normal 0 0 -1
    outer loop
      vertex 33.9535 -48.1388 0
      vertex 32.3425 -20.0389 0
      vertex 32.4912 -19.9884 0
    endloop
  endfacet
  facet normal 0 0 -1
    outer loop
      vertex 33.9535 -48.1388 0
      vertex 32.1886 -20.0695 0
      vertex 32.3425 -20.0389 0
    endloop
  endfacet
  facet normal 0 0 -1
    outer loop
      vertex 33.9535 -48.1388 0
      vertex 20.4336 -35 0
      vertex 32.1886 -20.0695 0
    endloop
  endfacet
  facet normal 0 0 -1
    outer loop
      vertex 20.4336 -35 0
      vertex 33.9432 -48.2954 0
      vertex 33.9535 -48.452 0
    endloop
  endfacet
  facet normal 0 0 -1
    outer loop
      vertex 32.1886 -20.0695 0
      vertex 20.4336 -35 0
      vertex 32.0319 -20.0798 0
    endloop
  endfacet
  facet normal 0 0 -1
    outer loop
      vertex 20.0798 -32.0319 0
      vertex 32.0319 -20.0798 0
      vertex 20.4336 -35 0
    endloop
  endfacet
  facet normal -0 0 -1
    outer loop
      vertex 32.0319 -20.0798 0
      vertex 20.0798 -32.0319 0
      vertex 31.8753 -20.0695 0
    endloop
  endfacet
  facet normal 0 0 -1
    outer loop
      vertex 20.0695 -31.8753 0
      vertex 31.8753 -20.0695 0
      vertex 20.0798 -32.0319 0
    endloop
  endfacet
  facet normal -0 0 -1
    outer loop
      vertex 31.8753 -20.0695 0
      vertex 20.0695 -31.8753 0
      vertex 31.7214 -20.0389 0
    endloop
  endfacet
  facet normal 0 0 -1
    outer loop
      vertex 20.0389 -31.7214 0
      vertex 31.7214 -20.0389 0
      vertex 20.0695 -31.8753 0
    endloop
  endfacet
  facet normal -0 0 -1
    outer loop
      vertex 31.7214 -20.0389 0
      vertex 20.0389 -31.7214 0
      vertex 31.5727 -19.9884 0
    endloop
  endfacet
  facet normal 0 0 -1
    outer loop
      vertex 19.9884 -31.5727 0
      vertex 31.5727 -19.9884 0
      vertex 20.0389 -31.7214 0
    endloop
  endfacet
  facet normal -0 0 -1
    outer loop
      vertex 31.5727 -19.9884 0
      vertex 19.9884 -31.5727 0
      vertex 31.4319 -19.919 0
    endloop
  endfacet
  facet normal 0 0 -1
    outer loop
      vertex 19.919 -31.4319 0
      vertex 31.4319 -19.919 0
      vertex 19.9884 -31.5727 0
    endloop
  endfacet
  facet normal -0 0 -1
    outer loop
      vertex 31.4319 -19.919 0
      vertex 19.919 -31.4319 0
      vertex 31.3014 -19.8318 0
    endloop
  endfacet
  facet normal 0 0 -1
    outer loop
      vertex 19.7283 -31.1834 0
      vertex 31.1834 -19.7283 0
      vertex 19.8318 -31.3014 0
    endloop
  endfacet
  facet normal -0 0 -1
    outer loop
      vertex 31.3014 -19.8318 0
      vertex 19.8318 -31.3014 0
      vertex 31.1834 -19.7283 0
    endloop
  endfacet
  facet normal 0 0 -1
    outer loop
      vertex 19.8318 -31.3014 0
      vertex 31.3014 -19.8318 0
      vertex 19.919 -31.4319 0
    endloop
  endfacet
  facet normal 0 0 -1
    outer loop
      vertex 20.4336 -35 0
      vertex 33.9535 -48.452 0
      vertex 33.9703 -48.5367 0
    endloop
  endfacet
  facet normal 0 0 -1
    outer loop
      vertex 42.5678 -57.1342 0
      vertex 36.3329 -48.452 0
      vertex 36.3432 -48.2954 0
    endloop
  endfacet
  facet normal 0 0 -1
    outer loop
      vertex 42.5678 -57.1342 0
      vertex 36.3023 -48.606 0
      vertex 36.3329 -48.452 0
    endloop
  endfacet
  facet normal 0 0 -1
    outer loop
      vertex 42.5678 -57.1342 0
      vertex 36.2519 -48.7546 0
      vertex 36.3023 -48.606 0
    endloop
  endfacet
  facet normal 0 0 -1
    outer loop
      vertex 42.5678 -57.1342 0
      vertex 36.1824 -48.8954 0
      vertex 36.2519 -48.7546 0
    endloop
  endfacet
  facet normal 0 0 -1
    outer loop
      vertex 42.5678 -57.1342 0
      vertex 36.0952 -49.0259 0
      vertex 36.1824 -48.8954 0
    endloop
  endfacet
  facet normal 0 0 -1
    outer loop
      vertex 42.5678 -57.1342 0
      vertex 35.9917 -49.1439 0
      vertex 36.0952 -49.0259 0
    endloop
  endfacet
  facet normal 0 0 -1
    outer loop
      vertex 42.5678 -57.1342 0
      vertex 35.8737 -49.2474 0
      vertex 35.9917 -49.1439 0
    endloop
  endfacet
  facet normal 0 0 -1
    outer loop
      vertex 42.5678 -57.1342 0
      vertex 35.7432 -49.3346 0
      vertex 35.8737 -49.2474 0
    endloop
  endfacet
  facet normal 0 0 -1
    outer loop
      vertex 42.5678 -57.1342 0
      vertex 35.6024 -49.404 0
      vertex 35.7432 -49.3346 0
    endloop
  endfacet
  facet normal 0 0 -1
    outer loop
      vertex 42.5678 -57.1342 0
      vertex 35.4538 -49.4545 0
      vertex 35.6024 -49.404 0
    endloop
  endfacet
  facet normal 0 0 -1
    outer loop
      vertex 42.5678 -57.1342 0
      vertex 35.2998 -49.4851 0
      vertex 35.4538 -49.4545 0
    endloop
  endfacet
  facet normal 0 0 -1
    outer loop
      vertex 42.5678 -57.1342 0
      vertex 35.1432 -49.4954 0
      vertex 35.2998 -49.4851 0
    endloop
  endfacet
  facet normal 0 0 -1
    outer loop
      vertex 42.5678 -57.1342 0
      vertex 34.9866 -49.4851 0
      vertex 35.1432 -49.4954 0
    endloop
  endfacet
  facet normal -0 -0 -1
    outer loop
      vertex 34.9866 -49.4851 0
      vertex 42.5678 -57.1342 0
      vertex 34.9019 -49.4683 0
    endloop
  endfacet
  facet normal 0 0 -1
    outer loop
      vertex 57.1342 -42.5678 0
      vertex 49.4851 -35.2998 0
      vertex 49.4954 -35.1432 0
    endloop
  endfacet
  facet normal 0 0 -1
    outer loop
      vertex 57.1342 -42.5678 0
      vertex 49.4545 -35.4538 0
      vertex 49.4851 -35.2998 0
    endloop
  endfacet
  facet normal 0 0 -1
    outer loop
      vertex 57.1342 -42.5678 0
      vertex 49.404 -35.6024 0
      vertex 49.4545 -35.4538 0
    endloop
  endfacet
  facet normal 0 0 -1
    outer loop
      vertex 57.1342 -42.5678 0
      vertex 49.3346 -35.7432 0
      vertex 49.404 -35.6024 0
    endloop
  endfacet
  facet normal 0 0 -1
    outer loop
      vertex 57.1342 -42.5678 0
      vertex 49.2474 -35.8737 0
      vertex 49.3346 -35.7432 0
    endloop
  endfacet
  facet normal 0 0 -1
    outer loop
      vertex 57.1342 -42.5678 0
      vertex 49.1439 -35.9917 0
      vertex 49.2474 -35.8737 0
    endloop
  endfacet
  facet normal 0 0 -1
    outer loop
      vertex 57.1342 -42.5678 0
      vertex 49.0259 -36.0952 0
      vertex 49.1439 -35.9917 0
    endloop
  endfacet
  facet normal 0 0 -1
    outer loop
      vertex 57.1342 -42.5678 0
      vertex 48.8954 -36.1824 0
      vertex 49.0259 -36.0952 0
    endloop
  endfacet
  facet normal 0 0 -1
    outer loop
      vertex 57.1342 -42.5678 0
      vertex 48.7546 -36.2519 0
      vertex 48.8954 -36.1824 0
    endloop
  endfacet
  facet normal 0 0 -1
    outer loop
      vertex 57.1342 -42.5678 0
      vertex 48.606 -36.3023 0
      vertex 48.7546 -36.2519 0
    endloop
  endfacet
  facet normal 0 0 -1
    outer loop
      vertex 57.1342 -42.5678 0
      vertex 48.452 -36.3329 0
      vertex 48.606 -36.3023 0
    endloop
  endfacet
  facet normal 0 0 -1
    outer loop
      vertex 57.1342 -42.5678 0
      vertex 48.2954 -36.3432 0
      vertex 48.452 -36.3329 0
    endloop
  endfacet
  facet normal 0 0 -1
    outer loop
      vertex 57.1342 -42.5678 0
      vertex 48.1388 -36.3329 0
      vertex 48.2954 -36.3432 0
    endloop
  endfacet
  facet normal 0 0 -1
    outer loop
      vertex 36.3329 -48.1388 0
      vertex 48.1388 -36.3329 0
      vertex 57.1342 -42.5678 0
    endloop
  endfacet
  facet normal -0 0 -1
    outer loop
      vertex 48.1388 -36.3329 0
      vertex 36.3329 -48.1388 0
      vertex 47.9848 -36.3023 0
    endloop
  endfacet
  facet normal 0 0 -1
    outer loop
      vertex 36.3023 -47.9848 0
      vertex 47.9848 -36.3023 0
      vertex 36.3329 -48.1388 0
    endloop
  endfacet
  facet normal -0 0 -1
    outer loop
      vertex 47.9848 -36.3023 0
      vertex 36.3023 -47.9848 0
      vertex 47.8362 -36.2519 0
    endloop
  endfacet
  facet normal 0 0 -1
    outer loop
      vertex 35.9917 -47.4469 0
      vertex 47.4469 -35.9917 0
      vertex 36.0952 -47.5649 0
    endloop
  endfacet
  facet normal -0 0 -1
    outer loop
      vertex 47.5649 -36.0952 0
      vertex 36.0952 -47.5649 0
      vertex 47.4469 -35.9917 0
    endloop
  endfacet
  facet normal 0 0 -1
    outer loop
      vertex 36.0952 -47.5649 0
      vertex 47.5649 -36.0952 0
      vertex 36.1824 -47.6954 0
    endloop
  endfacet
  facet normal -0 0 -1
    outer loop
      vertex 47.6954 -36.1824 0
      vertex 36.1824 -47.6954 0
      vertex 47.5649 -36.0952 0
    endloop
  endfacet
  facet normal 0 0 -1
    outer loop
      vertex 36.1824 -47.6954 0
      vertex 47.6954 -36.1824 0
      vertex 36.2519 -47.8362 0
    endloop
  endfacet
  facet normal -0 0 -1
    outer loop
      vertex 47.8362 -36.2519 0
      vertex 36.2519 -47.8362 0
      vertex 47.6954 -36.1824 0
    endloop
  endfacet
  facet normal 0 0 -1
    outer loop
      vertex 36.2519 -47.8362 0
      vertex 47.8362 -36.2519 0
      vertex 36.3023 -47.9848 0
    endloop
  endfacet
  facet normal 0 0 -1
    outer loop
      vertex 36.3329 -48.1388 0
      vertex 57.1342 -42.5678 0
      vertex 42.5678 -57.1342 0
    endloop
  endfacet
  facet normal 0 0 -1
    outer loop
      vertex 49.4851 -34.9866 0
      vertex 57.1342 -42.5678 0
      vertex 49.4954 -35.1432 0
    endloop
  endfacet
  facet normal 0 0 -1
    outer loop
      vertex 57.1342 -42.5678 0
      vertex 49.4851 -34.9866 0
      vertex 49.4683 -34.9019 0
    endloop
  endfacet
  facet normal -0 0 -1
    outer loop
      vertex 47.4469 -35.9917 0
      vertex 35.9917 -47.4469 0
      vertex 47.3434 -35.8737 0
    endloop
  endfacet
  facet normal 0 0 -1
    outer loop
      vertex 35.8737 -47.3434 0
      vertex 47.3434 -35.8737 0
      vertex 35.9917 -47.4469 0
    endloop
  endfacet
  facet normal 0 0 -1
    outer loop
      vertex 36.3329 -48.1388 0
      vertex 42.5678 -57.1342 0
      vertex 36.3432 -48.2954 0
    endloop
  endfacet
  facet normal -0 0 -1
    outer loop
      vertex 47.3434 -35.8737 0
      vertex 35.8737 -47.3434 0
      vertex 47.2562 -35.7432 0
    endloop
  endfacet
  facet normal 0 0 -1
    outer loop
      vertex 35.7432 -47.2562 0
      vertex 47.2562 -35.7432 0
      vertex 35.8737 -47.3434 0
    endloop
  endfacet
  facet normal -0 0 -1
    outer loop
      vertex 47.2562 -35.7432 0
      vertex 35.7432 -47.2562 0
      vertex 47.1867 -35.6024 0
    endloop
  endfacet
  facet normal 0 0 -1
    outer loop
      vertex 35.6024 -47.1867 0
      vertex 47.1867 -35.6024 0
      vertex 35.7432 -47.2562 0
    endloop
  endfacet
  facet normal -0 0 -1
    outer loop
      vertex 47.1867 -35.6024 0
      vertex 35.6024 -47.1867 0
      vertex 47.1363 -35.4538 0
    endloop
  endfacet
  facet normal 0 0 -1
    outer loop
      vertex 35.4538 -47.1363 0
      vertex 47.1363 -35.4538 0
      vertex 35.6024 -47.1867 0
    endloop
  endfacet
  facet normal -0 0 -1
    outer loop
      vertex 47.1363 -35.4538 0
      vertex 35.4538 -47.1363 0
      vertex 47.1057 -35.2998 0
    endloop
  endfacet
  facet normal 0 0 -1
    outer loop
      vertex 35.2998 -47.1057 0
      vertex 47.1057 -35.2998 0
      vertex 35.4538 -47.1363 0
    endloop
  endfacet
  facet normal -0 0 -1
    outer loop
      vertex 47.1057 -35.2998 0
      vertex 35.2998 -47.1057 0
      vertex 47.0954 -35.1432 0
    endloop
  endfacet
  facet normal 0 0 -1
    outer loop
      vertex 35.1432 -47.0954 0
      vertex 47.0954 -35.1432 0
      vertex 35.2998 -47.1057 0
    endloop
  endfacet
  facet normal -0 0 -1
    outer loop
      vertex 47.0954 -35.1432 0
      vertex 35.1432 -47.0954 0
      vertex 47.1057 -34.9866 0
    endloop
  endfacet
  facet normal 0 0 -1
    outer loop
      vertex 34.9866 -47.1057 0
      vertex 47.1057 -34.9866 0
      vertex 35.1432 -47.0954 0
    endloop
  endfacet
  facet normal 0 -0 -1
    outer loop
      vertex 35 -20.4336 0
      vertex 47.1057 -34.9866 0
      vertex 34.9866 -47.1057 0
    endloop
  endfacet
  facet normal 0 0 -1
    outer loop
      vertex 47.1057 -34.9866 0
      vertex 35 -20.4336 0
      vertex 47.1363 -34.8326 0
    endloop
  endfacet
  facet normal 0 0 -1
    outer loop
      vertex 47.1363 -34.8326 0
      vertex 35 -20.4336 0
      vertex 47.1867 -34.684 0
    endloop
  endfacet
  facet normal 0 0 -1
    outer loop
      vertex 47.1867 -34.684 0
      vertex 35 -20.4336 0
      vertex 47.2562 -34.5432 0
    endloop
  endfacet
  facet normal 0 0 -1
    outer loop
      vertex 48.452 -33.9535 0
      vertex 35 -20.4336 0
      vertex 48.5367 -33.9703 0
    endloop
  endfacet
  facet normal 0 0 -1
    outer loop
      vertex 48.2954 -33.9432 0
      vertex 35 -20.4336 0
      vertex 48.452 -33.9535 0
    endloop
  endfacet
  facet normal 0 0 -1
    outer loop
      vertex 48.1388 -33.9535 0
      vertex 35 -20.4336 0
      vertex 48.2954 -33.9432 0
    endloop
  endfacet
  facet normal 0 0 -1
    outer loop
      vertex 47.9848 -33.9841 0
      vertex 35 -20.4336 0
      vertex 48.1388 -33.9535 0
    endloop
  endfacet
  facet normal 0 0 -1
    outer loop
      vertex 47.8362 -34.0346 0
      vertex 35 -20.4336 0
      vertex 47.9848 -33.9841 0
    endloop
  endfacet
  facet normal 0 0 -1
    outer loop
      vertex 47.6954 -34.104 0
      vertex 35 -20.4336 0
      vertex 47.8362 -34.0346 0
    endloop
  endfacet
  facet normal 0 0 -1
    outer loop
      vertex 47.5649 -34.1912 0
      vertex 35 -20.4336 0
      vertex 47.6954 -34.104 0
    endloop
  endfacet
  facet normal 0 0 -1
    outer loop
      vertex 47.4469 -34.2947 0
      vertex 35 -20.4336 0
      vertex 47.5649 -34.1912 0
    endloop
  endfacet
  facet normal 0 0 -1
    outer loop
      vertex 47.3434 -34.4127 0
      vertex 35 -20.4336 0
      vertex 47.4469 -34.2947 0
    endloop
  endfacet
  facet normal 0 0 -1
    outer loop
      vertex 34.8326 -47.1363 0
      vertex 35 -20.4336 0
      vertex 34.9866 -47.1057 0
    endloop
  endfacet
  facet normal 0 0 -1
    outer loop
      vertex 47.2562 -34.5432 0
      vertex 35 -20.4336 0
      vertex 47.3434 -34.4127 0
    endloop
  endfacet
  facet normal 0 0 -1
    outer loop
      vertex 35.1432 47.0954 0
      vertex 47.0954 35.1432 0
      vertex 47.1057 34.9866 0
    endloop
  endfacet
  facet normal 0 0 -1
    outer loop
      vertex 35 20.4336 0
      vertex 47.1057 34.9866 0
      vertex 47.1363 34.8326 0
    endloop
  endfacet
  facet normal 0 0 -1
    outer loop
      vertex 47.0954 35.1432 0
      vertex 36.3329 48.1388 0
      vertex 42.5678 57.1342 0
    endloop
  endfacet
  facet normal 0 0 -1
    outer loop
      vertex 35 20.4336 0
      vertex 47.1363 34.8326 0
      vertex 47.1867 34.684 0
    endloop
  endfacet
  facet normal 0 0 -1
    outer loop
      vertex 35 20.4336 0
      vertex 47.1867 34.684 0
      vertex 47.2562 34.5432 0
    endloop
  endfacet
  facet normal 0 0 -1
    outer loop
      vertex 35 20.4336 0
      vertex 47.2562 34.5432 0
      vertex 47.3434 34.4127 0
    endloop
  endfacet
  facet normal 0 0 -1
    outer loop
      vertex 42.5678 57.1342 0
      vertex 36.3329 48.1388 0
      vertex 36.3432 48.2954 0
    endloop
  endfacet
  facet normal 0 0 -1
    outer loop
      vertex 47.0954 35.1432 0
      vertex 36.3023 47.9848 0
      vertex 36.3329 48.1388 0
    endloop
  endfacet
  facet normal 0 0 -1
    outer loop
      vertex 47.0954 35.1432 0
      vertex 36.2519 47.8362 0
      vertex 36.3023 47.9848 0
    endloop
  endfacet
  facet normal 0 0 -1
    outer loop
      vertex 47.0954 35.1432 0
      vertex 36.1824 47.6954 0
      vertex 36.2519 47.8362 0
    endloop
  endfacet
  facet normal 0 0 -1
    outer loop
      vertex 47.0954 35.1432 0
      vertex 36.0952 47.5649 0
      vertex 36.1824 47.6954 0
    endloop
  endfacet
  facet normal 0 0 -1
    outer loop
      vertex 47.0954 35.1432 0
      vertex 35.9917 47.4469 0
      vertex 36.0952 47.5649 0
    endloop
  endfacet
  facet normal 0 0 -1
    outer loop
      vertex 47.0954 35.1432 0
      vertex 35.8737 47.3434 0
      vertex 35.9917 47.4469 0
    endloop
  endfacet
  facet normal 0 0 -1
    outer loop
      vertex 35 20.4336 0
      vertex 47.3434 34.4127 0
      vertex 47.4469 34.2947 0
    endloop
  endfacet
  facet normal 0 0 -1
    outer loop
      vertex 47.0954 35.1432 0
      vertex 35.7432 47.2562 0
      vertex 35.8737 47.3434 0
    endloop
  endfacet
  facet normal 0 0 -1
    outer loop
      vertex 47.0954 35.1432 0
      vertex 35.6024 47.1867 0
      vertex 35.7432 47.2562 0
    endloop
  endfacet
  facet normal 0 0 -1
    outer loop
      vertex 47.0954 35.1432 0
      vertex 35.4538 47.1363 0
      vertex 35.6024 47.1867 0
    endloop
  endfacet
  facet normal 0 0 -1
    outer loop
      vertex 47.0954 35.1432 0
      vertex 35.2998 47.1057 0
      vertex 35.4538 47.1363 0
    endloop
  endfacet
  facet normal 0 0 -1
    outer loop
      vertex 47.0954 35.1432 0
      vertex 35.1432 47.0954 0
      vertex 35.2998 47.1057 0
    endloop
  endfacet
  facet normal 0 0 -1
    outer loop
      vertex 35 20.4336 0
      vertex 48.452 33.9535 0
      vertex 48.5367 33.9703 0
    endloop
  endfacet
  facet normal 0 0 -1
    outer loop
      vertex 35 20.4336 0
      vertex 48.2954 33.9432 0
      vertex 48.452 33.9535 0
    endloop
  endfacet
  facet normal 0 0 -1
    outer loop
      vertex 35 20.4336 0
      vertex 48.1388 33.9535 0
      vertex 48.2954 33.9432 0
    endloop
  endfacet
  facet normal 0 0 -1
    outer loop
      vertex 35 20.4336 0
      vertex 47.9848 33.9841 0
      vertex 48.1388 33.9535 0
    endloop
  endfacet
  facet normal 0 0 -1
    outer loop
      vertex 35 20.4336 0
      vertex 47.8362 34.0346 0
      vertex 47.9848 33.9841 0
    endloop
  endfacet
  facet normal 0 0 -1
    outer loop
      vertex 35 20.4336 0
      vertex 47.6954 34.104 0
      vertex 47.8362 34.0346 0
    endloop
  endfacet
  facet normal 0 0 -1
    outer loop
      vertex 35 20.4336 0
      vertex 47.5649 34.1912 0
      vertex 47.6954 34.104 0
    endloop
  endfacet
  facet normal 0 0 -1
    outer loop
      vertex 35 20.4336 0
      vertex 47.4469 34.2947 0
      vertex 47.5649 34.1912 0
    endloop
  endfacet
  facet normal -0 0 -1
    outer loop
      vertex 47.1057 34.9866 0
      vertex 35 20.4336 0
      vertex 34.9866 47.1057 0
    endloop
  endfacet
  facet normal 0 0 -1
    outer loop
      vertex 47.1057 34.9866 0
      vertex 34.9866 47.1057 0
      vertex 35.1432 47.0954 0
    endloop
  endfacet
  facet normal 0 0 -1
    outer loop
      vertex 34.684 -47.1867 0
      vertex 35 -20.4336 0
      vertex 34.8326 -47.1363 0
    endloop
  endfacet
  facet normal 0 0 -1
    outer loop
      vertex 34.5432 -47.2562 0
      vertex 35 -20.4336 0
      vertex 34.684 -47.1867 0
    endloop
  endfacet
  facet normal 0 0 -1
    outer loop
      vertex 35 20.4336 0
      vertex 34.8326 47.1363 0
      vertex 34.9866 47.1057 0
    endloop
  endfacet
  facet normal 0 0 -1
    outer loop
      vertex 34.4127 -47.3434 0
      vertex 35 -20.4336 0
      vertex 34.5432 -47.2562 0
    endloop
  endfacet
  facet normal 0 0 -1
    outer loop
      vertex 35 20.4336 0
      vertex 34.684 47.1867 0
      vertex 34.8326 47.1363 0
    endloop
  endfacet
  facet normal 0 0 -1
    outer loop
      vertex 34.2947 -47.4469 0
      vertex 35 -20.4336 0
      vertex 34.4127 -47.3434 0
    endloop
  endfacet
  facet normal 0 0 -1
    outer loop
      vertex 35 20.4336 0
      vertex 34.5432 47.2562 0
      vertex 34.684 47.1867 0
    endloop
  endfacet
  facet normal 0 0 -1
    outer loop
      vertex 33.2319 -18.8798 0
      vertex 34.2947 -47.4469 0
      vertex 34.1912 -47.5649 0
    endloop
  endfacet
  facet normal 0 0 -1
    outer loop
      vertex 35 20.4336 0
      vertex 34.4127 47.3434 0
      vertex 34.5432 47.2562 0
    endloop
  endfacet
  facet normal 0 0 -1
    outer loop
      vertex 33.2319 -18.8798 0
      vertex 34.1912 -47.5649 0
      vertex 34.104 -47.6954 0
    endloop
  endfacet
  facet normal 0 0 -1
    outer loop
      vertex 35 20.4336 0
      vertex 34.2947 47.4469 0
      vertex 34.4127 47.3434 0
    endloop
  endfacet
  facet normal 0 0 -1
    outer loop
      vertex 33.2319 -18.8798 0
      vertex 34.104 -47.6954 0
      vertex 34.0346 -47.8362 0
    endloop
  endfacet
  facet normal 0 0 -1
    outer loop
      vertex 35 20.4336 0
      vertex 34.1912 47.5649 0
      vertex 34.2947 47.4469 0
    endloop
  endfacet
  facet normal 0 0 -1
    outer loop
      vertex 33.2319 -18.8798 0
      vertex 34.0346 -47.8362 0
      vertex 33.9841 -47.9848 0
    endloop
  endfacet
  facet normal 0 0 -1
    outer loop
      vertex 35 20.4336 0
      vertex 34.104 47.6954 0
      vertex 34.1912 47.5649 0
    endloop
  endfacet
  facet normal 0 0 -1
    outer loop
      vertex 33.2319 -18.8798 0
      vertex 33.9841 -47.9848 0
      vertex 33.9535 -48.1388 0
    endloop
  endfacet
  facet normal 0 0 -1
    outer loop
      vertex 35 20.4336 0
      vertex 34.0346 47.8362 0
      vertex 34.104 47.6954 0
    endloop
  endfacet
  facet normal 0 0 -1
    outer loop
      vertex 20.4336 -35 0
      vertex 33.9535 -48.1388 0
      vertex 33.9432 -48.2954 0
    endloop
  endfacet
  facet normal 0 0 -1
    outer loop
      vertex 35 20.4336 0
      vertex 33.9841 47.9848 0
      vertex 34.0346 47.8362 0
    endloop
  endfacet
  facet normal 0 0 -1
    outer loop
      vertex 34.2947 -47.4469 0
      vertex 33.2319 -18.8798 0
      vertex 35 -20.4336 0
    endloop
  endfacet
  facet normal 0 0 -1
    outer loop
      vertex 35 20.4336 0
      vertex 33.9535 48.1388 0
      vertex 33.9841 47.9848 0
    endloop
  endfacet
  facet normal 0 0 -1
    outer loop
      vertex 33.2217 -18.7231 0
      vertex 35 -20.4336 0
      vertex 33.2319 -18.8798 0
    endloop
  endfacet
  facet normal 0 0 -1
    outer loop
      vertex 35 20.4336 0
      vertex 33.9432 48.2954 0
      vertex 33.9535 48.1388 0
    endloop
  endfacet
  facet normal 0 0 -1
    outer loop
      vertex 57.1342 42.5678 0
      vertex 49.4851 34.9866 0
      vertex 49.4954 35.1432 0
    endloop
  endfacet
  facet normal 0 -0 -1
    outer loop
      vertex 49.4851 34.9866 0
      vertex 57.1342 42.5678 0
      vertex 49.4683 34.9019 0
    endloop
  endfacet
  facet normal 0 0 -1
    outer loop
      vertex 49.4851 35.2998 0
      vertex 57.1342 42.5678 0
      vertex 49.4954 35.1432 0
    endloop
  endfacet
  facet normal 0 0 -1
    outer loop
      vertex 49.4545 35.4538 0
      vertex 57.1342 42.5678 0
      vertex 49.4851 35.2998 0
    endloop
  endfacet
  facet normal 0 0 -1
    outer loop
      vertex 49.404 35.6024 0
      vertex 57.1342 42.5678 0
      vertex 49.4545 35.4538 0
    endloop
  endfacet
  facet normal 0 0 -1
    outer loop
      vertex 49.3346 35.7432 0
      vertex 57.1342 42.5678 0
      vertex 49.404 35.6024 0
    endloop
  endfacet
  facet normal 0 0 -1
    outer loop
      vertex 49.2474 35.8737 0
      vertex 57.1342 42.5678 0
      vertex 49.3346 35.7432 0
    endloop
  endfacet
  facet normal 0 0 -1
    outer loop
      vertex 49.1439 35.9917 0
      vertex 57.1342 42.5678 0
      vertex 49.2474 35.8737 0
    endloop
  endfacet
  facet normal 0 0 -1
    outer loop
      vertex 49.0259 36.0952 0
      vertex 57.1342 42.5678 0
      vertex 49.1439 35.9917 0
    endloop
  endfacet
  facet normal 0 0 -1
    outer loop
      vertex 48.8954 36.1824 0
      vertex 57.1342 42.5678 0
      vertex 49.0259 36.0952 0
    endloop
  endfacet
  facet normal 0 0 -1
    outer loop
      vertex 48.7546 36.2519 0
      vertex 57.1342 42.5678 0
      vertex 48.8954 36.1824 0
    endloop
  endfacet
  facet normal 0 0 -1
    outer loop
      vertex 48.606 36.3023 0
      vertex 57.1342 42.5678 0
      vertex 48.7546 36.2519 0
    endloop
  endfacet
  facet normal 0 0 -1
    outer loop
      vertex 48.452 36.3329 0
      vertex 57.1342 42.5678 0
      vertex 48.606 36.3023 0
    endloop
  endfacet
  facet normal 0 0 -1
    outer loop
      vertex 48.2954 36.3432 0
      vertex 57.1342 42.5678 0
      vertex 48.452 36.3329 0
    endloop
  endfacet
  facet normal 0 0 -1
    outer loop
      vertex 48.1388 36.3329 0
      vertex 57.1342 42.5678 0
      vertex 48.2954 36.3432 0
    endloop
  endfacet
  facet normal 0 0 -1
    outer loop
      vertex 42.5678 57.1342 0
      vertex 48.1388 36.3329 0
      vertex 47.9848 36.3023 0
    endloop
  endfacet
  facet normal 0 0 -1
    outer loop
      vertex 42.5678 57.1342 0
      vertex 47.9848 36.3023 0
      vertex 47.8362 36.2519 0
    endloop
  endfacet
  facet normal 0 0 -1
    outer loop
      vertex 42.5678 57.1342 0
      vertex 47.8362 36.2519 0
      vertex 47.6954 36.1824 0
    endloop
  endfacet
  facet normal 0 0 -1
    outer loop
      vertex 42.5678 57.1342 0
      vertex 47.6954 36.1824 0
      vertex 47.5649 36.0952 0
    endloop
  endfacet
  facet normal 0 0 -1
    outer loop
      vertex 48.1388 36.3329 0
      vertex 42.5678 57.1342 0
      vertex 57.1342 42.5678 0
    endloop
  endfacet
  facet normal 0 0 -1
    outer loop
      vertex 47.4469 35.9917 0
      vertex 42.5678 57.1342 0
      vertex 47.5649 36.0952 0
    endloop
  endfacet
  facet normal 0 0 -1
    outer loop
      vertex 47.3434 35.8737 0
      vertex 42.5678 57.1342 0
      vertex 47.4469 35.9917 0
    endloop
  endfacet
  facet normal 0 0 -1
    outer loop
      vertex 47.2562 35.7432 0
      vertex 42.5678 57.1342 0
      vertex 47.3434 35.8737 0
    endloop
  endfacet
  facet normal 0 0 -1
    outer loop
      vertex 47.1867 35.6024 0
      vertex 42.5678 57.1342 0
      vertex 47.2562 35.7432 0
    endloop
  endfacet
  facet normal 0 0 -1
    outer loop
      vertex 47.1363 35.4538 0
      vertex 42.5678 57.1342 0
      vertex 47.1867 35.6024 0
    endloop
  endfacet
  facet normal 0 0 -1
    outer loop
      vertex 47.1057 35.2998 0
      vertex 42.5678 57.1342 0
      vertex 47.1363 35.4538 0
    endloop
  endfacet
  facet normal 0 0 -1
    outer loop
      vertex 42.5678 57.1342 0
      vertex 47.1057 35.2998 0
      vertex 47.0954 35.1432 0
    endloop
  endfacet
  facet normal 0 0 -1
    outer loop
      vertex 36.3329 48.452 0
      vertex 42.5678 57.1342 0
      vertex 36.3432 48.2954 0
    endloop
  endfacet
  facet normal 0 0 -1
    outer loop
      vertex 36.3023 48.606 0
      vertex 42.5678 57.1342 0
      vertex 36.3329 48.452 0
    endloop
  endfacet
  facet normal 0 0 -1
    outer loop
      vertex 36.2519 48.7546 0
      vertex 42.5678 57.1342 0
      vertex 36.3023 48.606 0
    endloop
  endfacet
  facet normal 0 0 -1
    outer loop
      vertex 36.1824 48.8954 0
      vertex 42.5678 57.1342 0
      vertex 36.2519 48.7546 0
    endloop
  endfacet
  facet normal 0 0 -1
    outer loop
      vertex 36.0952 49.0259 0
      vertex 42.5678 57.1342 0
      vertex 36.1824 48.8954 0
    endloop
  endfacet
  facet normal 0 0 -1
    outer loop
      vertex 35.9917 49.1439 0
      vertex 42.5678 57.1342 0
      vertex 36.0952 49.0259 0
    endloop
  endfacet
  facet normal 0 0 -1
    outer loop
      vertex 35.8737 49.2474 0
      vertex 42.5678 57.1342 0
      vertex 35.9917 49.1439 0
    endloop
  endfacet
  facet normal 0 0 -1
    outer loop
      vertex 35.7432 49.3346 0
      vertex 42.5678 57.1342 0
      vertex 35.8737 49.2474 0
    endloop
  endfacet
  facet normal 0 0 -1
    outer loop
      vertex 35.6024 49.404 0
      vertex 42.5678 57.1342 0
      vertex 35.7432 49.3346 0
    endloop
  endfacet
  facet normal 0 0 -1
    outer loop
      vertex 35.4538 49.4545 0
      vertex 42.5678 57.1342 0
      vertex 35.6024 49.404 0
    endloop
  endfacet
  facet normal 0 0 -1
    outer loop
      vertex 35.2998 49.4851 0
      vertex 42.5678 57.1342 0
      vertex 35.4538 49.4545 0
    endloop
  endfacet
  facet normal 0 0 -1
    outer loop
      vertex 35.1432 49.4954 0
      vertex 42.5678 57.1342 0
      vertex 35.2998 49.4851 0
    endloop
  endfacet
  facet normal 0 0 -1
    outer loop
      vertex 34.9866 49.4851 0
      vertex 42.5678 57.1342 0
      vertex 35.1432 49.4954 0
    endloop
  endfacet
  facet normal 0 0 -1
    outer loop
      vertex 42.5678 57.1342 0
      vertex 34.9866 49.4851 0
      vertex 34.9019 49.4683 0
    endloop
  endfacet
  facet normal 0 0 -1
    outer loop
      vertex 33.2217 19.0364 0
      vertex 35 20.4336 0
      vertex 33.2319 18.8798 0
    endloop
  endfacet
  facet normal 0 0 -1
    outer loop
      vertex 33.191 19.1903 0
      vertex 35 20.4336 0
      vertex 33.2217 19.0364 0
    endloop
  endfacet
  facet normal 0 0 -1
    outer loop
      vertex 33.1406 19.339 0
      vertex 35 20.4336 0
      vertex 33.191 19.1903 0
    endloop
  endfacet
  facet normal 0 0 -1
    outer loop
      vertex 33.0712 19.4798 0
      vertex 35 20.4336 0
      vertex 33.1406 19.339 0
    endloop
  endfacet
  facet normal 0 0 -1
    outer loop
      vertex 32.984 19.6103 0
      vertex 35 20.4336 0
      vertex 33.0712 19.4798 0
    endloop
  endfacet
  facet normal 0 0 -1
    outer loop
      vertex 32.8805 19.7283 0
      vertex 35 20.4336 0
      vertex 32.984 19.6103 0
    endloop
  endfacet
  facet normal 0 0 -1
    outer loop
      vertex 32.7625 19.8318 0
      vertex 35 20.4336 0
      vertex 32.8805 19.7283 0
    endloop
  endfacet
  facet normal 0 0 -1
    outer loop
      vertex 32.6319 19.919 0
      vertex 35 20.4336 0
      vertex 32.7625 19.8318 0
    endloop
  endfacet
  facet normal 0 0 -1
    outer loop
      vertex 32.4912 19.9884 0
      vertex 35 20.4336 0
      vertex 32.6319 19.919 0
    endloop
  endfacet
  facet normal 0 0 -1
    outer loop
      vertex 32.3425 20.0389 0
      vertex 35 20.4336 0
      vertex 32.4912 19.9884 0
    endloop
  endfacet
  facet normal 0 0 -1
    outer loop
      vertex 32.1886 20.0695 0
      vertex 35 20.4336 0
      vertex 32.3425 20.0389 0
    endloop
  endfacet
  facet normal 0 0 -1
    outer loop
      vertex 32.0319 20.0798 0
      vertex 35 20.4336 0
      vertex 32.1886 20.0695 0
    endloop
  endfacet
  facet normal -0 0 -1
    outer loop
      vertex 35 20.4336 0
      vertex 32.0319 20.0798 0
      vertex 20.4336 35 0
    endloop
  endfacet
  facet normal 0 0 -1
    outer loop
      vertex 35 20.4336 0
      vertex 20.4336 35 0
      vertex 33.9432 48.2954 0
    endloop
  endfacet
  facet normal 0 0 -1
    outer loop
      vertex 20.0798 32.0319 0
      vertex 32.0319 20.0798 0
      vertex 31.8753 20.0695 0
    endloop
  endfacet
  facet normal 0 0 -1
    outer loop
      vertex 20.0798 32.0319 0
      vertex 31.8753 20.0695 0
      vertex 31.7214 20.0389 0
    endloop
  endfacet
  facet normal 0 0 -1
    outer loop
      vertex 20.0798 32.0319 0
      vertex 31.7214 20.0389 0
      vertex 31.5727 19.9884 0
    endloop
  endfacet
  facet normal 0 0 -1
    outer loop
      vertex 20.0798 32.0319 0
      vertex 31.5727 19.9884 0
      vertex 31.4319 19.919 0
    endloop
  endfacet
  facet normal 0 0 -1
    outer loop
      vertex 20.0798 32.0319 0
      vertex 31.4319 19.919 0
      vertex 31.3014 19.8318 0
    endloop
  endfacet
  facet normal 0 0 -1
    outer loop
      vertex 20.0798 32.0319 0
      vertex 31.3014 19.8318 0
      vertex 31.1834 19.7283 0
    endloop
  endfacet
  facet normal 0 0 -1
    outer loop
      vertex 20.0798 32.0319 0
      vertex 31.1834 19.7283 0
      vertex 31.0799 19.6103 0
    endloop
  endfacet
  facet normal 0 0 -1
    outer loop
      vertex 20.0798 32.0319 0
      vertex 31.0799 19.6103 0
      vertex 30.9927 19.4798 0
    endloop
  endfacet
  facet normal 0 0 -1
    outer loop
      vertex 20.0798 32.0319 0
      vertex 30.9927 19.4798 0
      vertex 30.9233 19.339 0
    endloop
  endfacet
  facet normal 0 0 -1
    outer loop
      vertex 20.0798 32.0319 0
      vertex 30.9233 19.339 0
      vertex 30.8728 19.1903 0
    endloop
  endfacet
  facet normal 0 0 -1
    outer loop
      vertex 20.0798 32.0319 0
      vertex 30.8728 19.1903 0
      vertex 30.8422 19.0364 0
    endloop
  endfacet
  facet normal 0 0 -1
    outer loop
      vertex 20.0798 32.0319 0
      vertex 30.8422 18.7231 0
      vertex 30.8728 18.5692 0
    endloop
  endfacet
  facet normal 0 0 -1
    outer loop
      vertex 20.0798 32.0319 0
      vertex 30.8319 18.8798 0
      vertex 30.8422 18.7231 0
    endloop
  endfacet
  facet normal -0 0 -1
    outer loop
      vertex 33.9535 48.452 0
      vertex 20.4336 35 0
      vertex 33.9703 48.5367 0
    endloop
  endfacet
  facet normal 0 0 -1
    outer loop
      vertex 20.0798 32.0319 0
      vertex 30.8422 19.0364 0
      vertex 30.8319 18.8798 0
    endloop
  endfacet
  facet normal -0 0 -1
    outer loop
      vertex 33.9432 48.2954 0
      vertex 20.4336 35 0
      vertex 33.9535 48.452 0
    endloop
  endfacet
  facet normal 0 0 -1
    outer loop
      vertex 20.4336 -35 0
      vertex 20.0695 -32.1886 0
      vertex 20.0798 -32.0319 0
    endloop
  endfacet
  facet normal 0 0 -1
    outer loop
      vertex 20.4336 -35 0
      vertex 20.0389 -32.3425 0
      vertex 20.0695 -32.1886 0
    endloop
  endfacet
  facet normal 0 0 -1
    outer loop
      vertex 20.4336 -35 0
      vertex 19.9884 -32.4912 0
      vertex 20.0389 -32.3425 0
    endloop
  endfacet
  facet normal 0 0 -1
    outer loop
      vertex 20.4336 -35 0
      vertex 19.919 -32.6319 0
      vertex 19.9884 -32.4912 0
    endloop
  endfacet
  facet normal 0 0 -1
    outer loop
      vertex 20.4336 -35 0
      vertex 19.8318 -32.7625 0
      vertex 19.919 -32.6319 0
    endloop
  endfacet
  facet normal 0 0 -1
    outer loop
      vertex 20.4336 -35 0
      vertex 19.7283 -32.8805 0
      vertex 19.8318 -32.7625 0
    endloop
  endfacet
  facet normal 0 0 -1
    outer loop
      vertex 20.4336 -35 0
      vertex 19.6103 -32.984 0
      vertex 19.7283 -32.8805 0
    endloop
  endfacet
  facet normal 0 0 -1
    outer loop
      vertex 20.4336 -35 0
      vertex 19.4798 -33.0712 0
      vertex 19.6103 -32.984 0
    endloop
  endfacet
  facet normal 0 0 -1
    outer loop
      vertex 20.4336 -35 0
      vertex 19.339 -33.1406 0
      vertex 19.4798 -33.0712 0
    endloop
  endfacet
  facet normal 0 0 -1
    outer loop
      vertex 20.4336 -35 0
      vertex 19.1903 -33.191 0
      vertex 19.339 -33.1406 0
    endloop
  endfacet
  facet normal 0 0 -1
    outer loop
      vertex 20.4336 -35 0
      vertex 19.0364 -33.2217 0
      vertex 19.1903 -33.191 0
    endloop
  endfacet
  facet normal 0 0 -1
    outer loop
      vertex 20.4336 -35 0
      vertex 18.8798 -33.2319 0
      vertex 19.0364 -33.2217 0
    endloop
  endfacet
  facet normal 0 0 -1
    outer loop
      vertex 20.4336 -35 0
      vertex 18.7231 -33.2217 0
      vertex 18.8798 -33.2319 0
    endloop
  endfacet
  facet normal 0 0 -1
    outer loop
      vertex 20.4336 -35 0
      vertex 18.5692 -33.191 0
      vertex 18.7231 -33.2217 0
    endloop
  endfacet
  facet normal 0 0 -1
    outer loop
      vertex 20.4336 -35 0
      vertex 18.4205 -33.1406 0
      vertex 18.5692 -33.191 0
    endloop
  endfacet
  facet normal 0 0 -1
    outer loop
      vertex 20.4336 -35 0
      vertex 18.2798 -33.0712 0
      vertex 18.4205 -33.1406 0
    endloop
  endfacet
  facet normal 0 0 -1
    outer loop
      vertex 20.4336 -35 0
      vertex 18.1492 -32.984 0
      vertex 18.2798 -33.0712 0
    endloop
  endfacet
  facet normal 0 0 -1
    outer loop
      vertex -18.1492 -32.984 0
      vertex 18.1492 -32.984 0
      vertex 20.4336 -35 0
    endloop
  endfacet
  facet normal 0 0 -1
    outer loop
      vertex 15.69 16.8921 0
      vertex 18.7231 30.8422 0
      vertex 15.9006 16.8206 0
    endloop
  endfacet
  facet normal 0 0 -1
    outer loop
      vertex 30.9233 -18.4205 0
      vertex 16.95 -15.25 0
      vertex 30.9927 -18.2798 0
    endloop
  endfacet
  facet normal 0 -0 -1
    outer loop
      vertex 16.95 -15.25 0
      vertex 30.9233 -18.4205 0
      vertex 16.9355 -15.4719 0
    endloop
  endfacet
  facet normal 0 0 -1
    outer loop
      vertex 30.8728 -18.5692 0
      vertex 16.9355 -15.4719 0
      vertex 30.9233 -18.4205 0
    endloop
  endfacet
  facet normal 0 -0 -1
    outer loop
      vertex 16.9355 -15.4719 0
      vertex 30.8728 -18.5692 0
      vertex 16.8921 -15.69 0
    endloop
  endfacet
  facet normal 0 0 -1
    outer loop
      vertex 30.8422 -18.7231 0
      vertex 16.8921 -15.69 0
      vertex 30.8728 -18.5692 0
    endloop
  endfacet
  facet normal 0 0 -1
    outer loop
      vertex -17.6798 -32.0319 0
      vertex 17.6798 -32.0319 0
      vertex 17.69 -32.1886 0
    endloop
  endfacet
  facet normal 0 -0 -1
    outer loop
      vertex 16.8921 -15.69 0
      vertex 30.8422 -18.7231 0
      vertex 16.8206 -15.9006 0
    endloop
  endfacet
  facet normal 0 0 -1
    outer loop
      vertex 19.1903 -30.8728 0
      vertex 16.2849 -16.5987 0
      vertex 16.4521 -16.4521 0
    endloop
  endfacet
  facet normal 0 0 -1
    outer loop
      vertex 19.0364 -30.8422 0
      vertex 16.1 -16.7222 0
      vertex 16.2849 -16.5987 0
    endloop
  endfacet
  facet normal 0 0 -1
    outer loop
      vertex 18.8798 -30.8319 0
      vertex 15.9006 -16.8206 0
      vertex 16.1 -16.7222 0
    endloop
  endfacet
  facet normal 0 0 -1
    outer loop
      vertex 18.7231 -30.8422 0
      vertex 15.69 -16.8921 0
      vertex 15.9006 -16.8206 0
    endloop
  endfacet
  facet normal 0 0 -1
    outer loop
      vertex 18.5692 -30.8728 0
      vertex 15.4719 -16.9355 0
      vertex 15.69 -16.8921 0
    endloop
  endfacet
  facet normal 0 0 -1
    outer loop
      vertex 18.4205 -30.9233 0
      vertex 15.25 -16.95 0
      vertex 15.4719 -16.9355 0
    endloop
  endfacet
  facet normal 0 0 -1
    outer loop
      vertex 18.2798 -30.9927 0
      vertex 15.0281 -16.9355 0
      vertex 15.25 -16.95 0
    endloop
  endfacet
  facet normal 0 0 -1
    outer loop
      vertex 18.1492 -31.0799 0
      vertex 14.81 -16.8921 0
      vertex 15.0281 -16.9355 0
    endloop
  endfacet
  facet normal 0 0 -1
    outer loop
      vertex 18.0312 -31.1834 0
      vertex 14.5994 -16.8206 0
      vertex 14.81 -16.8921 0
    endloop
  endfacet
  facet normal 0 0 -1
    outer loop
      vertex -17.69 -32.1886 0
      vertex 17.69 -32.1886 0
      vertex 17.7206 -32.3425 0
    endloop
  endfacet
  facet normal 0 0 -1
    outer loop
      vertex 17.9277 -31.3014 0
      vertex 14.4 -16.7222 0
      vertex 14.5994 -16.8206 0
    endloop
  endfacet
  facet normal 0 0 -1
    outer loop
      vertex 17.8405 -31.4319 0
      vertex 14.2151 -16.5987 0
      vertex 14.4 -16.7222 0
    endloop
  endfacet
  facet normal 0 0 -1
    outer loop
      vertex 17.7711 -31.5727 0
      vertex 14.0479 -16.4521 0
      vertex 14.2151 -16.5987 0
    endloop
  endfacet
  facet normal 0 0 -1
    outer loop
      vertex 17.7206 -31.7214 0
      vertex 13.9013 -16.2849 0
      vertex 14.0479 -16.4521 0
    endloop
  endfacet
  facet normal 0 0 -1
    outer loop
      vertex 17.7206 -31.7214 0
      vertex -13.9013 -16.2849 0
      vertex 13.9013 -16.2849 0
    endloop
  endfacet
  facet normal 0 0 -1
    outer loop
      vertex 13.9013 -16.2849 0
      vertex -13.9013 -16.2849 0
      vertex 13.7778 -16.1 0
    endloop
  endfacet
  facet normal 0 -0 -1
    outer loop
      vertex -13.7778 -16.1 0
      vertex 13.7778 -16.1 0
      vertex -13.9013 -16.2849 0
    endloop
  endfacet
  facet normal 0 0 -1
    outer loop
      vertex 13.6079 14.81 0
      vertex -13.55 15.25 0
      vertex 13.5645 15.0281 0
    endloop
  endfacet
  facet normal 0 0 -1
    outer loop
      vertex 13.5645 -15.4719 0
      vertex -13.55 -15.25 0
      vertex 13.55 -15.25 0
    endloop
  endfacet
  facet normal 0 0 -1
    outer loop
      vertex -13.5645 -15.4719 0
      vertex 13.5645 -15.4719 0
      vertex 13.6079 -15.69 0
    endloop
  endfacet
  facet normal 0 0 -1
    outer loop
      vertex 13.7778 -16.1 0
      vertex -13.7778 -16.1 0
      vertex 13.6794 -15.9006 0
    endloop
  endfacet
  facet normal 0 0 -1
    outer loop
      vertex -17.7206 -32.3425 0
      vertex 17.7206 -32.3425 0
      vertex 17.7711 -32.4912 0
    endloop
  endfacet
  facet normal 0 0 -1
    outer loop
      vertex -17.7711 -32.4912 0
      vertex 17.7711 -32.4912 0
      vertex 17.8405 -32.6319 0
    endloop
  endfacet
  facet normal 0 0 -1
    outer loop
      vertex -17.8405 -32.6319 0
      vertex 17.8405 -32.6319 0
      vertex 17.9277 -32.7625 0
    endloop
  endfacet
  facet normal 0 0 -1
    outer loop
      vertex -17.9277 -32.7625 0
      vertex 17.9277 -32.7625 0
      vertex 18.0312 -32.8805 0
    endloop
  endfacet
  facet normal 0 0 -1
    outer loop
      vertex 18.1492 -32.984 0
      vertex -18.1492 -32.984 0
      vertex 18.0312 -32.8805 0
    endloop
  endfacet
  facet normal 0 0 -1
    outer loop
      vertex 13.5645 -15.4719 0
      vertex -13.5645 -15.4719 0
      vertex -13.55 -15.25 0
    endloop
  endfacet
  facet normal 0 0 -1
    outer loop
      vertex 13.6079 -15.69 0
      vertex -13.6079 -15.69 0
      vertex -13.5645 -15.4719 0
    endloop
  endfacet
  facet normal -0 0 -1
    outer loop
      vertex 13.6079 -15.69 0
      vertex -13.6794 -15.9006 0
      vertex -13.6079 -15.69 0
    endloop
  endfacet
  facet normal 0 0 -1
    outer loop
      vertex 13.6794 -15.9006 0
      vertex -13.6794 -15.9006 0
      vertex 13.6079 -15.69 0
    endloop
  endfacet
  facet normal 0 -0 -1
    outer loop
      vertex -13.6794 -15.9006 0
      vertex 13.6794 -15.9006 0
      vertex -13.7778 -16.1 0
    endloop
  endfacet
  facet normal 0 0 -1
    outer loop
      vertex 17.69 -31.8753 0
      vertex -17.69 -31.8753 0
      vertex 17.7206 -31.7214 0
    endloop
  endfacet
  facet normal 0 0 -1
    outer loop
      vertex -17.7206 -31.7214 0
      vertex 17.7206 -31.7214 0
      vertex -17.69 -31.8753 0
    endloop
  endfacet
  facet normal 0 0 -1
    outer loop
      vertex 17.7206 -31.7214 0
      vertex -17.7206 -31.7214 0
      vertex -13.9013 -16.2849 0
    endloop
  endfacet
  facet normal 0 0 -1
    outer loop
      vertex -13.9013 -16.2849 0
      vertex -17.7206 -31.7214 0
      vertex -14.0479 -16.4521 0
    endloop
  endfacet
  facet normal 0 0 -1
    outer loop
      vertex -17.7711 -31.5727 0
      vertex -14.0479 -16.4521 0
      vertex -17.7206 -31.7214 0
    endloop
  endfacet
  facet normal 0 0 -1
    outer loop
      vertex -14.0479 -16.4521 0
      vertex -17.7711 -31.5727 0
      vertex -14.2151 -16.5987 0
    endloop
  endfacet
  facet normal 0 0 -1
    outer loop
      vertex -17.8405 -31.4319 0
      vertex -14.2151 -16.5987 0
      vertex -17.7711 -31.5727 0
    endloop
  endfacet
  facet normal 0 0 -1
    outer loop
      vertex -14.2151 -16.5987 0
      vertex -17.8405 -31.4319 0
      vertex -14.4 -16.7222 0
    endloop
  endfacet
  facet normal 0 0 -1
    outer loop
      vertex -17.9277 -31.3014 0
      vertex -14.4 -16.7222 0
      vertex -17.8405 -31.4319 0
    endloop
  endfacet
  facet normal 0 0 -1
    outer loop
      vertex -14.4 -16.7222 0
      vertex -17.9277 -31.3014 0
      vertex -14.5994 -16.8206 0
    endloop
  endfacet
  facet normal 0 0 -1
    outer loop
      vertex -18.0312 -31.1834 0
      vertex -14.5994 -16.8206 0
      vertex -17.9277 -31.3014 0
    endloop
  endfacet
  facet normal 0 0 -1
    outer loop
      vertex -18.7231 -30.8422 0
      vertex -15.69 -16.8921 0
      vertex -18.5692 -30.8728 0
    endloop
  endfacet
  facet normal -0 0 -1
    outer loop
      vertex -15.4719 -16.9355 0
      vertex -18.5692 -30.8728 0
      vertex -15.69 -16.8921 0
    endloop
  endfacet
  facet normal 0 0 -1
    outer loop
      vertex -18.5692 -30.8728 0
      vertex -15.4719 -16.9355 0
      vertex -18.4205 -30.9233 0
    endloop
  endfacet
  facet normal -0 0 -1
    outer loop
      vertex -15.25 -16.95 0
      vertex -18.4205 -30.9233 0
      vertex -15.4719 -16.9355 0
    endloop
  endfacet
  facet normal 0 0 -1
    outer loop
      vertex -18.4205 -30.9233 0
      vertex -15.25 -16.95 0
      vertex -18.2798 -30.9927 0
    endloop
  endfacet
  facet normal 0 0 -1
    outer loop
      vertex -15.0281 -16.9355 0
      vertex -18.2798 -30.9927 0
      vertex -15.25 -16.95 0
    endloop
  endfacet
  facet normal 0 0 -1
    outer loop
      vertex -18.2798 -30.9927 0
      vertex -15.0281 -16.9355 0
      vertex -18.1492 -31.0799 0
    endloop
  endfacet
  facet normal 0 0 -1
    outer loop
      vertex -14.81 -16.8921 0
      vertex -18.1492 -31.0799 0
      vertex -15.0281 -16.9355 0
    endloop
  endfacet
  facet normal 0 0 -1
    outer loop
      vertex -18.1492 -31.0799 0
      vertex -14.81 -16.8921 0
      vertex -18.0312 -31.1834 0
    endloop
  endfacet
  facet normal 0 0 -1
    outer loop
      vertex -14.5994 -16.8206 0
      vertex -18.0312 -31.1834 0
      vertex -14.81 -16.8921 0
    endloop
  endfacet
  facet normal 0 0 -1
    outer loop
      vertex 17.69 -32.1886 0
      vertex -17.69 -32.1886 0
      vertex -17.6798 -32.0319 0
    endloop
  endfacet
  facet normal 0 0 -1
    outer loop
      vertex 17.7206 -32.3425 0
      vertex -17.7206 -32.3425 0
      vertex -17.69 -32.1886 0
    endloop
  endfacet
  facet normal 0 0 -1
    outer loop
      vertex 17.7711 -32.4912 0
      vertex -17.7711 -32.4912 0
      vertex -17.7206 -32.3425 0
    endloop
  endfacet
  facet normal 0 0 -1
    outer loop
      vertex 17.8405 -32.6319 0
      vertex -17.8405 -32.6319 0
      vertex -17.7711 -32.4912 0
    endloop
  endfacet
  facet normal 0 0 -1
    outer loop
      vertex 17.9277 -32.7625 0
      vertex -17.9277 -32.7625 0
      vertex -17.8405 -32.6319 0
    endloop
  endfacet
  facet normal 0 0 -1
    outer loop
      vertex 18.0312 -32.8805 0
      vertex -18.0312 -32.8805 0
      vertex -17.9277 -32.7625 0
    endloop
  endfacet
  facet normal -0 0 -1
    outer loop
      vertex 18.0312 -32.8805 0
      vertex -18.1492 -32.984 0
      vertex -18.0312 -32.8805 0
    endloop
  endfacet
  facet normal 0 0 -1
    outer loop
      vertex -20.4336 -35 0
      vertex -18.1492 -32.984 0
      vertex 20.4336 -35 0
    endloop
  endfacet
  facet normal 0 0 -1
    outer loop
      vertex -18.1492 -32.984 0
      vertex -20.4336 -35 0
      vertex -18.2798 -33.0712 0
    endloop
  endfacet
  facet normal 0 0 -1
    outer loop
      vertex -18.2798 -33.0712 0
      vertex -20.4336 -35 0
      vertex -18.4205 -33.1406 0
    endloop
  endfacet
  facet normal 0 0 -1
    outer loop
      vertex -18.4205 -33.1406 0
      vertex -20.4336 -35 0
      vertex -18.5692 -33.191 0
    endloop
  endfacet
  facet normal 0 0 -1
    outer loop
      vertex -18.5692 -33.191 0
      vertex -20.4336 -35 0
      vertex -18.7231 -33.2217 0
    endloop
  endfacet
  facet normal 0 0 -1
    outer loop
      vertex -30.8319 -18.8798 0
      vertex -20.0798 -32.0319 0
      vertex -20.4336 -35 0
    endloop
  endfacet
  facet normal -0 0 -1
    outer loop
      vertex -20.0695 -32.1886 0
      vertex -20.4336 -35 0
      vertex -20.0798 -32.0319 0
    endloop
  endfacet
  facet normal -0 0 -1
    outer loop
      vertex -20.0389 -32.3425 0
      vertex -20.4336 -35 0
      vertex -20.0695 -32.1886 0
    endloop
  endfacet
  facet normal -0 0 -1
    outer loop
      vertex -19.9884 -32.4912 0
      vertex -20.4336 -35 0
      vertex -20.0389 -32.3425 0
    endloop
  endfacet
  facet normal -0 0 -1
    outer loop
      vertex -19.919 -32.6319 0
      vertex -20.4336 -35 0
      vertex -19.9884 -32.4912 0
    endloop
  endfacet
  facet normal -0 0 -1
    outer loop
      vertex -19.8318 -32.7625 0
      vertex -20.4336 -35 0
      vertex -19.919 -32.6319 0
    endloop
  endfacet
  facet normal -0 0 -1
    outer loop
      vertex -19.7283 -32.8805 0
      vertex -20.4336 -35 0
      vertex -19.8318 -32.7625 0
    endloop
  endfacet
  facet normal -0 0 -1
    outer loop
      vertex -19.6103 -32.984 0
      vertex -20.4336 -35 0
      vertex -19.7283 -32.8805 0
    endloop
  endfacet
  facet normal -0 0 -1
    outer loop
      vertex -19.4798 -33.0712 0
      vertex -20.4336 -35 0
      vertex -19.6103 -32.984 0
    endloop
  endfacet
  facet normal -0 0 -1
    outer loop
      vertex -19.339 -33.1406 0
      vertex -20.4336 -35 0
      vertex -19.4798 -33.0712 0
    endloop
  endfacet
  facet normal -0 0 -1
    outer loop
      vertex -19.1903 -33.191 0
      vertex -20.4336 -35 0
      vertex -19.339 -33.1406 0
    endloop
  endfacet
  facet normal -0 0 -1
    outer loop
      vertex -19.0364 -33.2217 0
      vertex -20.4336 -35 0
      vertex -19.1903 -33.191 0
    endloop
  endfacet
  facet normal -0 0 -1
    outer loop
      vertex -18.8798 -33.2319 0
      vertex -20.4336 -35 0
      vertex -19.0364 -33.2217 0
    endloop
  endfacet
  facet normal 0 0 -1
    outer loop
      vertex -18.7231 -33.2217 0
      vertex -20.4336 -35 0
      vertex -18.8798 -33.2319 0
    endloop
  endfacet
  facet normal 0.707107 -0.707107 0
    outer loop
      vertex 49.4683 34.9019 4
      vertex 57.1342 42.5678 0
      vertex 57.1342 42.5678 4
    endloop
  endfacet
  facet normal 0.707107 -0.707107 0
    outer loop
      vertex 57.1342 42.5678 0
      vertex 49.4683 34.9019 4
      vertex 49.4683 34.9019 0
    endloop
  endfacet
  facet normal 0.707107 -0.707107 0
    outer loop
      vertex 35 20.4336 4
      vertex 48.5367 33.9703 0
      vertex 48.5367 33.9703 4
    endloop
  endfacet
  facet normal 0.707107 -0.707107 0
    outer loop
      vertex 48.5367 33.9703 0
      vertex 35 20.4336 4
      vertex 35 20.4336 0
    endloop
  endfacet
  facet normal -0.707107 -0.707107 0
    outer loop
      vertex -49.4683 34.9019 0
      vertex -57.1342 42.5678 4
      vertex -57.1342 42.5678 0
    endloop
  endfacet
  facet normal -0.707107 -0.707107 0
    outer loop
      vertex -57.1342 42.5678 4
      vertex -49.4683 34.9019 0
      vertex -49.4683 34.9019 4
    endloop
  endfacet
  facet normal -0.707107 -0.707107 0
    outer loop
      vertex -35 20.4336 0
      vertex -48.5367 33.9703 4
      vertex -48.5367 33.9703 0
    endloop
  endfacet
  facet normal -0.707107 -0.707107 0
    outer loop
      vertex -48.5367 33.9703 4
      vertex -35 20.4336 0
      vertex -35 20.4336 4
    endloop
  endfacet
  facet normal 0.707107 0.707107 -0
    outer loop
      vertex -34.9019 49.4683 0
      vertex -42.5678 57.1342 4
      vertex -34.9019 49.4683 4
    endloop
  endfacet
  facet normal 0.707107 0.707107 0
    outer loop
      vertex -42.5678 57.1342 4
      vertex -34.9019 49.4683 0
      vertex -42.5678 57.1342 0
    endloop
  endfacet
  facet normal 0.707107 0.707107 0
    outer loop
      vertex -20.4336 35 4
      vertex -33.9703 48.5367 0
      vertex -33.9703 48.5367 4
    endloop
  endfacet
  facet normal 0.707107 0.707107 0
    outer loop
      vertex -33.9703 48.5367 0
      vertex -20.4336 35 4
      vertex -20.4336 35 0
    endloop
  endfacet
  facet normal -0.707107 0.707107 0
    outer loop
      vertex -57.1342 42.5678 0
      vertex -42.5678 57.1342 4
      vertex -42.5678 57.1342 0
    endloop
  endfacet
  facet normal -0.707107 0.707107 0
    outer loop
      vertex -42.5678 57.1342 4
      vertex -57.1342 42.5678 0
      vertex -57.1342 42.5678 4
    endloop
  endfacet
  facet normal -0.707107 -0.707107 0
    outer loop
      vertex -42.5678 -57.1342 0
      vertex -57.1342 -42.5678 4
      vertex -57.1342 -42.5678 0
    endloop
  endfacet
  facet normal -0.707107 -0.707107 0
    outer loop
      vertex -57.1342 -42.5678 4
      vertex -42.5678 -57.1342 0
      vertex -42.5678 -57.1342 4
    endloop
  endfacet
  facet normal 0.707107 -0.707107 0
    outer loop
      vertex -42.5678 -57.1342 0
      vertex -34.9019 -49.4683 4
      vertex -42.5678 -57.1342 4
    endloop
  endfacet
  facet normal 0.707107 -0.707107 0
    outer loop
      vertex -34.9019 -49.4683 4
      vertex -42.5678 -57.1342 0
      vertex -34.9019 -49.4683 0
    endloop
  endfacet
  facet normal 0.707107 -0.707107 0
    outer loop
      vertex -33.9703 -48.5367 4
      vertex -20.4336 -35 0
      vertex -20.4336 -35 4
    endloop
  endfacet
  facet normal 0.707107 -0.707107 0
    outer loop
      vertex -20.4336 -35 0
      vertex -33.9703 -48.5367 4
      vertex -33.9703 -48.5367 0
    endloop
  endfacet
  facet normal -0.707107 0.707107 0
    outer loop
      vertex -57.1342 -42.5678 0
      vertex -49.4683 -34.9019 4
      vertex -49.4683 -34.9019 0
    endloop
  endfacet
  facet normal -0.707107 0.707107 0
    outer loop
      vertex -49.4683 -34.9019 4
      vertex -57.1342 -42.5678 0
      vertex -57.1342 -42.5678 4
    endloop
  endfacet
  facet normal -0.707107 0.707107 0
    outer loop
      vertex -48.5367 -33.9703 0
      vertex -35 -20.4336 4
      vertex -35 -20.4336 0
    endloop
  endfacet
  facet normal -0.707107 0.707107 0
    outer loop
      vertex -35 -20.4336 4
      vertex -48.5367 -33.9703 0
      vertex -48.5367 -33.9703 4
    endloop
  endfacet
  facet normal 0.707107 -0.707107 0
    outer loop
      vertex 42.5678 -57.1342 4
      vertex 57.1342 -42.5678 0
      vertex 57.1342 -42.5678 4
    endloop
  endfacet
  facet normal 0.707107 -0.707107 0
    outer loop
      vertex 57.1342 -42.5678 0
      vertex 42.5678 -57.1342 4
      vertex 42.5678 -57.1342 0
    endloop
  endfacet
  facet normal 0.707107 0.707107 0
    outer loop
      vertex 57.1342 -42.5678 4
      vertex 49.4683 -34.9019 0
      vertex 49.4683 -34.9019 4
    endloop
  endfacet
  facet normal 0.707107 0.707107 0
    outer loop
      vertex 49.4683 -34.9019 0
      vertex 57.1342 -42.5678 4
      vertex 57.1342 -42.5678 0
    endloop
  endfacet
  facet normal 0.707107 0.707107 0
    outer loop
      vertex 48.5367 -33.9703 4
      vertex 35 -20.4336 0
      vertex 35 -20.4336 4
    endloop
  endfacet
  facet normal 0.707107 0.707107 0
    outer loop
      vertex 35 -20.4336 0
      vertex 48.5367 -33.9703 4
      vertex 48.5367 -33.9703 0
    endloop
  endfacet
  facet normal -0.707107 -0.707107 0
    outer loop
      vertex 34.9019 -49.4683 0
      vertex 42.5678 -57.1342 4
      vertex 34.9019 -49.4683 4
    endloop
  endfacet
  facet normal -0.707107 -0.707107 -0
    outer loop
      vertex 42.5678 -57.1342 4
      vertex 34.9019 -49.4683 0
      vertex 42.5678 -57.1342 0
    endloop
  endfacet
  facet normal -0.707107 -0.707107 0
    outer loop
      vertex 33.9703 -48.5367 0
      vertex 20.4336 -35 4
      vertex 20.4336 -35 0
    endloop
  endfacet
  facet normal -0.707107 -0.707107 0
    outer loop
      vertex 20.4336 -35 4
      vertex 33.9703 -48.5367 0
      vertex 33.9703 -48.5367 4
    endloop
  endfacet
  facet normal -1 0 0
    outer loop
      vertex -35 -20.4336 0
      vertex -35 20.4336 4
      vertex -35 20.4336 0
    endloop
  endfacet
  facet normal -1 -0 0
    outer loop
      vertex -35 20.4336 4
      vertex -35 -20.4336 0
      vertex -35 -20.4336 4
    endloop
  endfacet
  facet normal 0 -1 0
    outer loop
      vertex -20.4336 -35 0
      vertex 20.4336 -35 4
      vertex -20.4336 -35 4
    endloop
  endfacet
  facet normal 0 -1 -0
    outer loop
      vertex 20.4336 -35 4
      vertex -20.4336 -35 0
      vertex 20.4336 -35 0
    endloop
  endfacet
  facet normal 1 -0 0
    outer loop
      vertex 35 -20.4336 4
      vertex 35 20.4336 0
      vertex 35 20.4336 4
    endloop
  endfacet
  facet normal 1 0 0
    outer loop
      vertex 35 20.4336 0
      vertex 35 -20.4336 4
      vertex 35 -20.4336 0
    endloop
  endfacet
  facet normal 0 1 -0
    outer loop
      vertex 20.4336 35 0
      vertex -20.4336 35 4
      vertex 20.4336 35 4
    endloop
  endfacet
  facet normal 0 1 0
    outer loop
      vertex -20.4336 35 4
      vertex 20.4336 35 0
      vertex -20.4336 35 0
    endloop
  endfacet
  facet normal -0.98077 -0.195165 0
    outer loop
      vertex -13.5645 -15.0281 0
      vertex -13.6079 -14.81 4
      vertex -13.6079 -14.81 0
    endloop
  endfacet
  facet normal -0.98077 -0.195165 0
    outer loop
      vertex -13.6079 -14.81 4
      vertex -13.5645 -15.0281 0
      vertex -13.5645 -15.0281 4
    endloop
  endfacet
  facet normal -0.997872 -0.0652057 0
    outer loop
      vertex -13.55 -15.25 0
      vertex -13.5645 -15.0281 4
      vertex -13.5645 -15.0281 0
    endloop
  endfacet
  facet normal -0.997872 -0.0652057 0
    outer loop
      vertex -13.5645 -15.0281 4
      vertex -13.55 -15.25 0
      vertex -13.55 -15.25 4
    endloop
  endfacet
  facet normal -0.0652057 0.997872 0
    outer loop
      vertex -15.0281 -16.9355 0
      vertex -15.25 -16.95 4
      vertex -15.0281 -16.9355 4
    endloop
  endfacet
  facet normal -0.0652057 0.997872 0
    outer loop
      vertex -15.25 -16.95 4
      vertex -15.0281 -16.9355 0
      vertex -15.25 -16.95 0
    endloop
  endfacet
  facet normal 0.659268 -0.751908 0
    outer loop
      vertex -16.4521 -14.0479 0
      vertex -16.2849 -13.9013 4
      vertex -16.4521 -14.0479 4
    endloop
  endfacet
  facet normal 0.659268 -0.751908 0
    outer loop
      vertex -16.2849 -13.9013 4
      vertex -16.4521 -14.0479 0
      vertex -16.2849 -13.9013 0
    endloop
  endfacet
  facet normal 0.831566 0.555426 0
    outer loop
      vertex -16.5987 -16.2849 4
      vertex -16.7222 -16.1 0
      vertex -16.7222 -16.1 4
    endloop
  endfacet
  facet normal 0.831566 0.555426 0
    outer loop
      vertex -16.7222 -16.1 0
      vertex -16.5987 -16.2849 4
      vertex -16.5987 -16.2849 0
    endloop
  endfacet
  facet normal 0.195165 0.98077 -0
    outer loop
      vertex -15.4719 -16.9355 0
      vertex -15.69 -16.8921 4
      vertex -15.4719 -16.9355 4
    endloop
  endfacet
  facet normal 0.195165 0.98077 0
    outer loop
      vertex -15.69 -16.8921 4
      vertex -15.4719 -16.9355 0
      vertex -15.69 -16.8921 0
    endloop
  endfacet
  facet normal -0.659268 -0.751908 0
    outer loop
      vertex -14.2151 -13.9013 0
      vertex -14.0479 -14.0479 4
      vertex -14.2151 -13.9013 4
    endloop
  endfacet
  facet normal -0.659268 -0.751908 -0
    outer loop
      vertex -14.0479 -14.0479 4
      vertex -14.2151 -13.9013 0
      vertex -14.0479 -14.0479 0
    endloop
  endfacet
  facet normal -0.946915 0.321484 0
    outer loop
      vertex -13.6794 -15.9006 0
      vertex -13.6079 -15.69 4
      vertex -13.6079 -15.69 0
    endloop
  endfacet
  facet normal -0.946915 0.321484 0
    outer loop
      vertex -13.6079 -15.69 4
      vertex -13.6794 -15.9006 0
      vertex -13.6794 -15.9006 4
    endloop
  endfacet
  facet normal -0.751908 0.659268 0
    outer loop
      vertex -14.0479 -16.4521 0
      vertex -13.9013 -16.2849 4
      vertex -13.9013 -16.2849 0
    endloop
  endfacet
  facet normal -0.751908 0.659268 0
    outer loop
      vertex -13.9013 -16.2849 4
      vertex -14.0479 -16.4521 0
      vertex -14.0479 -16.4521 4
    endloop
  endfacet
  facet normal -0.751908 -0.659268 0
    outer loop
      vertex -13.9013 -14.2151 0
      vertex -14.0479 -14.0479 4
      vertex -14.0479 -14.0479 0
    endloop
  endfacet
  facet normal -0.751908 -0.659268 0
    outer loop
      vertex -14.0479 -14.0479 4
      vertex -13.9013 -14.2151 0
      vertex -13.9013 -14.2151 4
    endloop
  endfacet
  facet normal 0.946915 0.321484 0
    outer loop
      vertex -16.8206 -15.9006 4
      vertex -16.8921 -15.69 0
      vertex -16.8921 -15.69 4
    endloop
  endfacet
  facet normal 0.946915 0.321484 0
    outer loop
      vertex -16.8921 -15.69 0
      vertex -16.8206 -15.9006 4
      vertex -16.8206 -15.9006 0
    endloop
  endfacet
  facet normal -0.321484 0.946915 0
    outer loop
      vertex -14.5994 -16.8206 0
      vertex -14.81 -16.8921 4
      vertex -14.5994 -16.8206 4
    endloop
  endfacet
  facet normal -0.321484 0.946915 0
    outer loop
      vertex -14.81 -16.8921 4
      vertex -14.5994 -16.8206 0
      vertex -14.81 -16.8921 0
    endloop
  endfacet
  facet normal 0.0652057 0.997872 -0
    outer loop
      vertex -15.25 -16.95 0
      vertex -15.4719 -16.9355 4
      vertex -15.25 -16.95 4
    endloop
  endfacet
  facet normal 0.0652057 0.997872 0
    outer loop
      vertex -15.4719 -16.9355 4
      vertex -15.25 -16.95 0
      vertex -15.4719 -16.9355 0
    endloop
  endfacet
  facet normal 0.321484 -0.946915 0
    outer loop
      vertex -15.9006 -13.6794 0
      vertex -15.69 -13.6079 4
      vertex -15.9006 -13.6794 4
    endloop
  endfacet
  facet normal 0.321484 -0.946915 0
    outer loop
      vertex -15.69 -13.6079 4
      vertex -15.9006 -13.6794 0
      vertex -15.69 -13.6079 0
    endloop
  endfacet
  facet normal -0.946915 -0.321484 0
    outer loop
      vertex -13.6079 -14.81 0
      vertex -13.6794 -14.5994 4
      vertex -13.6794 -14.5994 0
    endloop
  endfacet
  facet normal -0.946915 -0.321484 0
    outer loop
      vertex -13.6794 -14.5994 4
      vertex -13.6079 -14.81 0
      vertex -13.6079 -14.81 4
    endloop
  endfacet
  facet normal 0.751908 -0.659268 0
    outer loop
      vertex -16.5987 -14.2151 4
      vertex -16.4521 -14.0479 0
      vertex -16.4521 -14.0479 4
    endloop
  endfacet
  facet normal 0.751908 -0.659268 0
    outer loop
      vertex -16.4521 -14.0479 0
      vertex -16.5987 -14.2151 4
      vertex -16.5987 -14.2151 0
    endloop
  endfacet
  facet normal 0.44253 0.896754 -0
    outer loop
      vertex -15.9006 -16.8206 0
      vertex -16.1 -16.7222 4
      vertex -15.9006 -16.8206 4
    endloop
  endfacet
  facet normal 0.44253 0.896754 0
    outer loop
      vertex -16.1 -16.7222 4
      vertex -15.9006 -16.8206 0
      vertex -16.1 -16.7222 0
    endloop
  endfacet
  facet normal 0.0652057 -0.997872 0
    outer loop
      vertex -15.4719 -13.5645 0
      vertex -15.25 -13.55 4
      vertex -15.4719 -13.5645 4
    endloop
  endfacet
  facet normal 0.0652057 -0.997872 0
    outer loop
      vertex -15.25 -13.55 4
      vertex -15.4719 -13.5645 0
      vertex -15.25 -13.55 0
    endloop
  endfacet
  facet normal -0.896754 0.44253 0
    outer loop
      vertex -13.7778 -16.1 0
      vertex -13.6794 -15.9006 4
      vertex -13.6794 -15.9006 0
    endloop
  endfacet
  facet normal -0.896754 0.44253 0
    outer loop
      vertex -13.6794 -15.9006 4
      vertex -13.7778 -16.1 0
      vertex -13.7778 -16.1 4
    endloop
  endfacet
  facet normal -0.555426 0.831566 0
    outer loop
      vertex -14.2151 -16.5987 0
      vertex -14.4 -16.7222 4
      vertex -14.2151 -16.5987 4
    endloop
  endfacet
  facet normal -0.555426 0.831566 0
    outer loop
      vertex -14.4 -16.7222 4
      vertex -14.2151 -16.5987 0
      vertex -14.4 -16.7222 0
    endloop
  endfacet
  facet normal 0.98077 0.195165 0
    outer loop
      vertex -16.8921 -15.69 4
      vertex -16.9355 -15.4719 0
      vertex -16.9355 -15.4719 4
    endloop
  endfacet
  facet normal 0.98077 0.195165 0
    outer loop
      vertex -16.9355 -15.4719 0
      vertex -16.8921 -15.69 4
      vertex -16.8921 -15.69 0
    endloop
  endfacet
  facet normal 0.751908 0.659268 0
    outer loop
      vertex -16.4521 -16.4521 4
      vertex -16.5987 -16.2849 0
      vertex -16.5987 -16.2849 4
    endloop
  endfacet
  facet normal 0.751908 0.659268 0
    outer loop
      vertex -16.5987 -16.2849 0
      vertex -16.4521 -16.4521 4
      vertex -16.4521 -16.4521 0
    endloop
  endfacet
  facet normal -0.195165 -0.98077 0
    outer loop
      vertex -15.0281 -13.5645 0
      vertex -14.81 -13.6079 4
      vertex -15.0281 -13.5645 4
    endloop
  endfacet
  facet normal -0.195165 -0.98077 -0
    outer loop
      vertex -14.81 -13.6079 4
      vertex -15.0281 -13.5645 0
      vertex -14.81 -13.6079 0
    endloop
  endfacet
  facet normal -0.831566 -0.555426 0
    outer loop
      vertex -13.7778 -14.4 0
      vertex -13.9013 -14.2151 4
      vertex -13.9013 -14.2151 0
    endloop
  endfacet
  facet normal -0.831566 -0.555426 0
    outer loop
      vertex -13.9013 -14.2151 4
      vertex -13.7778 -14.4 0
      vertex -13.7778 -14.4 4
    endloop
  endfacet
  facet normal -0.997872 0.0652057 0
    outer loop
      vertex -13.5645 -15.4719 0
      vertex -13.55 -15.25 4
      vertex -13.55 -15.25 0
    endloop
  endfacet
  facet normal -0.997872 0.0652057 0
    outer loop
      vertex -13.55 -15.25 4
      vertex -13.5645 -15.4719 0
      vertex -13.5645 -15.4719 4
    endloop
  endfacet
  facet normal -0.321484 -0.946915 0
    outer loop
      vertex -14.81 -13.6079 0
      vertex -14.5994 -13.6794 4
      vertex -14.81 -13.6079 4
    endloop
  endfacet
  facet normal -0.321484 -0.946915 -0
    outer loop
      vertex -14.5994 -13.6794 4
      vertex -14.81 -13.6079 0
      vertex -14.5994 -13.6794 0
    endloop
  endfacet
  facet normal -0.555426 -0.831566 0
    outer loop
      vertex -14.4 -13.7778 0
      vertex -14.2151 -13.9013 4
      vertex -14.4 -13.7778 4
    endloop
  endfacet
  facet normal -0.555426 -0.831566 -0
    outer loop
      vertex -14.2151 -13.9013 4
      vertex -14.4 -13.7778 0
      vertex -14.2151 -13.9013 0
    endloop
  endfacet
  facet normal 0.195165 -0.98077 0
    outer loop
      vertex -15.69 -13.6079 0
      vertex -15.4719 -13.5645 4
      vertex -15.69 -13.6079 4
    endloop
  endfacet
  facet normal 0.195165 -0.98077 0
    outer loop
      vertex -15.4719 -13.5645 4
      vertex -15.69 -13.6079 0
      vertex -15.4719 -13.5645 0
    endloop
  endfacet
  facet normal -0.659268 0.751908 0
    outer loop
      vertex -14.0479 -16.4521 0
      vertex -14.2151 -16.5987 4
      vertex -14.0479 -16.4521 4
    endloop
  endfacet
  facet normal -0.659268 0.751908 0
    outer loop
      vertex -14.2151 -16.5987 4
      vertex -14.0479 -16.4521 0
      vertex -14.2151 -16.5987 0
    endloop
  endfacet
  facet normal 0.896754 -0.44253 0
    outer loop
      vertex -16.8206 -14.5994 4
      vertex -16.7222 -14.4 0
      vertex -16.7222 -14.4 4
    endloop
  endfacet
  facet normal 0.896754 -0.44253 0
    outer loop
      vertex -16.7222 -14.4 0
      vertex -16.8206 -14.5994 4
      vertex -16.8206 -14.5994 0
    endloop
  endfacet
  facet normal -0.98077 0.195165 0
    outer loop
      vertex -13.6079 -15.69 0
      vertex -13.5645 -15.4719 4
      vertex -13.5645 -15.4719 0
    endloop
  endfacet
  facet normal -0.98077 0.195165 0
    outer loop
      vertex -13.5645 -15.4719 4
      vertex -13.6079 -15.69 0
      vertex -13.6079 -15.69 4
    endloop
  endfacet
  facet normal -0.195165 0.98077 0
    outer loop
      vertex -14.81 -16.8921 0
      vertex -15.0281 -16.9355 4
      vertex -14.81 -16.8921 4
    endloop
  endfacet
  facet normal -0.195165 0.98077 0
    outer loop
      vertex -15.0281 -16.9355 4
      vertex -14.81 -16.8921 0
      vertex -15.0281 -16.9355 0
    endloop
  endfacet
  facet normal 0.659268 0.751908 -0
    outer loop
      vertex -16.2849 -16.5987 0
      vertex -16.4521 -16.4521 4
      vertex -16.2849 -16.5987 4
    endloop
  endfacet
  facet normal 0.659268 0.751908 0
    outer loop
      vertex -16.4521 -16.4521 4
      vertex -16.2849 -16.5987 0
      vertex -16.4521 -16.4521 0
    endloop
  endfacet
  facet normal -0.0652057 -0.997872 0
    outer loop
      vertex -15.25 -13.55 0
      vertex -15.0281 -13.5645 4
      vertex -15.25 -13.55 4
    endloop
  endfacet
  facet normal -0.0652057 -0.997872 -0
    outer loop
      vertex -15.0281 -13.5645 4
      vertex -15.25 -13.55 0
      vertex -15.0281 -13.5645 0
    endloop
  endfacet
  facet normal -0.44253 -0.896754 0
    outer loop
      vertex -14.5994 -13.6794 0
      vertex -14.4 -13.7778 4
      vertex -14.5994 -13.6794 4
    endloop
  endfacet
  facet normal -0.44253 -0.896754 -0
    outer loop
      vertex -14.4 -13.7778 4
      vertex -14.5994 -13.6794 0
      vertex -14.4 -13.7778 0
    endloop
  endfacet
  facet normal -0.831566 0.555426 0
    outer loop
      vertex -13.9013 -16.2849 0
      vertex -13.7778 -16.1 4
      vertex -13.7778 -16.1 0
    endloop
  endfacet
  facet normal -0.831566 0.555426 0
    outer loop
      vertex -13.7778 -16.1 4
      vertex -13.9013 -16.2849 0
      vertex -13.9013 -16.2849 4
    endloop
  endfacet
  facet normal 0.997872 0.0652057 0
    outer loop
      vertex -16.9355 -15.4719 4
      vertex -16.95 -15.25 0
      vertex -16.95 -15.25 4
    endloop
  endfacet
  facet normal 0.997872 0.0652057 0
    outer loop
      vertex -16.95 -15.25 0
      vertex -16.9355 -15.4719 4
      vertex -16.9355 -15.4719 0
    endloop
  endfacet
  facet normal -0.44253 0.896754 0
    outer loop
      vertex -14.4 -16.7222 0
      vertex -14.5994 -16.8206 4
      vertex -14.4 -16.7222 4
    endloop
  endfacet
  facet normal -0.44253 0.896754 0
    outer loop
      vertex -14.5994 -16.8206 4
      vertex -14.4 -16.7222 0
      vertex -14.5994 -16.8206 0
    endloop
  endfacet
  facet normal 0.98077 -0.195165 0
    outer loop
      vertex -16.9355 -15.0281 4
      vertex -16.8921 -14.81 0
      vertex -16.8921 -14.81 4
    endloop
  endfacet
  facet normal 0.98077 -0.195165 0
    outer loop
      vertex -16.8921 -14.81 0
      vertex -16.9355 -15.0281 4
      vertex -16.9355 -15.0281 0
    endloop
  endfacet
  facet normal 0.896754 0.44253 0
    outer loop
      vertex -16.7222 -16.1 4
      vertex -16.8206 -15.9006 0
      vertex -16.8206 -15.9006 4
    endloop
  endfacet
  facet normal 0.896754 0.44253 0
    outer loop
      vertex -16.8206 -15.9006 0
      vertex -16.7222 -16.1 4
      vertex -16.7222 -16.1 0
    endloop
  endfacet
  facet normal 0.946915 -0.321484 0
    outer loop
      vertex -16.8921 -14.81 4
      vertex -16.8206 -14.5994 0
      vertex -16.8206 -14.5994 4
    endloop
  endfacet
  facet normal 0.946915 -0.321484 0
    outer loop
      vertex -16.8206 -14.5994 0
      vertex -16.8921 -14.81 4
      vertex -16.8921 -14.81 0
    endloop
  endfacet
  facet normal 0.555426 -0.831566 0
    outer loop
      vertex -16.2849 -13.9013 0
      vertex -16.1 -13.7778 4
      vertex -16.2849 -13.9013 4
    endloop
  endfacet
  facet normal 0.555426 -0.831566 0
    outer loop
      vertex -16.1 -13.7778 4
      vertex -16.2849 -13.9013 0
      vertex -16.1 -13.7778 0
    endloop
  endfacet
  facet normal -0.896754 -0.44253 0
    outer loop
      vertex -13.6794 -14.5994 0
      vertex -13.7778 -14.4 4
      vertex -13.7778 -14.4 0
    endloop
  endfacet
  facet normal -0.896754 -0.44253 0
    outer loop
      vertex -13.7778 -14.4 4
      vertex -13.6794 -14.5994 0
      vertex -13.6794 -14.5994 4
    endloop
  endfacet
  facet normal 0.997872 -0.0652057 0
    outer loop
      vertex -16.95 -15.25 4
      vertex -16.9355 -15.0281 0
      vertex -16.9355 -15.0281 4
    endloop
  endfacet
  facet normal 0.997872 -0.0652057 0
    outer loop
      vertex -16.9355 -15.0281 0
      vertex -16.95 -15.25 4
      vertex -16.95 -15.25 0
    endloop
  endfacet
  facet normal 0.321484 0.946915 -0
    outer loop
      vertex -15.69 -16.8921 0
      vertex -15.9006 -16.8206 4
      vertex -15.69 -16.8921 4
    endloop
  endfacet
  facet normal 0.321484 0.946915 0
    outer loop
      vertex -15.9006 -16.8206 4
      vertex -15.69 -16.8921 0
      vertex -15.9006 -16.8206 0
    endloop
  endfacet
  facet normal 0.44253 -0.896754 0
    outer loop
      vertex -16.1 -13.7778 0
      vertex -15.9006 -13.6794 4
      vertex -16.1 -13.7778 4
    endloop
  endfacet
  facet normal 0.44253 -0.896754 0
    outer loop
      vertex -15.9006 -13.6794 4
      vertex -16.1 -13.7778 0
      vertex -15.9006 -13.6794 0
    endloop
  endfacet
  facet normal 0.831566 -0.555426 0
    outer loop
      vertex -16.7222 -14.4 4
      vertex -16.5987 -14.2151 0
      vertex -16.5987 -14.2151 4
    endloop
  endfacet
  facet normal 0.831566 -0.555426 0
    outer loop
      vertex -16.5987 -14.2151 0
      vertex -16.7222 -14.4 4
      vertex -16.7222 -14.4 0
    endloop
  endfacet
  facet normal 0.555426 0.831566 -0
    outer loop
      vertex -16.1 -16.7222 0
      vertex -16.2849 -16.5987 4
      vertex -16.1 -16.7222 4
    endloop
  endfacet
  facet normal 0.555426 0.831566 0
    outer loop
      vertex -16.2849 -16.5987 4
      vertex -16.1 -16.7222 0
      vertex -16.2849 -16.5987 0
    endloop
  endfacet
  facet normal -0.321484 -0.946915 0
    outer loop
      vertex -14.81 16.8921 0
      vertex -14.5994 16.8206 4
      vertex -14.81 16.8921 4
    endloop
  endfacet
  facet normal -0.321484 -0.946915 -0
    outer loop
      vertex -14.5994 16.8206 4
      vertex -14.81 16.8921 0
      vertex -14.5994 16.8206 0
    endloop
  endfacet
  facet normal -0.896754 -0.44253 0
    outer loop
      vertex -13.6794 15.9006 0
      vertex -13.7778 16.1 4
      vertex -13.7778 16.1 0
    endloop
  endfacet
  facet normal -0.896754 -0.44253 0
    outer loop
      vertex -13.7778 16.1 4
      vertex -13.6794 15.9006 0
      vertex -13.6794 15.9006 4
    endloop
  endfacet
  facet normal -0.98077 -0.195165 0
    outer loop
      vertex -13.5645 15.4719 0
      vertex -13.6079 15.69 4
      vertex -13.6079 15.69 0
    endloop
  endfacet
  facet normal -0.98077 -0.195165 0
    outer loop
      vertex -13.6079 15.69 4
      vertex -13.5645 15.4719 0
      vertex -13.5645 15.4719 4
    endloop
  endfacet
  facet normal -0.997872 -0.0652057 0
    outer loop
      vertex -13.55 15.25 0
      vertex -13.5645 15.4719 4
      vertex -13.5645 15.4719 0
    endloop
  endfacet
  facet normal -0.997872 -0.0652057 0
    outer loop
      vertex -13.5645 15.4719 4
      vertex -13.55 15.25 0
      vertex -13.55 15.25 4
    endloop
  endfacet
  facet normal 0.896754 0.44253 0
    outer loop
      vertex -16.7222 14.4 4
      vertex -16.8206 14.5994 0
      vertex -16.8206 14.5994 4
    endloop
  endfacet
  facet normal 0.896754 0.44253 0
    outer loop
      vertex -16.8206 14.5994 0
      vertex -16.7222 14.4 4
      vertex -16.7222 14.4 0
    endloop
  endfacet
  facet normal 0.321484 -0.946915 0
    outer loop
      vertex -15.9006 16.8206 0
      vertex -15.69 16.8921 4
      vertex -15.9006 16.8206 4
    endloop
  endfacet
  facet normal 0.321484 -0.946915 0
    outer loop
      vertex -15.69 16.8921 4
      vertex -15.9006 16.8206 0
      vertex -15.69 16.8921 0
    endloop
  endfacet
  facet normal -0.195165 0.98077 0
    outer loop
      vertex -14.81 13.6079 0
      vertex -15.0281 13.5645 4
      vertex -14.81 13.6079 4
    endloop
  endfacet
  facet normal -0.195165 0.98077 0
    outer loop
      vertex -15.0281 13.5645 4
      vertex -14.81 13.6079 0
      vertex -15.0281 13.5645 0
    endloop
  endfacet
  facet normal 0.44253 -0.896754 0
    outer loop
      vertex -16.1 16.7222 0
      vertex -15.9006 16.8206 4
      vertex -16.1 16.7222 4
    endloop
  endfacet
  facet normal 0.44253 -0.896754 0
    outer loop
      vertex -15.9006 16.8206 4
      vertex -16.1 16.7222 0
      vertex -15.9006 16.8206 0
    endloop
  endfacet
  facet normal -0.98077 0.195165 0
    outer loop
      vertex -13.6079 14.81 0
      vertex -13.5645 15.0281 4
      vertex -13.5645 15.0281 0
    endloop
  endfacet
  facet normal -0.98077 0.195165 0
    outer loop
      vertex -13.5645 15.0281 4
      vertex -13.6079 14.81 0
      vertex -13.6079 14.81 4
    endloop
  endfacet
  facet normal 0.751908 -0.659268 0
    outer loop
      vertex -16.5987 16.2849 4
      vertex -16.4521 16.4521 0
      vertex -16.4521 16.4521 4
    endloop
  endfacet
  facet normal 0.751908 -0.659268 0
    outer loop
      vertex -16.4521 16.4521 0
      vertex -16.5987 16.2849 4
      vertex -16.5987 16.2849 0
    endloop
  endfacet
  facet normal -0.946915 0.321484 0
    outer loop
      vertex -13.6794 14.5994 0
      vertex -13.6079 14.81 4
      vertex -13.6079 14.81 0
    endloop
  endfacet
  facet normal -0.946915 0.321484 0
    outer loop
      vertex -13.6079 14.81 4
      vertex -13.6794 14.5994 0
      vertex -13.6794 14.5994 4
    endloop
  endfacet
  facet normal 0.946915 -0.321484 0
    outer loop
      vertex -16.8921 15.69 4
      vertex -16.8206 15.9006 0
      vertex -16.8206 15.9006 4
    endloop
  endfacet
  facet normal 0.946915 -0.321484 0
    outer loop
      vertex -16.8206 15.9006 0
      vertex -16.8921 15.69 4
      vertex -16.8921 15.69 0
    endloop
  endfacet
  facet normal 0.555426 -0.831566 0
    outer loop
      vertex -16.2849 16.5987 0
      vertex -16.1 16.7222 4
      vertex -16.2849 16.5987 4
    endloop
  endfacet
  facet normal 0.555426 -0.831566 0
    outer loop
      vertex -16.1 16.7222 4
      vertex -16.2849 16.5987 0
      vertex -16.1 16.7222 0
    endloop
  endfacet
  facet normal -0.896754 0.44253 0
    outer loop
      vertex -13.7778 14.4 0
      vertex -13.6794 14.5994 4
      vertex -13.6794 14.5994 0
    endloop
  endfacet
  facet normal -0.896754 0.44253 0
    outer loop
      vertex -13.6794 14.5994 4
      vertex -13.7778 14.4 0
      vertex -13.7778 14.4 4
    endloop
  endfacet
  facet normal -0.659268 0.751908 0
    outer loop
      vertex -14.0479 14.0479 0
      vertex -14.2151 13.9013 4
      vertex -14.0479 14.0479 4
    endloop
  endfacet
  facet normal -0.659268 0.751908 0
    outer loop
      vertex -14.2151 13.9013 4
      vertex -14.0479 14.0479 0
      vertex -14.2151 13.9013 0
    endloop
  endfacet
  facet normal -0.0652057 -0.997872 0
    outer loop
      vertex -15.25 16.95 0
      vertex -15.0281 16.9355 4
      vertex -15.25 16.95 4
    endloop
  endfacet
  facet normal -0.0652057 -0.997872 -0
    outer loop
      vertex -15.0281 16.9355 4
      vertex -15.25 16.95 0
      vertex -15.0281 16.9355 0
    endloop
  endfacet
  facet normal 0.997872 -0.0652057 0
    outer loop
      vertex -16.95 15.25 4
      vertex -16.9355 15.4719 0
      vertex -16.9355 15.4719 4
    endloop
  endfacet
  facet normal 0.997872 -0.0652057 0
    outer loop
      vertex -16.9355 15.4719 0
      vertex -16.95 15.25 4
      vertex -16.95 15.25 0
    endloop
  endfacet
  facet normal 0.896754 -0.44253 0
    outer loop
      vertex -16.8206 15.9006 4
      vertex -16.7222 16.1 0
      vertex -16.7222 16.1 4
    endloop
  endfacet
  facet normal 0.896754 -0.44253 0
    outer loop
      vertex -16.7222 16.1 0
      vertex -16.8206 15.9006 4
      vertex -16.8206 15.9006 0
    endloop
  endfacet
  facet normal -0.946915 -0.321484 0
    outer loop
      vertex -13.6079 15.69 0
      vertex -13.6794 15.9006 4
      vertex -13.6794 15.9006 0
    endloop
  endfacet
  facet normal -0.946915 -0.321484 0
    outer loop
      vertex -13.6794 15.9006 4
      vertex -13.6079 15.69 0
      vertex -13.6079 15.69 4
    endloop
  endfacet
  facet normal -0.555426 -0.831566 0
    outer loop
      vertex -14.4 16.7222 0
      vertex -14.2151 16.5987 4
      vertex -14.4 16.7222 4
    endloop
  endfacet
  facet normal -0.555426 -0.831566 -0
    outer loop
      vertex -14.2151 16.5987 4
      vertex -14.4 16.7222 0
      vertex -14.2151 16.5987 0
    endloop
  endfacet
  facet normal 0.555426 0.831566 -0
    outer loop
      vertex -16.1 13.7778 0
      vertex -16.2849 13.9013 4
      vertex -16.1 13.7778 4
    endloop
  endfacet
  facet normal 0.555426 0.831566 0
    outer loop
      vertex -16.2849 13.9013 4
      vertex -16.1 13.7778 0
      vertex -16.2849 13.9013 0
    endloop
  endfacet
  facet normal -0.0652057 0.997872 0
    outer loop
      vertex -15.0281 13.5645 0
      vertex -15.25 13.55 4
      vertex -15.0281 13.5645 4
    endloop
  endfacet
  facet normal -0.0652057 0.997872 0
    outer loop
      vertex -15.25 13.55 4
      vertex -15.0281 13.5645 0
      vertex -15.25 13.55 0
    endloop
  endfacet
  facet normal -0.195165 -0.98077 0
    outer loop
      vertex -15.0281 16.9355 0
      vertex -14.81 16.8921 4
      vertex -15.0281 16.9355 4
    endloop
  endfacet
  facet normal -0.195165 -0.98077 -0
    outer loop
      vertex -14.81 16.8921 4
      vertex -15.0281 16.9355 0
      vertex -14.81 16.8921 0
    endloop
  endfacet
  facet normal -0.751908 -0.659268 0
    outer loop
      vertex -13.9013 16.2849 0
      vertex -14.0479 16.4521 4
      vertex -14.0479 16.4521 0
    endloop
  endfacet
  facet normal -0.751908 -0.659268 0
    outer loop
      vertex -14.0479 16.4521 4
      vertex -13.9013 16.2849 0
      vertex -13.9013 16.2849 4
    endloop
  endfacet
  facet normal -0.831566 -0.555426 0
    outer loop
      vertex -13.7778 16.1 0
      vertex -13.9013 16.2849 4
      vertex -13.9013 16.2849 0
    endloop
  endfacet
  facet normal -0.831566 -0.555426 0
    outer loop
      vertex -13.9013 16.2849 4
      vertex -13.7778 16.1 0
      vertex -13.7778 16.1 4
    endloop
  endfacet
  facet normal 0.195165 0.98077 -0
    outer loop
      vertex -15.4719 13.5645 0
      vertex -15.69 13.6079 4
      vertex -15.4719 13.5645 4
    endloop
  endfacet
  facet normal 0.195165 0.98077 0
    outer loop
      vertex -15.69 13.6079 4
      vertex -15.4719 13.5645 0
      vertex -15.69 13.6079 0
    endloop
  endfacet
  facet normal 0.659268 -0.751908 0
    outer loop
      vertex -16.4521 16.4521 0
      vertex -16.2849 16.5987 4
      vertex -16.4521 16.4521 4
    endloop
  endfacet
  facet normal 0.659268 -0.751908 0
    outer loop
      vertex -16.2849 16.5987 4
      vertex -16.4521 16.4521 0
      vertex -16.2849 16.5987 0
    endloop
  endfacet
  facet normal 0.98077 0.195165 0
    outer loop
      vertex -16.8921 14.81 4
      vertex -16.9355 15.0281 0
      vertex -16.9355 15.0281 4
    endloop
  endfacet
  facet normal 0.98077 0.195165 0
    outer loop
      vertex -16.9355 15.0281 0
      vertex -16.8921 14.81 4
      vertex -16.8921 14.81 0
    endloop
  endfacet
  facet normal 0.195165 -0.98077 0
    outer loop
      vertex -15.69 16.8921 0
      vertex -15.4719 16.9355 4
      vertex -15.69 16.8921 4
    endloop
  endfacet
  facet normal 0.195165 -0.98077 0
    outer loop
      vertex -15.4719 16.9355 4
      vertex -15.69 16.8921 0
      vertex -15.4719 16.9355 0
    endloop
  endfacet
  facet normal 0.0652057 -0.997872 0
    outer loop
      vertex -15.4719 16.9355 0
      vertex -15.25 16.95 4
      vertex -15.4719 16.9355 4
    endloop
  endfacet
  facet normal 0.0652057 -0.997872 0
    outer loop
      vertex -15.25 16.95 4
      vertex -15.4719 16.9355 0
      vertex -15.25 16.95 0
    endloop
  endfacet
  facet normal 0.946915 0.321484 0
    outer loop
      vertex -16.8206 14.5994 4
      vertex -16.8921 14.81 0
      vertex -16.8921 14.81 4
    endloop
  endfacet
  facet normal 0.946915 0.321484 0
    outer loop
      vertex -16.8921 14.81 0
      vertex -16.8206 14.5994 4
      vertex -16.8206 14.5994 0
    endloop
  endfacet
  facet normal 0.44253 0.896754 -0
    outer loop
      vertex -15.9006 13.6794 0
      vertex -16.1 13.7778 4
      vertex -15.9006 13.6794 4
    endloop
  endfacet
  facet normal 0.44253 0.896754 0
    outer loop
      vertex -16.1 13.7778 4
      vertex -15.9006 13.6794 0
      vertex -16.1 13.7778 0
    endloop
  endfacet
  facet normal 0.831566 -0.555426 0
    outer loop
      vertex -16.7222 16.1 4
      vertex -16.5987 16.2849 0
      vertex -16.5987 16.2849 4
    endloop
  endfacet
  facet normal 0.831566 -0.555426 0
    outer loop
      vertex -16.5987 16.2849 0
      vertex -16.7222 16.1 4
      vertex -16.7222 16.1 0
    endloop
  endfacet
  facet normal 0.751908 0.659268 0
    outer loop
      vertex -16.4521 14.0479 4
      vertex -16.5987 14.2151 0
      vertex -16.5987 14.2151 4
    endloop
  endfacet
  facet normal 0.751908 0.659268 0
    outer loop
      vertex -16.5987 14.2151 0
      vertex -16.4521 14.0479 4
      vertex -16.4521 14.0479 0
    endloop
  endfacet
  facet normal -0.831566 0.555426 0
    outer loop
      vertex -13.9013 14.2151 0
      vertex -13.7778 14.4 4
      vertex -13.7778 14.4 0
    endloop
  endfacet
  facet normal -0.831566 0.555426 0
    outer loop
      vertex -13.7778 14.4 4
      vertex -13.9013 14.2151 0
      vertex -13.9013 14.2151 4
    endloop
  endfacet
  facet normal -0.997872 0.0652057 0
    outer loop
      vertex -13.5645 15.0281 0
      vertex -13.55 15.25 4
      vertex -13.55 15.25 0
    endloop
  endfacet
  facet normal -0.997872 0.0652057 0
    outer loop
      vertex -13.55 15.25 4
      vertex -13.5645 15.0281 0
      vertex -13.5645 15.0281 4
    endloop
  endfacet
  facet normal -0.44253 -0.896754 0
    outer loop
      vertex -14.5994 16.8206 0
      vertex -14.4 16.7222 4
      vertex -14.5994 16.8206 4
    endloop
  endfacet
  facet normal -0.44253 -0.896754 -0
    outer loop
      vertex -14.4 16.7222 4
      vertex -14.5994 16.8206 0
      vertex -14.4 16.7222 0
    endloop
  endfacet
  facet normal 0.831566 0.555426 0
    outer loop
      vertex -16.5987 14.2151 4
      vertex -16.7222 14.4 0
      vertex -16.7222 14.4 4
    endloop
  endfacet
  facet normal 0.831566 0.555426 0
    outer loop
      vertex -16.7222 14.4 0
      vertex -16.5987 14.2151 4
      vertex -16.5987 14.2151 0
    endloop
  endfacet
  facet normal -0.44253 0.896754 0
    outer loop
      vertex -14.4 13.7778 0
      vertex -14.5994 13.6794 4
      vertex -14.4 13.7778 4
    endloop
  endfacet
  facet normal -0.44253 0.896754 0
    outer loop
      vertex -14.5994 13.6794 4
      vertex -14.4 13.7778 0
      vertex -14.5994 13.6794 0
    endloop
  endfacet
  facet normal 0.98077 -0.195165 0
    outer loop
      vertex -16.9355 15.4719 4
      vertex -16.8921 15.69 0
      vertex -16.8921 15.69 4
    endloop
  endfacet
  facet normal 0.98077 -0.195165 0
    outer loop
      vertex -16.8921 15.69 0
      vertex -16.9355 15.4719 4
      vertex -16.9355 15.4719 0
    endloop
  endfacet
  facet normal 0.0652057 0.997872 -0
    outer loop
      vertex -15.25 13.55 0
      vertex -15.4719 13.5645 4
      vertex -15.25 13.55 4
    endloop
  endfacet
  facet normal 0.0652057 0.997872 0
    outer loop
      vertex -15.4719 13.5645 4
      vertex -15.25 13.55 0
      vertex -15.4719 13.5645 0
    endloop
  endfacet
  facet normal -0.659268 -0.751908 0
    outer loop
      vertex -14.2151 16.5987 0
      vertex -14.0479 16.4521 4
      vertex -14.2151 16.5987 4
    endloop
  endfacet
  facet normal -0.659268 -0.751908 -0
    outer loop
      vertex -14.0479 16.4521 4
      vertex -14.2151 16.5987 0
      vertex -14.0479 16.4521 0
    endloop
  endfacet
  facet normal -0.321484 0.946915 0
    outer loop
      vertex -14.5994 13.6794 0
      vertex -14.81 13.6079 4
      vertex -14.5994 13.6794 4
    endloop
  endfacet
  facet normal -0.321484 0.946915 0
    outer loop
      vertex -14.81 13.6079 4
      vertex -14.5994 13.6794 0
      vertex -14.81 13.6079 0
    endloop
  endfacet
  facet normal 0.997872 0.0652057 0
    outer loop
      vertex -16.9355 15.0281 4
      vertex -16.95 15.25 0
      vertex -16.95 15.25 4
    endloop
  endfacet
  facet normal 0.997872 0.0652057 0
    outer loop
      vertex -16.95 15.25 0
      vertex -16.9355 15.0281 4
      vertex -16.9355 15.0281 0
    endloop
  endfacet
  facet normal 0.659268 0.751908 -0
    outer loop
      vertex -16.2849 13.9013 0
      vertex -16.4521 14.0479 4
      vertex -16.2849 13.9013 4
    endloop
  endfacet
  facet normal 0.659268 0.751908 0
    outer loop
      vertex -16.4521 14.0479 4
      vertex -16.2849 13.9013 0
      vertex -16.4521 14.0479 0
    endloop
  endfacet
  facet normal -0.555426 0.831566 0
    outer loop
      vertex -14.2151 13.9013 0
      vertex -14.4 13.7778 4
      vertex -14.2151 13.9013 4
    endloop
  endfacet
  facet normal -0.555426 0.831566 0
    outer loop
      vertex -14.4 13.7778 4
      vertex -14.2151 13.9013 0
      vertex -14.4 13.7778 0
    endloop
  endfacet
  facet normal 0.321484 0.946915 -0
    outer loop
      vertex -15.69 13.6079 0
      vertex -15.9006 13.6794 4
      vertex -15.69 13.6079 4
    endloop
  endfacet
  facet normal 0.321484 0.946915 0
    outer loop
      vertex -15.9006 13.6794 4
      vertex -15.69 13.6079 0
      vertex -15.9006 13.6794 0
    endloop
  endfacet
  facet normal -0.751908 0.659268 0
    outer loop
      vertex -14.0479 14.0479 0
      vertex -13.9013 14.2151 4
      vertex -13.9013 14.2151 0
    endloop
  endfacet
  facet normal -0.751908 0.659268 0
    outer loop
      vertex -13.9013 14.2151 4
      vertex -14.0479 14.0479 0
      vertex -14.0479 14.0479 4
    endloop
  endfacet
  facet normal -0.98077 -0.195165 0
    outer loop
      vertex 16.9355 -15.0281 0
      vertex 16.8921 -14.81 4
      vertex 16.8921 -14.81 0
    endloop
  endfacet
  facet normal -0.98077 -0.195165 0
    outer loop
      vertex 16.8921 -14.81 4
      vertex 16.9355 -15.0281 0
      vertex 16.9355 -15.0281 4
    endloop
  endfacet
  facet normal -0.997872 -0.0652057 0
    outer loop
      vertex 16.95 -15.25 0
      vertex 16.9355 -15.0281 4
      vertex 16.9355 -15.0281 0
    endloop
  endfacet
  facet normal -0.997872 -0.0652057 0
    outer loop
      vertex 16.9355 -15.0281 4
      vertex 16.95 -15.25 0
      vertex 16.95 -15.25 4
    endloop
  endfacet
  facet normal -0.0652057 0.997872 0
    outer loop
      vertex 15.4719 -16.9355 0
      vertex 15.25 -16.95 4
      vertex 15.4719 -16.9355 4
    endloop
  endfacet
  facet normal -0.0652057 0.997872 0
    outer loop
      vertex 15.25 -16.95 4
      vertex 15.4719 -16.9355 0
      vertex 15.25 -16.95 0
    endloop
  endfacet
  facet normal 0.659268 -0.751908 0
    outer loop
      vertex 14.0479 -14.0479 0
      vertex 14.2151 -13.9013 4
      vertex 14.0479 -14.0479 4
    endloop
  endfacet
  facet normal 0.659268 -0.751908 0
    outer loop
      vertex 14.2151 -13.9013 4
      vertex 14.0479 -14.0479 0
      vertex 14.2151 -13.9013 0
    endloop
  endfacet
  facet normal 0.831566 0.555426 0
    outer loop
      vertex 13.9013 -16.2849 4
      vertex 13.7778 -16.1 0
      vertex 13.7778 -16.1 4
    endloop
  endfacet
  facet normal 0.831566 0.555426 0
    outer loop
      vertex 13.7778 -16.1 0
      vertex 13.9013 -16.2849 4
      vertex 13.9013 -16.2849 0
    endloop
  endfacet
  facet normal 0.195165 0.98077 -0
    outer loop
      vertex 15.0281 -16.9355 0
      vertex 14.81 -16.8921 4
      vertex 15.0281 -16.9355 4
    endloop
  endfacet
  facet normal 0.195165 0.98077 0
    outer loop
      vertex 14.81 -16.8921 4
      vertex 15.0281 -16.9355 0
      vertex 14.81 -16.8921 0
    endloop
  endfacet
  facet normal -0.659268 -0.751908 0
    outer loop
      vertex 16.2849 -13.9013 0
      vertex 16.4521 -14.0479 4
      vertex 16.2849 -13.9013 4
    endloop
  endfacet
  facet normal -0.659268 -0.751908 -0
    outer loop
      vertex 16.4521 -14.0479 4
      vertex 16.2849 -13.9013 0
      vertex 16.4521 -14.0479 0
    endloop
  endfacet
  facet normal -0.946915 0.321484 0
    outer loop
      vertex 16.8206 -15.9006 0
      vertex 16.8921 -15.69 4
      vertex 16.8921 -15.69 0
    endloop
  endfacet
  facet normal -0.946915 0.321484 0
    outer loop
      vertex 16.8921 -15.69 4
      vertex 16.8206 -15.9006 0
      vertex 16.8206 -15.9006 4
    endloop
  endfacet
  facet normal -0.751908 0.659268 0
    outer loop
      vertex 16.4521 -16.4521 0
      vertex 16.5987 -16.2849 4
      vertex 16.5987 -16.2849 0
    endloop
  endfacet
  facet normal -0.751908 0.659268 0
    outer loop
      vertex 16.5987 -16.2849 4
      vertex 16.4521 -16.4521 0
      vertex 16.4521 -16.4521 4
    endloop
  endfacet
  facet normal -0.751908 -0.659268 0
    outer loop
      vertex 16.5987 -14.2151 0
      vertex 16.4521 -14.0479 4
      vertex 16.4521 -14.0479 0
    endloop
  endfacet
  facet normal -0.751908 -0.659268 0
    outer loop
      vertex 16.4521 -14.0479 4
      vertex 16.5987 -14.2151 0
      vertex 16.5987 -14.2151 4
    endloop
  endfacet
  facet normal 0.946915 0.321484 0
    outer loop
      vertex 13.6794 -15.9006 4
      vertex 13.6079 -15.69 0
      vertex 13.6079 -15.69 4
    endloop
  endfacet
  facet normal 0.946915 0.321484 0
    outer loop
      vertex 13.6079 -15.69 0
      vertex 13.6794 -15.9006 4
      vertex 13.6794 -15.9006 0
    endloop
  endfacet
  facet normal -0.321484 0.946915 0
    outer loop
      vertex 15.9006 -16.8206 0
      vertex 15.69 -16.8921 4
      vertex 15.9006 -16.8206 4
    endloop
  endfacet
  facet normal -0.321484 0.946915 0
    outer loop
      vertex 15.69 -16.8921 4
      vertex 15.9006 -16.8206 0
      vertex 15.69 -16.8921 0
    endloop
  endfacet
  facet normal 0.0652057 0.997872 -0
    outer loop
      vertex 15.25 -16.95 0
      vertex 15.0281 -16.9355 4
      vertex 15.25 -16.95 4
    endloop
  endfacet
  facet normal 0.0652057 0.997872 0
    outer loop
      vertex 15.0281 -16.9355 4
      vertex 15.25 -16.95 0
      vertex 15.0281 -16.9355 0
    endloop
  endfacet
  facet normal 0.321484 -0.946915 0
    outer loop
      vertex 14.5994 -13.6794 0
      vertex 14.81 -13.6079 4
      vertex 14.5994 -13.6794 4
    endloop
  endfacet
  facet normal 0.321484 -0.946915 0
    outer loop
      vertex 14.81 -13.6079 4
      vertex 14.5994 -13.6794 0
      vertex 14.81 -13.6079 0
    endloop
  endfacet
  facet normal -0.946915 -0.321484 0
    outer loop
      vertex 16.8921 -14.81 0
      vertex 16.8206 -14.5994 4
      vertex 16.8206 -14.5994 0
    endloop
  endfacet
  facet normal -0.946915 -0.321484 0
    outer loop
      vertex 16.8206 -14.5994 4
      vertex 16.8921 -14.81 0
      vertex 16.8921 -14.81 4
    endloop
  endfacet
  facet normal 0.751908 -0.659268 0
    outer loop
      vertex 13.9013 -14.2151 4
      vertex 14.0479 -14.0479 0
      vertex 14.0479 -14.0479 4
    endloop
  endfacet
  facet normal 0.751908 -0.659268 0
    outer loop
      vertex 14.0479 -14.0479 0
      vertex 13.9013 -14.2151 4
      vertex 13.9013 -14.2151 0
    endloop
  endfacet
  facet normal 0.44253 0.896754 -0
    outer loop
      vertex 14.5994 -16.8206 0
      vertex 14.4 -16.7222 4
      vertex 14.5994 -16.8206 4
    endloop
  endfacet
  facet normal 0.44253 0.896754 0
    outer loop
      vertex 14.4 -16.7222 4
      vertex 14.5994 -16.8206 0
      vertex 14.4 -16.7222 0
    endloop
  endfacet
  facet normal 0.0652057 -0.997872 0
    outer loop
      vertex 15.0281 -13.5645 0
      vertex 15.25 -13.55 4
      vertex 15.0281 -13.5645 4
    endloop
  endfacet
  facet normal 0.0652057 -0.997872 0
    outer loop
      vertex 15.25 -13.55 4
      vertex 15.0281 -13.5645 0
      vertex 15.25 -13.55 0
    endloop
  endfacet
  facet normal -0.896754 0.44253 0
    outer loop
      vertex 16.7222 -16.1 0
      vertex 16.8206 -15.9006 4
      vertex 16.8206 -15.9006 0
    endloop
  endfacet
  facet normal -0.896754 0.44253 0
    outer loop
      vertex 16.8206 -15.9006 4
      vertex 16.7222 -16.1 0
      vertex 16.7222 -16.1 4
    endloop
  endfacet
  facet normal -0.555426 0.831566 0
    outer loop
      vertex 16.2849 -16.5987 0
      vertex 16.1 -16.7222 4
      vertex 16.2849 -16.5987 4
    endloop
  endfacet
  facet normal -0.555426 0.831566 0
    outer loop
      vertex 16.1 -16.7222 4
      vertex 16.2849 -16.5987 0
      vertex 16.1 -16.7222 0
    endloop
  endfacet
  facet normal 0.98077 0.195165 0
    outer loop
      vertex 13.6079 -15.69 4
      vertex 13.5645 -15.4719 0
      vertex 13.5645 -15.4719 4
    endloop
  endfacet
  facet normal 0.98077 0.195165 0
    outer loop
      vertex 13.5645 -15.4719 0
      vertex 13.6079 -15.69 4
      vertex 13.6079 -15.69 0
    endloop
  endfacet
  facet normal 0.751908 0.659268 0
    outer loop
      vertex 14.0479 -16.4521 4
      vertex 13.9013 -16.2849 0
      vertex 13.9013 -16.2849 4
    endloop
  endfacet
  facet normal 0.751908 0.659268 0
    outer loop
      vertex 13.9013 -16.2849 0
      vertex 14.0479 -16.4521 4
      vertex 14.0479 -16.4521 0
    endloop
  endfacet
  facet normal -0.195165 -0.98077 0
    outer loop
      vertex 15.4719 -13.5645 0
      vertex 15.69 -13.6079 4
      vertex 15.4719 -13.5645 4
    endloop
  endfacet
  facet normal -0.195165 -0.98077 -0
    outer loop
      vertex 15.69 -13.6079 4
      vertex 15.4719 -13.5645 0
      vertex 15.69 -13.6079 0
    endloop
  endfacet
  facet normal -0.831566 -0.555426 0
    outer loop
      vertex 16.7222 -14.4 0
      vertex 16.5987 -14.2151 4
      vertex 16.5987 -14.2151 0
    endloop
  endfacet
  facet normal -0.831566 -0.555426 0
    outer loop
      vertex 16.5987 -14.2151 4
      vertex 16.7222 -14.4 0
      vertex 16.7222 -14.4 4
    endloop
  endfacet
  facet normal -0.997872 0.0652057 0
    outer loop
      vertex 16.9355 -15.4719 0
      vertex 16.95 -15.25 4
      vertex 16.95 -15.25 0
    endloop
  endfacet
  facet normal -0.997872 0.0652057 0
    outer loop
      vertex 16.95 -15.25 4
      vertex 16.9355 -15.4719 0
      vertex 16.9355 -15.4719 4
    endloop
  endfacet
  facet normal -0.321484 -0.946915 0
    outer loop
      vertex 15.69 -13.6079 0
      vertex 15.9006 -13.6794 4
      vertex 15.69 -13.6079 4
    endloop
  endfacet
  facet normal -0.321484 -0.946915 -0
    outer loop
      vertex 15.9006 -13.6794 4
      vertex 15.69 -13.6079 0
      vertex 15.9006 -13.6794 0
    endloop
  endfacet
  facet normal -0.555426 -0.831566 0
    outer loop
      vertex 16.1 -13.7778 0
      vertex 16.2849 -13.9013 4
      vertex 16.1 -13.7778 4
    endloop
  endfacet
  facet normal -0.555426 -0.831566 -0
    outer loop
      vertex 16.2849 -13.9013 4
      vertex 16.1 -13.7778 0
      vertex 16.2849 -13.9013 0
    endloop
  endfacet
  facet normal 0.195165 -0.98077 0
    outer loop
      vertex 14.81 -13.6079 0
      vertex 15.0281 -13.5645 4
      vertex 14.81 -13.6079 4
    endloop
  endfacet
  facet normal 0.195165 -0.98077 0
    outer loop
      vertex 15.0281 -13.5645 4
      vertex 14.81 -13.6079 0
      vertex 15.0281 -13.5645 0
    endloop
  endfacet
  facet normal -0.659268 0.751908 0
    outer loop
      vertex 16.4521 -16.4521 0
      vertex 16.2849 -16.5987 4
      vertex 16.4521 -16.4521 4
    endloop
  endfacet
  facet normal -0.659268 0.751908 0
    outer loop
      vertex 16.2849 -16.5987 4
      vertex 16.4521 -16.4521 0
      vertex 16.2849 -16.5987 0
    endloop
  endfacet
  facet normal 0.896754 -0.44253 0
    outer loop
      vertex 13.6794 -14.5994 4
      vertex 13.7778 -14.4 0
      vertex 13.7778 -14.4 4
    endloop
  endfacet
  facet normal 0.896754 -0.44253 0
    outer loop
      vertex 13.7778 -14.4 0
      vertex 13.6794 -14.5994 4
      vertex 13.6794 -14.5994 0
    endloop
  endfacet
  facet normal -0.98077 0.195165 0
    outer loop
      vertex 16.8921 -15.69 0
      vertex 16.9355 -15.4719 4
      vertex 16.9355 -15.4719 0
    endloop
  endfacet
  facet normal -0.98077 0.195165 0
    outer loop
      vertex 16.9355 -15.4719 4
      vertex 16.8921 -15.69 0
      vertex 16.8921 -15.69 4
    endloop
  endfacet
  facet normal -0.195165 0.98077 0
    outer loop
      vertex 15.69 -16.8921 0
      vertex 15.4719 -16.9355 4
      vertex 15.69 -16.8921 4
    endloop
  endfacet
  facet normal -0.195165 0.98077 0
    outer loop
      vertex 15.4719 -16.9355 4
      vertex 15.69 -16.8921 0
      vertex 15.4719 -16.9355 0
    endloop
  endfacet
  facet normal 0.659268 0.751908 -0
    outer loop
      vertex 14.2151 -16.5987 0
      vertex 14.0479 -16.4521 4
      vertex 14.2151 -16.5987 4
    endloop
  endfacet
  facet normal 0.659268 0.751908 0
    outer loop
      vertex 14.0479 -16.4521 4
      vertex 14.2151 -16.5987 0
      vertex 14.0479 -16.4521 0
    endloop
  endfacet
  facet normal -0.0652057 -0.997872 0
    outer loop
      vertex 15.25 -13.55 0
      vertex 15.4719 -13.5645 4
      vertex 15.25 -13.55 4
    endloop
  endfacet
  facet normal -0.0652057 -0.997872 -0
    outer loop
      vertex 15.4719 -13.5645 4
      vertex 15.25 -13.55 0
      vertex 15.4719 -13.5645 0
    endloop
  endfacet
  facet normal -0.44253 -0.896754 0
    outer loop
      vertex 15.9006 -13.6794 0
      vertex 16.1 -13.7778 4
      vertex 15.9006 -13.6794 4
    endloop
  endfacet
  facet normal -0.44253 -0.896754 -0
    outer loop
      vertex 16.1 -13.7778 4
      vertex 15.9006 -13.6794 0
      vertex 16.1 -13.7778 0
    endloop
  endfacet
  facet normal -0.831566 0.555426 0
    outer loop
      vertex 16.5987 -16.2849 0
      vertex 16.7222 -16.1 4
      vertex 16.7222 -16.1 0
    endloop
  endfacet
  facet normal -0.831566 0.555426 0
    outer loop
      vertex 16.7222 -16.1 4
      vertex 16.5987 -16.2849 0
      vertex 16.5987 -16.2849 4
    endloop
  endfacet
  facet normal 0.997872 0.0652057 0
    outer loop
      vertex 13.5645 -15.4719 4
      vertex 13.55 -15.25 0
      vertex 13.55 -15.25 4
    endloop
  endfacet
  facet normal 0.997872 0.0652057 0
    outer loop
      vertex 13.55 -15.25 0
      vertex 13.5645 -15.4719 4
      vertex 13.5645 -15.4719 0
    endloop
  endfacet
  facet normal -0.44253 0.896754 0
    outer loop
      vertex 16.1 -16.7222 0
      vertex 15.9006 -16.8206 4
      vertex 16.1 -16.7222 4
    endloop
  endfacet
  facet normal -0.44253 0.896754 0
    outer loop
      vertex 15.9006 -16.8206 4
      vertex 16.1 -16.7222 0
      vertex 15.9006 -16.8206 0
    endloop
  endfacet
  facet normal 0.98077 -0.195165 0
    outer loop
      vertex 13.5645 -15.0281 4
      vertex 13.6079 -14.81 0
      vertex 13.6079 -14.81 4
    endloop
  endfacet
  facet normal 0.98077 -0.195165 0
    outer loop
      vertex 13.6079 -14.81 0
      vertex 13.5645 -15.0281 4
      vertex 13.5645 -15.0281 0
    endloop
  endfacet
  facet normal 0.896754 0.44253 0
    outer loop
      vertex 13.7778 -16.1 4
      vertex 13.6794 -15.9006 0
      vertex 13.6794 -15.9006 4
    endloop
  endfacet
  facet normal 0.896754 0.44253 0
    outer loop
      vertex 13.6794 -15.9006 0
      vertex 13.7778 -16.1 4
      vertex 13.7778 -16.1 0
    endloop
  endfacet
  facet normal 0.946915 -0.321484 0
    outer loop
      vertex 13.6079 -14.81 4
      vertex 13.6794 -14.5994 0
      vertex 13.6794 -14.5994 4
    endloop
  endfacet
  facet normal 0.946915 -0.321484 0
    outer loop
      vertex 13.6794 -14.5994 0
      vertex 13.6079 -14.81 4
      vertex 13.6079 -14.81 0
    endloop
  endfacet
  facet normal 0.555426 -0.831566 0
    outer loop
      vertex 14.2151 -13.9013 0
      vertex 14.4 -13.7778 4
      vertex 14.2151 -13.9013 4
    endloop
  endfacet
  facet normal 0.555426 -0.831566 0
    outer loop
      vertex 14.4 -13.7778 4
      vertex 14.2151 -13.9013 0
      vertex 14.4 -13.7778 0
    endloop
  endfacet
  facet normal -0.896754 -0.44253 0
    outer loop
      vertex 16.8206 -14.5994 0
      vertex 16.7222 -14.4 4
      vertex 16.7222 -14.4 0
    endloop
  endfacet
  facet normal -0.896754 -0.44253 0
    outer loop
      vertex 16.7222 -14.4 4
      vertex 16.8206 -14.5994 0
      vertex 16.8206 -14.5994 4
    endloop
  endfacet
  facet normal 0.997872 -0.0652057 0
    outer loop
      vertex 13.55 -15.25 4
      vertex 13.5645 -15.0281 0
      vertex 13.5645 -15.0281 4
    endloop
  endfacet
  facet normal 0.997872 -0.0652057 0
    outer loop
      vertex 13.5645 -15.0281 0
      vertex 13.55 -15.25 4
      vertex 13.55 -15.25 0
    endloop
  endfacet
  facet normal 0.321484 0.946915 -0
    outer loop
      vertex 14.81 -16.8921 0
      vertex 14.5994 -16.8206 4
      vertex 14.81 -16.8921 4
    endloop
  endfacet
  facet normal 0.321484 0.946915 0
    outer loop
      vertex 14.5994 -16.8206 4
      vertex 14.81 -16.8921 0
      vertex 14.5994 -16.8206 0
    endloop
  endfacet
  facet normal 0.44253 -0.896754 0
    outer loop
      vertex 14.4 -13.7778 0
      vertex 14.5994 -13.6794 4
      vertex 14.4 -13.7778 4
    endloop
  endfacet
  facet normal 0.44253 -0.896754 0
    outer loop
      vertex 14.5994 -13.6794 4
      vertex 14.4 -13.7778 0
      vertex 14.5994 -13.6794 0
    endloop
  endfacet
  facet normal 0.831566 -0.555426 0
    outer loop
      vertex 13.7778 -14.4 4
      vertex 13.9013 -14.2151 0
      vertex 13.9013 -14.2151 4
    endloop
  endfacet
  facet normal 0.831566 -0.555426 0
    outer loop
      vertex 13.9013 -14.2151 0
      vertex 13.7778 -14.4 4
      vertex 13.7778 -14.4 0
    endloop
  endfacet
  facet normal 0.555426 0.831566 -0
    outer loop
      vertex 14.4 -16.7222 0
      vertex 14.2151 -16.5987 4
      vertex 14.4 -16.7222 4
    endloop
  endfacet
  facet normal 0.555426 0.831566 0
    outer loop
      vertex 14.2151 -16.5987 4
      vertex 14.4 -16.7222 0
      vertex 14.2151 -16.5987 0
    endloop
  endfacet
  facet normal -0.98077 -0.195165 0
    outer loop
      vertex 16.9355 15.4719 0
      vertex 16.8921 15.69 4
      vertex 16.8921 15.69 0
    endloop
  endfacet
  facet normal -0.98077 -0.195165 0
    outer loop
      vertex 16.8921 15.69 4
      vertex 16.9355 15.4719 0
      vertex 16.9355 15.4719 4
    endloop
  endfacet
  facet normal -0.997872 -0.0652057 0
    outer loop
      vertex 16.95 15.25 0
      vertex 16.9355 15.4719 4
      vertex 16.9355 15.4719 0
    endloop
  endfacet
  facet normal -0.997872 -0.0652057 0
    outer loop
      vertex 16.9355 15.4719 4
      vertex 16.95 15.25 0
      vertex 16.95 15.25 4
    endloop
  endfacet
  facet normal 0.44253 -0.896754 0
    outer loop
      vertex 14.4 16.7222 0
      vertex 14.5994 16.8206 4
      vertex 14.4 16.7222 4
    endloop
  endfacet
  facet normal 0.44253 -0.896754 0
    outer loop
      vertex 14.5994 16.8206 4
      vertex 14.4 16.7222 0
      vertex 14.5994 16.8206 0
    endloop
  endfacet
  facet normal -0.555426 -0.831566 0
    outer loop
      vertex 16.1 16.7222 0
      vertex 16.2849 16.5987 4
      vertex 16.1 16.7222 4
    endloop
  endfacet
  facet normal -0.555426 -0.831566 -0
    outer loop
      vertex 16.2849 16.5987 4
      vertex 16.1 16.7222 0
      vertex 16.2849 16.5987 0
    endloop
  endfacet
  facet normal 0.659268 -0.751908 0
    outer loop
      vertex 14.0479 16.4521 0
      vertex 14.2151 16.5987 4
      vertex 14.0479 16.4521 4
    endloop
  endfacet
  facet normal 0.659268 -0.751908 0
    outer loop
      vertex 14.2151 16.5987 4
      vertex 14.0479 16.4521 0
      vertex 14.2151 16.5987 0
    endloop
  endfacet
  facet normal -0.321484 0.946915 0
    outer loop
      vertex 15.9006 13.6794 0
      vertex 15.69 13.6079 4
      vertex 15.9006 13.6794 4
    endloop
  endfacet
  facet normal -0.321484 0.946915 0
    outer loop
      vertex 15.69 13.6079 4
      vertex 15.9006 13.6794 0
      vertex 15.69 13.6079 0
    endloop
  endfacet
  facet normal -0.831566 0.555426 0
    outer loop
      vertex 16.5987 14.2151 0
      vertex 16.7222 14.4 4
      vertex 16.7222 14.4 0
    endloop
  endfacet
  facet normal -0.831566 0.555426 0
    outer loop
      vertex 16.7222 14.4 4
      vertex 16.5987 14.2151 0
      vertex 16.5987 14.2151 4
    endloop
  endfacet
  facet normal -0.946915 0.321484 0
    outer loop
      vertex 16.8206 14.5994 0
      vertex 16.8921 14.81 4
      vertex 16.8921 14.81 0
    endloop
  endfacet
  facet normal -0.946915 0.321484 0
    outer loop
      vertex 16.8921 14.81 4
      vertex 16.8206 14.5994 0
      vertex 16.8206 14.5994 4
    endloop
  endfacet
  facet normal -0.321484 -0.946915 0
    outer loop
      vertex 15.69 16.8921 0
      vertex 15.9006 16.8206 4
      vertex 15.69 16.8921 4
    endloop
  endfacet
  facet normal -0.321484 -0.946915 -0
    outer loop
      vertex 15.9006 16.8206 4
      vertex 15.69 16.8921 0
      vertex 15.9006 16.8206 0
    endloop
  endfacet
  facet normal -0.195165 -0.98077 0
    outer loop
      vertex 15.4719 16.9355 0
      vertex 15.69 16.8921 4
      vertex 15.4719 16.9355 4
    endloop
  endfacet
  facet normal -0.195165 -0.98077 -0
    outer loop
      vertex 15.69 16.8921 4
      vertex 15.4719 16.9355 0
      vertex 15.69 16.8921 0
    endloop
  endfacet
  facet normal 0.555426 -0.831566 0
    outer loop
      vertex 14.2151 16.5987 0
      vertex 14.4 16.7222 4
      vertex 14.2151 16.5987 4
    endloop
  endfacet
  facet normal 0.555426 -0.831566 0
    outer loop
      vertex 14.4 16.7222 4
      vertex 14.2151 16.5987 0
      vertex 14.4 16.7222 0
    endloop
  endfacet
  facet normal -0.896754 0.44253 0
    outer loop
      vertex 16.7222 14.4 0
      vertex 16.8206 14.5994 4
      vertex 16.8206 14.5994 0
    endloop
  endfacet
  facet normal -0.896754 0.44253 0
    outer loop
      vertex 16.8206 14.5994 4
      vertex 16.7222 14.4 0
      vertex 16.7222 14.4 4
    endloop
  endfacet
  facet normal -0.659268 -0.751908 0
    outer loop
      vertex 16.2849 16.5987 0
      vertex 16.4521 16.4521 4
      vertex 16.2849 16.5987 4
    endloop
  endfacet
  facet normal -0.659268 -0.751908 -0
    outer loop
      vertex 16.4521 16.4521 4
      vertex 16.2849 16.5987 0
      vertex 16.4521 16.4521 0
    endloop
  endfacet
  facet normal -0.555426 0.831566 0
    outer loop
      vertex 16.2849 13.9013 0
      vertex 16.1 13.7778 4
      vertex 16.2849 13.9013 4
    endloop
  endfacet
  facet normal -0.555426 0.831566 0
    outer loop
      vertex 16.1 13.7778 4
      vertex 16.2849 13.9013 0
      vertex 16.1 13.7778 0
    endloop
  endfacet
  facet normal -0.44253 -0.896754 0
    outer loop
      vertex 15.9006 16.8206 0
      vertex 16.1 16.7222 4
      vertex 15.9006 16.8206 4
    endloop
  endfacet
  facet normal -0.44253 -0.896754 -0
    outer loop
      vertex 16.1 16.7222 4
      vertex 15.9006 16.8206 0
      vertex 16.1 16.7222 0
    endloop
  endfacet
  facet normal 0.997872 -0.0652057 0
    outer loop
      vertex 13.55 15.25 4
      vertex 13.5645 15.4719 0
      vertex 13.5645 15.4719 4
    endloop
  endfacet
  facet normal 0.997872 -0.0652057 0
    outer loop
      vertex 13.5645 15.4719 0
      vertex 13.55 15.25 4
      vertex 13.55 15.25 0
    endloop
  endfacet
  facet normal 0.659268 0.751908 -0
    outer loop
      vertex 14.2151 13.9013 0
      vertex 14.0479 14.0479 4
      vertex 14.2151 13.9013 4
    endloop
  endfacet
  facet normal 0.659268 0.751908 0
    outer loop
      vertex 14.0479 14.0479 4
      vertex 14.2151 13.9013 0
      vertex 14.0479 14.0479 0
    endloop
  endfacet
  facet normal 0.751908 0.659268 0
    outer loop
      vertex 14.0479 14.0479 4
      vertex 13.9013 14.2151 0
      vertex 13.9013 14.2151 4
    endloop
  endfacet
  facet normal 0.751908 0.659268 0
    outer loop
      vertex 13.9013 14.2151 0
      vertex 14.0479 14.0479 4
      vertex 14.0479 14.0479 0
    endloop
  endfacet
  facet normal 0.831566 0.555426 0
    outer loop
      vertex 13.9013 14.2151 4
      vertex 13.7778 14.4 0
      vertex 13.7778 14.4 4
    endloop
  endfacet
  facet normal 0.831566 0.555426 0
    outer loop
      vertex 13.7778 14.4 0
      vertex 13.9013 14.2151 4
      vertex 13.9013 14.2151 0
    endloop
  endfacet
  facet normal -0.831566 -0.555426 0
    outer loop
      vertex 16.7222 16.1 0
      vertex 16.5987 16.2849 4
      vertex 16.5987 16.2849 0
    endloop
  endfacet
  facet normal -0.831566 -0.555426 0
    outer loop
      vertex 16.5987 16.2849 4
      vertex 16.7222 16.1 0
      vertex 16.7222 16.1 4
    endloop
  endfacet
  facet normal -0.195165 0.98077 0
    outer loop
      vertex 15.69 13.6079 0
      vertex 15.4719 13.5645 4
      vertex 15.69 13.6079 4
    endloop
  endfacet
  facet normal -0.195165 0.98077 0
    outer loop
      vertex 15.4719 13.5645 4
      vertex 15.69 13.6079 0
      vertex 15.4719 13.5645 0
    endloop
  endfacet
  facet normal -0.98077 0.195165 0
    outer loop
      vertex 16.8921 14.81 0
      vertex 16.9355 15.0281 4
      vertex 16.9355 15.0281 0
    endloop
  endfacet
  facet normal -0.98077 0.195165 0
    outer loop
      vertex 16.9355 15.0281 4
      vertex 16.8921 14.81 0
      vertex 16.8921 14.81 4
    endloop
  endfacet
  facet normal 0.946915 0.321484 0
    outer loop
      vertex 13.6794 14.5994 4
      vertex 13.6079 14.81 0
      vertex 13.6079 14.81 4
    endloop
  endfacet
  facet normal 0.946915 0.321484 0
    outer loop
      vertex 13.6079 14.81 0
      vertex 13.6794 14.5994 4
      vertex 13.6794 14.5994 0
    endloop
  endfacet
  facet normal -0.44253 0.896754 0
    outer loop
      vertex 16.1 13.7778 0
      vertex 15.9006 13.6794 4
      vertex 16.1 13.7778 4
    endloop
  endfacet
  facet normal -0.44253 0.896754 0
    outer loop
      vertex 15.9006 13.6794 4
      vertex 16.1 13.7778 0
      vertex 15.9006 13.6794 0
    endloop
  endfacet
  facet normal -0.0652057 -0.997872 0
    outer loop
      vertex 15.25 16.95 0
      vertex 15.4719 16.9355 4
      vertex 15.25 16.95 4
    endloop
  endfacet
  facet normal -0.0652057 -0.997872 -0
    outer loop
      vertex 15.4719 16.9355 4
      vertex 15.25 16.95 0
      vertex 15.4719 16.9355 0
    endloop
  endfacet
  facet normal 0.321484 -0.946915 0
    outer loop
      vertex 14.5994 16.8206 0
      vertex 14.81 16.8921 4
      vertex 14.5994 16.8206 4
    endloop
  endfacet
  facet normal 0.321484 -0.946915 0
    outer loop
      vertex 14.81 16.8921 4
      vertex 14.5994 16.8206 0
      vertex 14.81 16.8921 0
    endloop
  endfacet
  facet normal 0.195165 -0.98077 0
    outer loop
      vertex 14.81 16.8921 0
      vertex 15.0281 16.9355 4
      vertex 14.81 16.8921 4
    endloop
  endfacet
  facet normal 0.195165 -0.98077 0
    outer loop
      vertex 15.0281 16.9355 4
      vertex 14.81 16.8921 0
      vertex 15.0281 16.9355 0
    endloop
  endfacet
  facet normal -0.896754 -0.44253 0
    outer loop
      vertex 16.8206 15.9006 0
      vertex 16.7222 16.1 4
      vertex 16.7222 16.1 0
    endloop
  endfacet
  facet normal -0.896754 -0.44253 0
    outer loop
      vertex 16.7222 16.1 4
      vertex 16.8206 15.9006 0
      vertex 16.8206 15.9006 4
    endloop
  endfacet
  facet normal -0.997872 0.0652057 0
    outer loop
      vertex 16.9355 15.0281 0
      vertex 16.95 15.25 4
      vertex 16.95 15.25 0
    endloop
  endfacet
  facet normal -0.997872 0.0652057 0
    outer loop
      vertex 16.95 15.25 4
      vertex 16.9355 15.0281 0
      vertex 16.9355 15.0281 4
    endloop
  endfacet
  facet normal -0.0652057 0.997872 0
    outer loop
      vertex 15.4719 13.5645 0
      vertex 15.25 13.55 4
      vertex 15.4719 13.5645 4
    endloop
  endfacet
  facet normal -0.0652057 0.997872 0
    outer loop
      vertex 15.25 13.55 4
      vertex 15.4719 13.5645 0
      vertex 15.25 13.55 0
    endloop
  endfacet
  facet normal -0.751908 -0.659268 0
    outer loop
      vertex 16.5987 16.2849 0
      vertex 16.4521 16.4521 4
      vertex 16.4521 16.4521 0
    endloop
  endfacet
  facet normal -0.751908 -0.659268 0
    outer loop
      vertex 16.4521 16.4521 4
      vertex 16.5987 16.2849 0
      vertex 16.5987 16.2849 4
    endloop
  endfacet
  facet normal 0.997872 0.0652057 0
    outer loop
      vertex 13.5645 15.0281 4
      vertex 13.55 15.25 0
      vertex 13.55 15.25 4
    endloop
  endfacet
  facet normal 0.997872 0.0652057 0
    outer loop
      vertex 13.55 15.25 0
      vertex 13.5645 15.0281 4
      vertex 13.5645 15.0281 0
    endloop
  endfacet
  facet normal -0.751908 0.659268 0
    outer loop
      vertex 16.4521 14.0479 0
      vertex 16.5987 14.2151 4
      vertex 16.5987 14.2151 0
    endloop
  endfacet
  facet normal -0.751908 0.659268 0
    outer loop
      vertex 16.5987 14.2151 4
      vertex 16.4521 14.0479 0
      vertex 16.4521 14.0479 4
    endloop
  endfacet
  facet normal 0.751908 -0.659268 0
    outer loop
      vertex 13.9013 16.2849 4
      vertex 14.0479 16.4521 0
      vertex 14.0479 16.4521 4
    endloop
  endfacet
  facet normal 0.751908 -0.659268 0
    outer loop
      vertex 14.0479 16.4521 0
      vertex 13.9013 16.2849 4
      vertex 13.9013 16.2849 0
    endloop
  endfacet
  facet normal 0.831566 -0.555426 0
    outer loop
      vertex 13.7778 16.1 4
      vertex 13.9013 16.2849 0
      vertex 13.9013 16.2849 4
    endloop
  endfacet
  facet normal 0.831566 -0.555426 0
    outer loop
      vertex 13.9013 16.2849 0
      vertex 13.7778 16.1 4
      vertex 13.7778 16.1 0
    endloop
  endfacet
  facet normal 0.0652057 -0.997872 0
    outer loop
      vertex 15.0281 16.9355 0
      vertex 15.25 16.95 4
      vertex 15.0281 16.9355 4
    endloop
  endfacet
  facet normal 0.0652057 -0.997872 0
    outer loop
      vertex 15.25 16.95 4
      vertex 15.0281 16.9355 0
      vertex 15.25 16.95 0
    endloop
  endfacet
  facet normal 0.98077 0.195165 0
    outer loop
      vertex 13.6079 14.81 4
      vertex 13.5645 15.0281 0
      vertex 13.5645 15.0281 4
    endloop
  endfacet
  facet normal 0.98077 0.195165 0
    outer loop
      vertex 13.5645 15.0281 0
      vertex 13.6079 14.81 4
      vertex 13.6079 14.81 0
    endloop
  endfacet
  facet normal 0.321484 0.946915 -0
    outer loop
      vertex 14.81 13.6079 0
      vertex 14.5994 13.6794 4
      vertex 14.81 13.6079 4
    endloop
  endfacet
  facet normal 0.321484 0.946915 0
    outer loop
      vertex 14.5994 13.6794 4
      vertex 14.81 13.6079 0
      vertex 14.5994 13.6794 0
    endloop
  endfacet
  facet normal -0.946915 -0.321484 0
    outer loop
      vertex 16.8921 15.69 0
      vertex 16.8206 15.9006 4
      vertex 16.8206 15.9006 0
    endloop
  endfacet
  facet normal -0.946915 -0.321484 0
    outer loop
      vertex 16.8206 15.9006 4
      vertex 16.8921 15.69 0
      vertex 16.8921 15.69 4
    endloop
  endfacet
  facet normal 0.44253 0.896754 -0
    outer loop
      vertex 14.5994 13.6794 0
      vertex 14.4 13.7778 4
      vertex 14.5994 13.6794 4
    endloop
  endfacet
  facet normal 0.44253 0.896754 0
    outer loop
      vertex 14.4 13.7778 4
      vertex 14.5994 13.6794 0
      vertex 14.4 13.7778 0
    endloop
  endfacet
  facet normal 0.555426 0.831566 -0
    outer loop
      vertex 14.4 13.7778 0
      vertex 14.2151 13.9013 4
      vertex 14.4 13.7778 4
    endloop
  endfacet
  facet normal 0.555426 0.831566 0
    outer loop
      vertex 14.2151 13.9013 4
      vertex 14.4 13.7778 0
      vertex 14.2151 13.9013 0
    endloop
  endfacet
  facet normal 0.0652057 0.997872 -0
    outer loop
      vertex 15.25 13.55 0
      vertex 15.0281 13.5645 4
      vertex 15.25 13.55 4
    endloop
  endfacet
  facet normal 0.0652057 0.997872 0
    outer loop
      vertex 15.0281 13.5645 4
      vertex 15.25 13.55 0
      vertex 15.0281 13.5645 0
    endloop
  endfacet
  facet normal 0.195165 0.98077 -0
    outer loop
      vertex 15.0281 13.5645 0
      vertex 14.81 13.6079 4
      vertex 15.0281 13.5645 4
    endloop
  endfacet
  facet normal 0.195165 0.98077 0
    outer loop
      vertex 14.81 13.6079 4
      vertex 15.0281 13.5645 0
      vertex 14.81 13.6079 0
    endloop
  endfacet
  facet normal 0.896754 -0.44253 0
    outer loop
      vertex 13.6794 15.9006 4
      vertex 13.7778 16.1 0
      vertex 13.7778 16.1 4
    endloop
  endfacet
  facet normal 0.896754 -0.44253 0
    outer loop
      vertex 13.7778 16.1 0
      vertex 13.6794 15.9006 4
      vertex 13.6794 15.9006 0
    endloop
  endfacet
  facet normal 0.896754 0.44253 0
    outer loop
      vertex 13.7778 14.4 4
      vertex 13.6794 14.5994 0
      vertex 13.6794 14.5994 4
    endloop
  endfacet
  facet normal 0.896754 0.44253 0
    outer loop
      vertex 13.6794 14.5994 0
      vertex 13.7778 14.4 4
      vertex 13.7778 14.4 0
    endloop
  endfacet
  facet normal 0.98077 -0.195165 0
    outer loop
      vertex 13.5645 15.4719 4
      vertex 13.6079 15.69 0
      vertex 13.6079 15.69 4
    endloop
  endfacet
  facet normal 0.98077 -0.195165 0
    outer loop
      vertex 13.6079 15.69 0
      vertex 13.5645 15.4719 4
      vertex 13.5645 15.4719 0
    endloop
  endfacet
  facet normal 0.946915 -0.321484 0
    outer loop
      vertex 13.6079 15.69 4
      vertex 13.6794 15.9006 0
      vertex 13.6794 15.9006 4
    endloop
  endfacet
  facet normal 0.946915 -0.321484 0
    outer loop
      vertex 13.6794 15.9006 0
      vertex 13.6079 15.69 4
      vertex 13.6079 15.69 0
    endloop
  endfacet
  facet normal -0.659268 0.751908 0
    outer loop
      vertex 16.4521 14.0479 0
      vertex 16.2849 13.9013 4
      vertex 16.4521 14.0479 4
    endloop
  endfacet
  facet normal -0.659268 0.751908 0
    outer loop
      vertex 16.2849 13.9013 4
      vertex 16.4521 14.0479 0
      vertex 16.2849 13.9013 0
    endloop
  endfacet
  facet normal -0.751787 0.659406 0
    outer loop
      vertex 32.8805 18.0312 0
      vertex 32.984 18.1492 4
      vertex 32.984 18.1492 0
    endloop
  endfacet
  facet normal -0.751787 0.659406 0
    outer loop
      vertex 32.984 18.1492 4
      vertex 32.8805 18.0312 0
      vertex 32.8805 18.0312 4
    endloop
  endfacet
  facet normal -0.555288 -0.831658 0
    outer loop
      vertex 32.6319 19.919 0
      vertex 32.7625 19.8318 4
      vertex 32.6319 19.919 4
    endloop
  endfacet
  facet normal -0.555288 -0.831658 -0
    outer loop
      vertex 32.7625 19.8318 4
      vertex 32.6319 19.919 0
      vertex 32.7625 19.8318 0
    endloop
  endfacet
  facet normal -0.659406 -0.751787 0
    outer loop
      vertex 32.7625 19.8318 0
      vertex 32.8805 19.7283 4
      vertex 32.7625 19.8318 4
    endloop
  endfacet
  facet normal -0.659406 -0.751787 -0
    outer loop
      vertex 32.8805 19.7283 4
      vertex 32.7625 19.8318 0
      vertex 32.8805 19.7283 0
    endloop
  endfacet
  facet normal -0.442363 -0.896836 0
    outer loop
      vertex 32.4912 19.9884 0
      vertex 32.6319 19.919 4
      vertex 32.4912 19.9884 4
    endloop
  endfacet
  facet normal -0.442363 -0.896836 -0
    outer loop
      vertex 32.6319 19.919 4
      vertex 32.4912 19.9884 0
      vertex 32.6319 19.919 0
    endloop
  endfacet
  facet normal 0.659406 0.751787 -0
    outer loop
      vertex 31.3014 17.9277 0
      vertex 31.1834 18.0312 4
      vertex 31.3014 17.9277 4
    endloop
  endfacet
  facet normal 0.659406 0.751787 0
    outer loop
      vertex 31.1834 18.0312 4
      vertex 31.3014 17.9277 0
      vertex 31.1834 18.0312 0
    endloop
  endfacet
  facet normal -0.980679 0.195626 0
    outer loop
      vertex 33.191 18.5692 0
      vertex 33.2217 18.7231 4
      vertex 33.2217 18.7231 0
    endloop
  endfacet
  facet normal -0.980679 0.195626 0
    outer loop
      vertex 33.2217 18.7231 4
      vertex 33.191 18.5692 0
      vertex 33.191 18.5692 4
    endloop
  endfacet
  facet normal 0.555582 -0.831462 0
    outer loop
      vertex 31.3014 19.8318 0
      vertex 31.4319 19.919 4
      vertex 31.3014 19.8318 4
    endloop
  endfacet
  facet normal 0.555582 -0.831462 0
    outer loop
      vertex 31.4319 19.919 4
      vertex 31.3014 19.8318 0
      vertex 31.4319 19.919 0
    endloop
  endfacet
  facet normal -0.0655892 -0.997847 0
    outer loop
      vertex 32.0319 20.0798 0
      vertex 32.1886 20.0695 4
      vertex 32.0319 20.0798 4
    endloop
  endfacet
  facet normal -0.0655892 -0.997847 -0
    outer loop
      vertex 32.1886 20.0695 4
      vertex 32.0319 20.0798 0
      vertex 32.1886 20.0695 0
    endloop
  endfacet
  facet normal 0.997847 0.0655892 0
    outer loop
      vertex 30.8422 18.7231 4
      vertex 30.8319 18.8798 0
      vertex 30.8319 18.8798 4
    endloop
  endfacet
  facet normal 0.997847 0.0655892 0
    outer loop
      vertex 30.8319 18.8798 0
      vertex 30.8422 18.7231 4
      vertex 30.8422 18.7231 0
    endloop
  endfacet
  facet normal 0.980801 0.195013 0
    outer loop
      vertex 30.8728 18.5692 4
      vertex 30.8422 18.7231 0
      vertex 30.8422 18.7231 4
    endloop
  endfacet
  facet normal 0.980801 0.195013 0
    outer loop
      vertex 30.8422 18.7231 0
      vertex 30.8728 18.5692 4
      vertex 30.8728 18.5692 0
    endloop
  endfacet
  facet normal 0.751787 -0.659406 0
    outer loop
      vertex 31.0799 19.6103 4
      vertex 31.1834 19.7283 0
      vertex 31.1834 19.7283 4
    endloop
  endfacet
  facet normal 0.751787 -0.659406 0
    outer loop
      vertex 31.1834 19.7283 0
      vertex 31.0799 19.6103 4
      vertex 31.0799 19.6103 0
    endloop
  endfacet
  facet normal -0.555288 0.831658 0
    outer loop
      vertex 32.7625 17.9277 0
      vertex 32.6319 17.8405 4
      vertex 32.7625 17.9277 4
    endloop
  endfacet
  facet normal -0.555288 0.831658 0
    outer loop
      vertex 32.6319 17.8405 4
      vertex 32.7625 17.9277 0
      vertex 32.6319 17.8405 0
    endloop
  endfacet
  facet normal 0.321572 -0.946885 0
    outer loop
      vertex 31.5727 19.9884 0
      vertex 31.7214 20.0389 4
      vertex 31.5727 19.9884 4
    endloop
  endfacet
  facet normal 0.321572 -0.946885 0
    outer loop
      vertex 31.7214 20.0389 4
      vertex 31.5727 19.9884 0
      vertex 31.7214 20.0389 0
    endloop
  endfacet
  facet normal -0.947079 -0.321001 0
    outer loop
      vertex 33.191 19.1903 0
      vertex 33.1406 19.339 4
      vertex 33.1406 19.339 0
    endloop
  endfacet
  facet normal -0.947079 -0.321001 0
    outer loop
      vertex 33.1406 19.339 4
      vertex 33.191 19.1903 0
      vertex 33.191 19.1903 4
    endloop
  endfacet
  facet normal -0.195013 -0.980801 0
    outer loop
      vertex 32.1886 20.0695 0
      vertex 32.3425 20.0389 4
      vertex 32.1886 20.0695 4
    endloop
  endfacet
  facet normal -0.195013 -0.980801 -0
    outer loop
      vertex 32.3425 20.0389 4
      vertex 32.1886 20.0695 0
      vertex 32.3425 20.0389 0
    endloop
  endfacet
  facet normal -0.321572 -0.946885 0
    outer loop
      vertex 32.3425 20.0389 0
      vertex 32.4912 19.9884 4
      vertex 32.3425 20.0389 4
    endloop
  endfacet
  facet normal -0.321572 -0.946885 -0
    outer loop
      vertex 32.4912 19.9884 4
      vertex 32.3425 20.0389 0
      vertex 32.4912 19.9884 0
    endloop
  endfacet
  facet normal 0.659406 -0.751787 0
    outer loop
      vertex 31.1834 19.7283 0
      vertex 31.3014 19.8318 4
      vertex 31.1834 19.7283 4
    endloop
  endfacet
  facet normal 0.659406 -0.751787 0
    outer loop
      vertex 31.3014 19.8318 4
      vertex 31.1834 19.7283 0
      vertex 31.3014 19.8318 0
    endloop
  endfacet
  facet normal 0.195013 0.980801 -0
    outer loop
      vertex 31.8753 17.69 0
      vertex 31.7214 17.7206 4
      vertex 31.8753 17.69 4
    endloop
  endfacet
  facet normal 0.195013 0.980801 0
    outer loop
      vertex 31.7214 17.7206 4
      vertex 31.8753 17.69 0
      vertex 31.7214 17.7206 0
    endloop
  endfacet
  facet normal 0.751787 0.659406 0
    outer loop
      vertex 31.1834 18.0312 4
      vertex 31.0799 18.1492 0
      vertex 31.0799 18.1492 4
    endloop
  endfacet
  facet normal 0.751787 0.659406 0
    outer loop
      vertex 31.0799 18.1492 0
      vertex 31.1834 18.0312 4
      vertex 31.1834 18.0312 0
    endloop
  endfacet
  facet normal 0.946885 -0.321572 0
    outer loop
      vertex 30.8728 19.1903 4
      vertex 30.9233 19.339 0
      vertex 30.9233 19.339 4
    endloop
  endfacet
  facet normal 0.946885 -0.321572 0
    outer loop
      vertex 30.9233 19.339 0
      vertex 30.8728 19.1903 4
      vertex 30.8728 19.1903 0
    endloop
  endfacet
  facet normal 0.0649964 0.997886 -0
    outer loop
      vertex 32.0319 17.6798 0
      vertex 31.8753 17.69 4
      vertex 32.0319 17.6798 4
    endloop
  endfacet
  facet normal 0.0649964 0.997886 0
    outer loop
      vertex 31.8753 17.69 4
      vertex 32.0319 17.6798 0
      vertex 31.8753 17.69 0
    endloop
  endfacet
  facet normal -0.997886 -0.0649964 0
    outer loop
      vertex 33.2319 18.8798 0
      vertex 33.2217 19.0364 4
      vertex 33.2217 19.0364 0
    endloop
  endfacet
  facet normal -0.997886 -0.0649964 0
    outer loop
      vertex 33.2217 19.0364 4
      vertex 33.2319 18.8798 0
      vertex 33.2319 18.8798 4
    endloop
  endfacet
  facet normal -0.0649551 0.997888 0
    outer loop
      vertex 32.1886 17.69 0
      vertex 32.0319 17.6798 4
      vertex 32.1886 17.69 4
    endloop
  endfacet
  facet normal -0.0649551 0.997888 0
    outer loop
      vertex 32.0319 17.6798 4
      vertex 32.1886 17.69 0
      vertex 32.0319 17.6798 0
    endloop
  endfacet
  facet normal -0.997888 0.0649551 0
    outer loop
      vertex 33.2217 18.7231 0
      vertex 33.2319 18.8798 4
      vertex 33.2319 18.8798 0
    endloop
  endfacet
  facet normal -0.997888 0.0649551 0
    outer loop
      vertex 33.2319 18.8798 4
      vertex 33.2217 18.7231 0
      vertex 33.2217 18.7231 4
    endloop
  endfacet
  facet normal 0.896836 0.442363 0
    outer loop
      vertex 30.9927 18.2798 4
      vertex 30.9233 18.4205 0
      vertex 30.9233 18.4205 4
    endloop
  endfacet
  facet normal 0.896836 0.442363 0
    outer loop
      vertex 30.9233 18.4205 0
      vertex 30.9927 18.2798 4
      vertex 30.9927 18.2798 0
    endloop
  endfacet
  facet normal -0.896961 -0.44211 0
    outer loop
      vertex 33.1406 19.339 0
      vertex 33.0712 19.4798 4
      vertex 33.0712 19.4798 0
    endloop
  endfacet
  facet normal -0.896961 -0.44211 0
    outer loop
      vertex 33.0712 19.4798 4
      vertex 33.1406 19.339 0
      vertex 33.1406 19.339 4
    endloop
  endfacet
  facet normal 0.44211 -0.896961 0
    outer loop
      vertex 31.4319 19.919 0
      vertex 31.5727 19.9884 4
      vertex 31.4319 19.919 4
    endloop
  endfacet
  facet normal 0.44211 -0.896961 0
    outer loop
      vertex 31.5727 19.9884 4
      vertex 31.4319 19.919 0
      vertex 31.5727 19.9884 0
    endloop
  endfacet
  facet normal -0.980679 -0.195626 0
    outer loop
      vertex 33.2217 19.0364 0
      vertex 33.191 19.1903 4
      vertex 33.191 19.1903 0
    endloop
  endfacet
  facet normal -0.980679 -0.195626 0
    outer loop
      vertex 33.191 19.1903 4
      vertex 33.2217 19.0364 0
      vertex 33.2217 19.0364 4
    endloop
  endfacet
  facet normal 0.195013 -0.980801 0
    outer loop
      vertex 31.7214 20.0389 0
      vertex 31.8753 20.0695 4
      vertex 31.7214 20.0389 4
    endloop
  endfacet
  facet normal 0.195013 -0.980801 0
    outer loop
      vertex 31.8753 20.0695 4
      vertex 31.7214 20.0389 0
      vertex 31.8753 20.0695 0
    endloop
  endfacet
  facet normal 0.980801 -0.195013 0
    outer loop
      vertex 30.8422 19.0364 4
      vertex 30.8728 19.1903 0
      vertex 30.8728 19.1903 4
    endloop
  endfacet
  facet normal 0.980801 -0.195013 0
    outer loop
      vertex 30.8728 19.1903 0
      vertex 30.8422 19.0364 4
      vertex 30.8422 19.0364 0
    endloop
  endfacet
  facet normal 0.0656309 -0.997844 0
    outer loop
      vertex 31.8753 20.0695 0
      vertex 32.0319 20.0798 4
      vertex 31.8753 20.0695 4
    endloop
  endfacet
  facet normal 0.0656309 -0.997844 0
    outer loop
      vertex 32.0319 20.0798 4
      vertex 31.8753 20.0695 0
      vertex 32.0319 20.0798 0
    endloop
  endfacet
  facet normal 0.831462 -0.555582 0
    outer loop
      vertex 30.9927 19.4798 4
      vertex 31.0799 19.6103 0
      vertex 31.0799 19.6103 4
    endloop
  endfacet
  facet normal 0.831462 -0.555582 0
    outer loop
      vertex 31.0799 19.6103 0
      vertex 30.9927 19.4798 4
      vertex 30.9927 19.4798 0
    endloop
  endfacet
  facet normal 0.896961 -0.44211 0
    outer loop
      vertex 30.9233 19.339 4
      vertex 30.9927 19.4798 0
      vertex 30.9927 19.4798 4
    endloop
  endfacet
  facet normal 0.896961 -0.44211 0
    outer loop
      vertex 30.9927 19.4798 0
      vertex 30.9233 19.339 4
      vertex 30.9233 19.339 0
    endloop
  endfacet
  facet normal -0.947079 0.321001 0
    outer loop
      vertex 33.1406 18.4205 0
      vertex 33.191 18.5692 4
      vertex 33.191 18.5692 0
    endloop
  endfacet
  facet normal -0.947079 0.321001 0
    outer loop
      vertex 33.191 18.5692 4
      vertex 33.1406 18.4205 0
      vertex 33.1406 18.4205 4
    endloop
  endfacet
  facet normal 0.321572 0.946885 -0
    outer loop
      vertex 31.7214 17.7206 0
      vertex 31.5727 17.7711 4
      vertex 31.7214 17.7206 4
    endloop
  endfacet
  facet normal 0.321572 0.946885 0
    outer loop
      vertex 31.5727 17.7711 4
      vertex 31.7214 17.7206 0
      vertex 31.5727 17.7711 0
    endloop
  endfacet
  facet normal -0.659406 0.751787 0
    outer loop
      vertex 32.8805 18.0312 0
      vertex 32.7625 17.9277 4
      vertex 32.8805 18.0312 4
    endloop
  endfacet
  facet normal -0.659406 0.751787 0
    outer loop
      vertex 32.7625 17.9277 4
      vertex 32.8805 18.0312 0
      vertex 32.7625 17.9277 0
    endloop
  endfacet
  facet normal 0.946885 0.321572 0
    outer loop
      vertex 30.9233 18.4205 4
      vertex 30.8728 18.5692 0
      vertex 30.8728 18.5692 4
    endloop
  endfacet
  facet normal 0.946885 0.321572 0
    outer loop
      vertex 30.8728 18.5692 0
      vertex 30.9233 18.4205 4
      vertex 30.9233 18.4205 0
    endloop
  endfacet
  facet normal 0.997844 -0.0656309 0
    outer loop
      vertex 30.8319 18.8798 4
      vertex 30.8422 19.0364 0
      vertex 30.8422 19.0364 4
    endloop
  endfacet
  facet normal 0.997844 -0.0656309 0
    outer loop
      vertex 30.8422 19.0364 0
      vertex 30.8319 18.8798 4
      vertex 30.8319 18.8798 0
    endloop
  endfacet
  facet normal -0.831462 -0.555582 0
    outer loop
      vertex 33.0712 19.4798 0
      vertex 32.984 19.6103 4
      vertex 32.984 19.6103 0
    endloop
  endfacet
  facet normal -0.831462 -0.555582 0
    outer loop
      vertex 32.984 19.6103 4
      vertex 33.0712 19.4798 0
      vertex 33.0712 19.4798 4
    endloop
  endfacet
  facet normal -0.751787 -0.659406 0
    outer loop
      vertex 32.984 19.6103 0
      vertex 32.8805 19.7283 4
      vertex 32.8805 19.7283 0
    endloop
  endfacet
  facet normal -0.751787 -0.659406 0
    outer loop
      vertex 32.8805 19.7283 4
      vertex 32.984 19.6103 0
      vertex 32.984 19.6103 4
    endloop
  endfacet
  facet normal -0.195013 0.980801 0
    outer loop
      vertex 32.3425 17.7206 0
      vertex 32.1886 17.69 4
      vertex 32.3425 17.7206 4
    endloop
  endfacet
  facet normal -0.195013 0.980801 0
    outer loop
      vertex 32.1886 17.69 4
      vertex 32.3425 17.7206 0
      vertex 32.1886 17.69 0
    endloop
  endfacet
  facet normal -0.831658 0.555288 0
    outer loop
      vertex 32.984 18.1492 0
      vertex 33.0712 18.2798 4
      vertex 33.0712 18.2798 0
    endloop
  endfacet
  facet normal -0.831658 0.555288 0
    outer loop
      vertex 33.0712 18.2798 4
      vertex 32.984 18.1492 0
      vertex 32.984 18.1492 4
    endloop
  endfacet
  facet normal 0.831658 0.555288 0
    outer loop
      vertex 31.0799 18.1492 4
      vertex 30.9927 18.2798 0
      vertex 30.9927 18.2798 4
    endloop
  endfacet
  facet normal 0.831658 0.555288 0
    outer loop
      vertex 30.9927 18.2798 0
      vertex 31.0799 18.1492 4
      vertex 31.0799 18.1492 0
    endloop
  endfacet
  facet normal -0.321572 0.946885 0
    outer loop
      vertex 32.4912 17.7711 0
      vertex 32.3425 17.7206 4
      vertex 32.4912 17.7711 4
    endloop
  endfacet
  facet normal -0.321572 0.946885 0
    outer loop
      vertex 32.3425 17.7206 4
      vertex 32.4912 17.7711 0
      vertex 32.3425 17.7206 0
    endloop
  endfacet
  facet normal -0.896836 0.442363 0
    outer loop
      vertex 33.0712 18.2798 0
      vertex 33.1406 18.4205 4
      vertex 33.1406 18.4205 0
    endloop
  endfacet
  facet normal -0.896836 0.442363 0
    outer loop
      vertex 33.1406 18.4205 4
      vertex 33.0712 18.2798 0
      vertex 33.0712 18.2798 4
    endloop
  endfacet
  facet normal -0.442363 0.896836 0
    outer loop
      vertex 32.6319 17.8405 0
      vertex 32.4912 17.7711 4
      vertex 32.6319 17.8405 4
    endloop
  endfacet
  facet normal -0.442363 0.896836 0
    outer loop
      vertex 32.4912 17.7711 4
      vertex 32.6319 17.8405 0
      vertex 32.4912 17.7711 0
    endloop
  endfacet
  facet normal 0.44211 0.896961 -0
    outer loop
      vertex 31.5727 17.7711 0
      vertex 31.4319 17.8405 4
      vertex 31.5727 17.7711 4
    endloop
  endfacet
  facet normal 0.44211 0.896961 0
    outer loop
      vertex 31.4319 17.8405 4
      vertex 31.5727 17.7711 0
      vertex 31.4319 17.8405 0
    endloop
  endfacet
  facet normal 0.555582 0.831462 -0
    outer loop
      vertex 31.4319 17.8405 0
      vertex 31.3014 17.9277 4
      vertex 31.4319 17.8405 4
    endloop
  endfacet
  facet normal 0.555582 0.831462 0
    outer loop
      vertex 31.3014 17.9277 4
      vertex 31.4319 17.8405 0
      vertex 31.3014 17.9277 0
    endloop
  endfacet
  facet normal -0.555582 -0.831462 0
    outer loop
      vertex 19.4798 33.0712 0
      vertex 19.6103 32.984 4
      vertex 19.4798 33.0712 4
    endloop
  endfacet
  facet normal -0.555582 -0.831462 -0
    outer loop
      vertex 19.6103 32.984 4
      vertex 19.4798 33.0712 0
      vertex 19.6103 32.984 0
    endloop
  endfacet
  facet normal -0.659406 -0.751787 0
    outer loop
      vertex 19.6103 32.984 0
      vertex 19.7283 32.8805 4
      vertex 19.6103 32.984 4
    endloop
  endfacet
  facet normal -0.659406 -0.751787 -0
    outer loop
      vertex 19.7283 32.8805 4
      vertex 19.6103 32.984 0
      vertex 19.7283 32.8805 0
    endloop
  endfacet
  facet normal -0.44211 -0.896961 0
    outer loop
      vertex 19.339 33.1406 0
      vertex 19.4798 33.0712 4
      vertex 19.339 33.1406 4
    endloop
  endfacet
  facet normal -0.44211 -0.896961 -0
    outer loop
      vertex 19.4798 33.0712 4
      vertex 19.339 33.1406 0
      vertex 19.4798 33.0712 0
    endloop
  endfacet
  facet normal -0.195626 -0.980679 0
    outer loop
      vertex 19.0364 33.2217 0
      vertex 19.1903 33.191 4
      vertex 19.0364 33.2217 4
    endloop
  endfacet
  facet normal -0.195626 -0.980679 -0
    outer loop
      vertex 19.1903 33.191 4
      vertex 19.0364 33.2217 0
      vertex 19.1903 33.191 0
    endloop
  endfacet
  facet normal 0.442363 0.896836 -0
    outer loop
      vertex 18.4205 30.9233 0
      vertex 18.2798 30.9927 4
      vertex 18.4205 30.9233 4
    endloop
  endfacet
  facet normal 0.442363 0.896836 0
    outer loop
      vertex 18.2798 30.9927 4
      vertex 18.4205 30.9233 0
      vertex 18.2798 30.9927 0
    endloop
  endfacet
  facet normal -0.946885 -0.321572 0
    outer loop
      vertex 20.0389 32.3425 0
      vertex 19.9884 32.4912 4
      vertex 19.9884 32.4912 0
    endloop
  endfacet
  facet normal -0.946885 -0.321572 0
    outer loop
      vertex 19.9884 32.4912 4
      vertex 20.0389 32.3425 0
      vertex 20.0389 32.3425 4
    endloop
  endfacet
  facet normal -0.896961 0.44211 0
    outer loop
      vertex 19.919 31.4319 0
      vertex 19.9884 31.5727 4
      vertex 19.9884 31.5727 0
    endloop
  endfacet
  facet normal -0.896961 0.44211 0
    outer loop
      vertex 19.9884 31.5727 4
      vertex 19.919 31.4319 0
      vertex 19.919 31.4319 4
    endloop
  endfacet
  facet normal -0.321001 -0.947079 0
    outer loop
      vertex 19.1903 33.191 0
      vertex 19.339 33.1406 4
      vertex 19.1903 33.191 4
    endloop
  endfacet
  facet normal -0.321001 -0.947079 -0
    outer loop
      vertex 19.339 33.1406 4
      vertex 19.1903 33.191 0
      vertex 19.339 33.1406 0
    endloop
  endfacet
  facet normal -0.946885 0.321572 0
    outer loop
      vertex 19.9884 31.5727 0
      vertex 20.0389 31.7214 4
      vertex 20.0389 31.7214 0
    endloop
  endfacet
  facet normal -0.946885 0.321572 0
    outer loop
      vertex 20.0389 31.7214 4
      vertex 19.9884 31.5727 0
      vertex 19.9884 31.5727 4
    endloop
  endfacet
  facet normal -0.0649964 -0.997886 0
    outer loop
      vertex 18.8798 33.2319 0
      vertex 19.0364 33.2217 4
      vertex 18.8798 33.2319 4
    endloop
  endfacet
  facet normal -0.0649964 -0.997886 -0
    outer loop
      vertex 19.0364 33.2217 4
      vertex 18.8798 33.2319 0
      vertex 19.0364 33.2217 0
    endloop
  endfacet
  facet normal -0.997844 0.0656309 0
    outer loop
      vertex 20.0695 31.8753 0
      vertex 20.0798 32.0319 4
      vertex 20.0798 32.0319 0
    endloop
  endfacet
  facet normal -0.997844 0.0656309 0
    outer loop
      vertex 20.0798 32.0319 4
      vertex 20.0695 31.8753 0
      vertex 20.0695 31.8753 4
    endloop
  endfacet
  facet normal 0.997888 -0.0649551 0
    outer loop
      vertex 17.6798 32.0319 4
      vertex 17.69 32.1886 0
      vertex 17.69 32.1886 4
    endloop
  endfacet
  facet normal 0.997888 -0.0649551 0
    outer loop
      vertex 17.69 32.1886 0
      vertex 17.6798 32.0319 4
      vertex 17.6798 32.0319 0
    endloop
  endfacet
  facet normal 0.946885 -0.321572 0
    outer loop
      vertex 17.7206 32.3425 4
      vertex 17.7711 32.4912 0
      vertex 17.7711 32.4912 4
    endloop
  endfacet
  facet normal 0.946885 -0.321572 0
    outer loop
      vertex 17.7711 32.4912 0
      vertex 17.7206 32.3425 4
      vertex 17.7206 32.3425 0
    endloop
  endfacet
  facet normal -0.980801 -0.195013 0
    outer loop
      vertex 20.0695 32.1886 0
      vertex 20.0389 32.3425 4
      vertex 20.0389 32.3425 0
    endloop
  endfacet
  facet normal -0.980801 -0.195013 0
    outer loop
      vertex 20.0389 32.3425 4
      vertex 20.0695 32.1886 0
      vertex 20.0695 32.1886 4
    endloop
  endfacet
  facet normal -0.321572 0.946885 0
    outer loop
      vertex 19.339 30.9233 0
      vertex 19.1903 30.8728 4
      vertex 19.339 30.9233 4
    endloop
  endfacet
  facet normal -0.321572 0.946885 0
    outer loop
      vertex 19.1903 30.8728 4
      vertex 19.339 30.9233 0
      vertex 19.1903 30.8728 0
    endloop
  endfacet
  facet normal 0.831462 0.555582 0
    outer loop
      vertex 17.9277 31.3014 4
      vertex 17.8405 31.4319 0
      vertex 17.8405 31.4319 4
    endloop
  endfacet
  facet normal 0.831462 0.555582 0
    outer loop
      vertex 17.8405 31.4319 0
      vertex 17.9277 31.3014 4
      vertex 17.9277 31.3014 0
    endloop
  endfacet
  facet normal 0.442363 -0.896836 0
    outer loop
      vertex 18.2798 33.0712 0
      vertex 18.4205 33.1406 4
      vertex 18.2798 33.0712 4
    endloop
  endfacet
  facet normal 0.442363 -0.896836 0
    outer loop
      vertex 18.4205 33.1406 4
      vertex 18.2798 33.0712 0
      vertex 18.4205 33.1406 0
    endloop
  endfacet
  facet normal -0.195013 0.980801 0
    outer loop
      vertex 19.1903 30.8728 0
      vertex 19.0364 30.8422 4
      vertex 19.1903 30.8728 4
    endloop
  endfacet
  facet normal -0.195013 0.980801 0
    outer loop
      vertex 19.0364 30.8422 4
      vertex 19.1903 30.8728 0
      vertex 19.0364 30.8422 0
    endloop
  endfacet
  facet normal 0.659406 -0.751787 0
    outer loop
      vertex 18.0312 32.8805 0
      vertex 18.1492 32.984 4
      vertex 18.0312 32.8805 4
    endloop
  endfacet
  facet normal 0.659406 -0.751787 0
    outer loop
      vertex 18.1492 32.984 4
      vertex 18.0312 32.8805 0
      vertex 18.1492 32.984 0
    endloop
  endfacet
  facet normal 0.321001 -0.947079 0
    outer loop
      vertex 18.4205 33.1406 0
      vertex 18.5692 33.191 4
      vertex 18.4205 33.1406 4
    endloop
  endfacet
  facet normal 0.321001 -0.947079 0
    outer loop
      vertex 18.5692 33.191 4
      vertex 18.4205 33.1406 0
      vertex 18.5692 33.191 0
    endloop
  endfacet
  facet normal -0.896836 -0.442363 0
    outer loop
      vertex 19.9884 32.4912 0
      vertex 19.919 32.6319 4
      vertex 19.919 32.6319 0
    endloop
  endfacet
  facet normal -0.896836 -0.442363 0
    outer loop
      vertex 19.919 32.6319 4
      vertex 19.9884 32.4912 0
      vertex 19.9884 32.4912 4
    endloop
  endfacet
  facet normal -0.751787 -0.659406 0
    outer loop
      vertex 19.8318 32.7625 0
      vertex 19.7283 32.8805 4
      vertex 19.7283 32.8805 0
    endloop
  endfacet
  facet normal -0.751787 -0.659406 0
    outer loop
      vertex 19.7283 32.8805 4
      vertex 19.8318 32.7625 0
      vertex 19.8318 32.7625 4
    endloop
  endfacet
  facet normal 0.195013 0.980801 -0
    outer loop
      vertex 18.7231 30.8422 0
      vertex 18.5692 30.8728 4
      vertex 18.7231 30.8422 4
    endloop
  endfacet
  facet normal 0.195013 0.980801 0
    outer loop
      vertex 18.5692 30.8728 4
      vertex 18.7231 30.8422 0
      vertex 18.5692 30.8728 0
    endloop
  endfacet
  facet normal 0.0649551 -0.997888 0
    outer loop
      vertex 18.7231 33.2217 0
      vertex 18.8798 33.2319 4
      vertex 18.7231 33.2217 4
    endloop
  endfacet
  facet normal 0.0649551 -0.997888 0
    outer loop
      vertex 18.8798 33.2319 4
      vertex 18.7231 33.2217 0
      vertex 18.8798 33.2319 0
    endloop
  endfacet
  facet normal 0.997886 0.0649964 0
    outer loop
      vertex 17.69 31.8753 4
      vertex 17.6798 32.0319 0
      vertex 17.6798 32.0319 4
    endloop
  endfacet
  facet normal 0.997886 0.0649964 0
    outer loop
      vertex 17.6798 32.0319 0
      vertex 17.69 31.8753 4
      vertex 17.69 31.8753 0
    endloop
  endfacet
  facet normal 0.555288 0.831658 -0
    outer loop
      vertex 18.2798 30.9927 0
      vertex 18.1492 31.0799 4
      vertex 18.2798 30.9927 4
    endloop
  endfacet
  facet normal 0.555288 0.831658 0
    outer loop
      vertex 18.1492 31.0799 4
      vertex 18.2798 30.9927 0
      vertex 18.1492 31.0799 0
    endloop
  endfacet
  facet normal -0.997847 -0.0655892 0
    outer loop
      vertex 20.0798 32.0319 0
      vertex 20.0695 32.1886 4
      vertex 20.0695 32.1886 0
    endloop
  endfacet
  facet normal -0.997847 -0.0655892 0
    outer loop
      vertex 20.0695 32.1886 4
      vertex 20.0798 32.0319 0
      vertex 20.0798 32.0319 4
    endloop
  endfacet
  facet normal -0.831462 0.555582 0
    outer loop
      vertex 19.8318 31.3014 0
      vertex 19.919 31.4319 4
      vertex 19.919 31.4319 0
    endloop
  endfacet
  facet normal -0.831462 0.555582 0
    outer loop
      vertex 19.919 31.4319 4
      vertex 19.8318 31.3014 0
      vertex 19.8318 31.3014 4
    endloop
  endfacet
  facet normal -0.751787 0.659406 0
    outer loop
      vertex 19.7283 31.1834 0
      vertex 19.8318 31.3014 4
      vertex 19.8318 31.3014 0
    endloop
  endfacet
  facet normal -0.751787 0.659406 0
    outer loop
      vertex 19.8318 31.3014 4
      vertex 19.7283 31.1834 0
      vertex 19.7283 31.1834 4
    endloop
  endfacet
  facet normal 0.751787 0.659406 0
    outer loop
      vertex 18.0312 31.1834 4
      vertex 17.9277 31.3014 0
      vertex 17.9277 31.3014 4
    endloop
  endfacet
  facet normal 0.751787 0.659406 0
    outer loop
      vertex 17.9277 31.3014 0
      vertex 18.0312 31.1834 4
      vertex 18.0312 31.1834 0
    endloop
  endfacet
  facet normal 0.751787 -0.659406 0
    outer loop
      vertex 17.9277 32.7625 4
      vertex 18.0312 32.8805 0
      vertex 18.0312 32.8805 4
    endloop
  endfacet
  facet normal 0.751787 -0.659406 0
    outer loop
      vertex 18.0312 32.8805 0
      vertex 17.9277 32.7625 4
      vertex 17.9277 32.7625 0
    endloop
  endfacet
  facet normal 0.321572 0.946885 -0
    outer loop
      vertex 18.5692 30.8728 0
      vertex 18.4205 30.9233 4
      vertex 18.5692 30.8728 4
    endloop
  endfacet
  facet normal 0.321572 0.946885 0
    outer loop
      vertex 18.4205 30.9233 4
      vertex 18.5692 30.8728 0
      vertex 18.4205 30.9233 0
    endloop
  endfacet
  facet normal 0.896836 -0.442363 0
    outer loop
      vertex 17.7711 32.4912 4
      vertex 17.8405 32.6319 0
      vertex 17.8405 32.6319 4
    endloop
  endfacet
  facet normal 0.896836 -0.442363 0
    outer loop
      vertex 17.8405 32.6319 0
      vertex 17.7711 32.4912 4
      vertex 17.7711 32.4912 0
    endloop
  endfacet
  facet normal 0.896961 0.44211 0
    outer loop
      vertex 17.8405 31.4319 4
      vertex 17.7711 31.5727 0
      vertex 17.7711 31.5727 4
    endloop
  endfacet
  facet normal 0.896961 0.44211 0
    outer loop
      vertex 17.7711 31.5727 0
      vertex 17.8405 31.4319 4
      vertex 17.8405 31.4319 0
    endloop
  endfacet
  facet normal 0.659406 0.751787 -0
    outer loop
      vertex 18.1492 31.0799 0
      vertex 18.0312 31.1834 4
      vertex 18.1492 31.0799 4
    endloop
  endfacet
  facet normal 0.659406 0.751787 0
    outer loop
      vertex 18.0312 31.1834 4
      vertex 18.1492 31.0799 0
      vertex 18.0312 31.1834 0
    endloop
  endfacet
  facet normal -0.831658 -0.555288 0
    outer loop
      vertex 19.919 32.6319 0
      vertex 19.8318 32.7625 4
      vertex 19.8318 32.7625 0
    endloop
  endfacet
  facet normal -0.831658 -0.555288 0
    outer loop
      vertex 19.8318 32.7625 4
      vertex 19.919 32.6319 0
      vertex 19.919 32.6319 4
    endloop
  endfacet
  facet normal -0.0656309 0.997844 0
    outer loop
      vertex 19.0364 30.8422 0
      vertex 18.8798 30.8319 4
      vertex 19.0364 30.8422 4
    endloop
  endfacet
  facet normal -0.0656309 0.997844 0
    outer loop
      vertex 18.8798 30.8319 4
      vertex 19.0364 30.8422 0
      vertex 18.8798 30.8319 0
    endloop
  endfacet
  facet normal 0.195626 -0.980679 0
    outer loop
      vertex 18.5692 33.191 0
      vertex 18.7231 33.2217 4
      vertex 18.5692 33.191 4
    endloop
  endfacet
  facet normal 0.195626 -0.980679 0
    outer loop
      vertex 18.7231 33.2217 4
      vertex 18.5692 33.191 0
      vertex 18.7231 33.2217 0
    endloop
  endfacet
  facet normal 0.831658 -0.555288 0
    outer loop
      vertex 17.8405 32.6319 4
      vertex 17.9277 32.7625 0
      vertex 17.9277 32.7625 4
    endloop
  endfacet
  facet normal 0.831658 -0.555288 0
    outer loop
      vertex 17.9277 32.7625 0
      vertex 17.8405 32.6319 4
      vertex 17.8405 32.6319 0
    endloop
  endfacet
  facet normal -0.555582 0.831462 0
    outer loop
      vertex 19.6103 31.0799 0
      vertex 19.4798 30.9927 4
      vertex 19.6103 31.0799 4
    endloop
  endfacet
  facet normal -0.555582 0.831462 0
    outer loop
      vertex 19.4798 30.9927 4
      vertex 19.6103 31.0799 0
      vertex 19.4798 30.9927 0
    endloop
  endfacet
  facet normal -0.44211 0.896961 0
    outer loop
      vertex 19.4798 30.9927 0
      vertex 19.339 30.9233 4
      vertex 19.4798 30.9927 4
    endloop
  endfacet
  facet normal -0.44211 0.896961 0
    outer loop
      vertex 19.339 30.9233 4
      vertex 19.4798 30.9927 0
      vertex 19.339 30.9233 0
    endloop
  endfacet
  facet normal 0.980801 -0.195013 0
    outer loop
      vertex 17.69 32.1886 4
      vertex 17.7206 32.3425 0
      vertex 17.7206 32.3425 4
    endloop
  endfacet
  facet normal 0.980801 -0.195013 0
    outer loop
      vertex 17.7206 32.3425 0
      vertex 17.69 32.1886 4
      vertex 17.69 32.1886 0
    endloop
  endfacet
  facet normal 0.555288 -0.831658 0
    outer loop
      vertex 18.1492 32.984 0
      vertex 18.2798 33.0712 4
      vertex 18.1492 32.984 4
    endloop
  endfacet
  facet normal 0.555288 -0.831658 0
    outer loop
      vertex 18.2798 33.0712 4
      vertex 18.1492 32.984 0
      vertex 18.2798 33.0712 0
    endloop
  endfacet
  facet normal 0.0655892 0.997847 -0
    outer loop
      vertex 18.8798 30.8319 0
      vertex 18.7231 30.8422 4
      vertex 18.8798 30.8319 4
    endloop
  endfacet
  facet normal 0.0655892 0.997847 0
    outer loop
      vertex 18.7231 30.8422 4
      vertex 18.8798 30.8319 0
      vertex 18.7231 30.8422 0
    endloop
  endfacet
  facet normal -0.980801 0.195013 0
    outer loop
      vertex 20.0389 31.7214 0
      vertex 20.0695 31.8753 4
      vertex 20.0695 31.8753 0
    endloop
  endfacet
  facet normal -0.980801 0.195013 0
    outer loop
      vertex 20.0695 31.8753 4
      vertex 20.0389 31.7214 0
      vertex 20.0389 31.7214 4
    endloop
  endfacet
  facet normal 0.946885 0.321572 0
    outer loop
      vertex 17.7711 31.5727 4
      vertex 17.7206 31.7214 0
      vertex 17.7206 31.7214 4
    endloop
  endfacet
  facet normal 0.946885 0.321572 0
    outer loop
      vertex 17.7206 31.7214 0
      vertex 17.7711 31.5727 4
      vertex 17.7711 31.5727 0
    endloop
  endfacet
  facet normal 0.980801 0.195013 0
    outer loop
      vertex 17.7206 31.7214 4
      vertex 17.69 31.8753 0
      vertex 17.69 31.8753 4
    endloop
  endfacet
  facet normal 0.980801 0.195013 0
    outer loop
      vertex 17.69 31.8753 0
      vertex 17.7206 31.7214 4
      vertex 17.7206 31.7214 0
    endloop
  endfacet
  facet normal -0.659406 0.751787 0
    outer loop
      vertex 19.7283 31.1834 0
      vertex 19.6103 31.0799 4
      vertex 19.7283 31.1834 4
    endloop
  endfacet
  facet normal -0.659406 0.751787 0
    outer loop
      vertex 19.6103 31.0799 4
      vertex 19.7283 31.1834 0
      vertex 19.6103 31.0799 0
    endloop
  endfacet
  facet normal -0.555582 -0.831462 0
    outer loop
      vertex 48.8954 36.1824 0
      vertex 49.0259 36.0952 4
      vertex 48.8954 36.1824 4
    endloop
  endfacet
  facet normal -0.555582 -0.831462 -0
    outer loop
      vertex 49.0259 36.0952 4
      vertex 48.8954 36.1824 0
      vertex 49.0259 36.0952 0
    endloop
  endfacet
  facet normal -0.659406 -0.751787 0
    outer loop
      vertex 49.0259 36.0952 0
      vertex 49.1439 35.9917 4
      vertex 49.0259 36.0952 4
    endloop
  endfacet
  facet normal -0.659406 -0.751787 -0
    outer loop
      vertex 49.1439 35.9917 4
      vertex 49.0259 36.0952 0
      vertex 49.1439 35.9917 0
    endloop
  endfacet
  facet normal -0.442622 -0.896708 0
    outer loop
      vertex 48.7546 36.2519 0
      vertex 48.8954 36.1824 4
      vertex 48.7546 36.2519 4
    endloop
  endfacet
  facet normal -0.442622 -0.896708 -0
    outer loop
      vertex 48.8954 36.1824 4
      vertex 48.7546 36.2519 0
      vertex 48.8954 36.1824 0
    endloop
  endfacet
  facet normal 0.659406 0.751787 -0
    outer loop
      vertex 47.5649 34.1912 0
      vertex 47.4469 34.2947 4
      vertex 47.5649 34.1912 4
    endloop
  endfacet
  facet normal 0.659406 0.751787 0
    outer loop
      vertex 47.4469 34.2947 4
      vertex 47.5649 34.1912 0
      vertex 47.4469 34.2947 0
    endloop
  endfacet
  facet normal -0.980891 0.194557 0
    outer loop
      vertex 49.4683 34.9019 0
      vertex 49.4851 34.9866 4
      vertex 49.4851 34.9866 0
    endloop
  endfacet
  facet normal -0.980891 0.194557 0
    outer loop
      vertex 49.4851 34.9866 4
      vertex 49.4683 34.9019 0
      vertex 49.4683 34.9019 4
    endloop
  endfacet
  facet normal 0.555582 -0.831462 0
    outer loop
      vertex 47.5649 36.0952 0
      vertex 47.6954 36.1824 4
      vertex 47.5649 36.0952 4
    endloop
  endfacet
  facet normal 0.555582 -0.831462 0
    outer loop
      vertex 47.6954 36.1824 4
      vertex 47.5649 36.0952 0
      vertex 47.6954 36.1824 0
    endloop
  endfacet
  facet normal -0.0656309 -0.997844 0
    outer loop
      vertex 48.2954 36.3432 0
      vertex 48.452 36.3329 4
      vertex 48.2954 36.3432 4
    endloop
  endfacet
  facet normal -0.0656309 -0.997844 -0
    outer loop
      vertex 48.452 36.3329 4
      vertex 48.2954 36.3432 0
      vertex 48.452 36.3329 0
    endloop
  endfacet
  facet normal 0.997844 0.0656309 0
    outer loop
      vertex 47.1057 34.9866 4
      vertex 47.0954 35.1432 0
      vertex 47.0954 35.1432 4
    endloop
  endfacet
  facet normal 0.997844 0.0656309 0
    outer loop
      vertex 47.0954 35.1432 0
      vertex 47.1057 34.9866 4
      vertex 47.1057 34.9866 0
    endloop
  endfacet
  facet normal 0.980825 0.194891 0
    outer loop
      vertex 47.1363 34.8326 4
      vertex 47.1057 34.9866 0
      vertex 47.1057 34.9866 4
    endloop
  endfacet
  facet normal 0.980825 0.194891 0
    outer loop
      vertex 47.1057 34.9866 0
      vertex 47.1363 34.8326 4
      vertex 47.1363 34.8326 0
    endloop
  endfacet
  facet normal 0.751787 -0.659406 0
    outer loop
      vertex 47.3434 35.8737 4
      vertex 47.4469 35.9917 0
      vertex 47.4469 35.9917 4
    endloop
  endfacet
  facet normal 0.751787 -0.659406 0
    outer loop
      vertex 47.4469 35.9917 0
      vertex 47.3434 35.8737 4
      vertex 47.3434 35.8737 0
    endloop
  endfacet
  facet normal 0.321194 -0.947013 0
    outer loop
      vertex 47.8362 36.2519 0
      vertex 47.9848 36.3023 4
      vertex 47.8362 36.2519 4
    endloop
  endfacet
  facet normal 0.321194 -0.947013 0
    outer loop
      vertex 47.9848 36.3023 4
      vertex 47.8362 36.2519 0
      vertex 47.9848 36.3023 0
    endloop
  endfacet
  facet normal -0.946819 -0.321766 0
    outer loop
      vertex 49.4545 35.4538 0
      vertex 49.404 35.6024 4
      vertex 49.404 35.6024 0
    endloop
  endfacet
  facet normal -0.946819 -0.321766 0
    outer loop
      vertex 49.404 35.6024 4
      vertex 49.4545 35.4538 0
      vertex 49.4545 35.4538 4
    endloop
  endfacet
  facet normal -0.194891 -0.980825 0
    outer loop
      vertex 48.452 36.3329 0
      vertex 48.606 36.3023 4
      vertex 48.452 36.3329 4
    endloop
  endfacet
  facet normal -0.194891 -0.980825 -0
    outer loop
      vertex 48.606 36.3023 4
      vertex 48.452 36.3329 0
      vertex 48.606 36.3023 0
    endloop
  endfacet
  facet normal -0.321194 -0.947013 0
    outer loop
      vertex 48.606 36.3023 0
      vertex 48.7546 36.2519 4
      vertex 48.606 36.3023 4
    endloop
  endfacet
  facet normal -0.321194 -0.947013 -0
    outer loop
      vertex 48.7546 36.2519 4
      vertex 48.606 36.3023 0
      vertex 48.7546 36.2519 0
    endloop
  endfacet
  facet normal 0.659406 -0.751787 0
    outer loop
      vertex 47.4469 35.9917 0
      vertex 47.5649 36.0952 4
      vertex 47.4469 35.9917 4
    endloop
  endfacet
  facet normal 0.659406 -0.751787 0
    outer loop
      vertex 47.5649 36.0952 4
      vertex 47.4469 35.9917 0
      vertex 47.5649 36.0952 0
    endloop
  endfacet
  facet normal 0.194891 0.980825 -0
    outer loop
      vertex 48.1388 33.9535 0
      vertex 47.9848 33.9841 4
      vertex 48.1388 33.9535 4
    endloop
  endfacet
  facet normal 0.194891 0.980825 0
    outer loop
      vertex 47.9848 33.9841 4
      vertex 48.1388 33.9535 0
      vertex 47.9848 33.9841 0
    endloop
  endfacet
  facet normal 0.751787 0.659406 0
    outer loop
      vertex 47.4469 34.2947 4
      vertex 47.3434 34.4127 0
      vertex 47.3434 34.4127 4
    endloop
  endfacet
  facet normal 0.751787 0.659406 0
    outer loop
      vertex 47.3434 34.4127 0
      vertex 47.4469 34.2947 4
      vertex 47.4469 34.2947 0
    endloop
  endfacet
  facet normal 0.947013 -0.321194 0
    outer loop
      vertex 47.1363 35.4538 4
      vertex 47.1867 35.6024 0
      vertex 47.1867 35.6024 4
    endloop
  endfacet
  facet normal 0.947013 -0.321194 0
    outer loop
      vertex 47.1867 35.6024 0
      vertex 47.1363 35.4538 4
      vertex 47.1363 35.4538 0
    endloop
  endfacet
  facet normal 0.0656309 0.997844 -0
    outer loop
      vertex 48.2954 33.9432 0
      vertex 48.1388 33.9535 4
      vertex 48.2954 33.9432 4
    endloop
  endfacet
  facet normal 0.0656309 0.997844 0
    outer loop
      vertex 48.1388 33.9535 4
      vertex 48.2954 33.9432 0
      vertex 48.1388 33.9535 0
    endloop
  endfacet
  facet normal -0.997844 -0.0656309 0
    outer loop
      vertex 49.4954 35.1432 0
      vertex 49.4851 35.2998 4
      vertex 49.4851 35.2998 0
    endloop
  endfacet
  facet normal -0.997844 -0.0656309 0
    outer loop
      vertex 49.4851 35.2998 4
      vertex 49.4954 35.1432 0
      vertex 49.4954 35.1432 4
    endloop
  endfacet
  facet normal -0.0656309 0.997844 0
    outer loop
      vertex 48.452 33.9535 0
      vertex 48.2954 33.9432 4
      vertex 48.452 33.9535 4
    endloop
  endfacet
  facet normal -0.0656309 0.997844 0
    outer loop
      vertex 48.2954 33.9432 4
      vertex 48.452 33.9535 0
      vertex 48.2954 33.9432 0
    endloop
  endfacet
  facet normal -0.997844 0.0656309 0
    outer loop
      vertex 49.4851 34.9866 0
      vertex 49.4954 35.1432 4
      vertex 49.4954 35.1432 0
    endloop
  endfacet
  facet normal -0.997844 0.0656309 0
    outer loop
      vertex 49.4954 35.1432 4
      vertex 49.4851 34.9866 0
      vertex 49.4851 34.9866 4
    endloop
  endfacet
  facet normal 0.896708 0.442622 0
    outer loop
      vertex 47.2562 34.5432 4
      vertex 47.1867 34.684 0
      vertex 47.1867 34.684 4
    endloop
  endfacet
  facet normal 0.896708 0.442622 0
    outer loop
      vertex 47.1867 34.684 0
      vertex 47.2562 34.5432 4
      vertex 47.2562 34.5432 0
    endloop
  endfacet
  facet normal -0.896961 -0.44211 0
    outer loop
      vertex 49.404 35.6024 0
      vertex 49.3346 35.7432 4
      vertex 49.3346 35.7432 0
    endloop
  endfacet
  facet normal -0.896961 -0.44211 0
    outer loop
      vertex 49.3346 35.7432 4
      vertex 49.404 35.6024 0
      vertex 49.404 35.6024 4
    endloop
  endfacet
  facet normal 0.442622 -0.896708 0
    outer loop
      vertex 47.6954 36.1824 0
      vertex 47.8362 36.2519 4
      vertex 47.6954 36.1824 4
    endloop
  endfacet
  facet normal 0.442622 -0.896708 0
    outer loop
      vertex 47.8362 36.2519 4
      vertex 47.6954 36.1824 0
      vertex 47.8362 36.2519 0
    endloop
  endfacet
  facet normal -0.980825 -0.194891 0
    outer loop
      vertex 49.4851 35.2998 0
      vertex 49.4545 35.4538 4
      vertex 49.4545 35.4538 0
    endloop
  endfacet
  facet normal -0.980825 -0.194891 0
    outer loop
      vertex 49.4545 35.4538 4
      vertex 49.4851 35.2998 0
      vertex 49.4851 35.2998 4
    endloop
  endfacet
  facet normal 0.194891 -0.980825 0
    outer loop
      vertex 47.9848 36.3023 0
      vertex 48.1388 36.3329 4
      vertex 47.9848 36.3023 4
    endloop
  endfacet
  facet normal 0.194891 -0.980825 0
    outer loop
      vertex 48.1388 36.3329 4
      vertex 47.9848 36.3023 0
      vertex 48.1388 36.3329 0
    endloop
  endfacet
  facet normal 0.980825 -0.194891 0
    outer loop
      vertex 47.1057 35.2998 4
      vertex 47.1363 35.4538 0
      vertex 47.1363 35.4538 4
    endloop
  endfacet
  facet normal 0.980825 -0.194891 0
    outer loop
      vertex 47.1363 35.4538 0
      vertex 47.1057 35.2998 4
      vertex 47.1057 35.2998 0
    endloop
  endfacet
  facet normal 0.0656309 -0.997844 0
    outer loop
      vertex 48.1388 36.3329 0
      vertex 48.2954 36.3432 4
      vertex 48.1388 36.3329 4
    endloop
  endfacet
  facet normal 0.0656309 -0.997844 0
    outer loop
      vertex 48.2954 36.3432 4
      vertex 48.1388 36.3329 0
      vertex 48.2954 36.3432 0
    endloop
  endfacet
  facet normal 0.831462 -0.555582 0
    outer loop
      vertex 47.2562 35.7432 4
      vertex 47.3434 35.8737 0
      vertex 47.3434 35.8737 4
    endloop
  endfacet
  facet normal 0.831462 -0.555582 0
    outer loop
      vertex 47.3434 35.8737 0
      vertex 47.2562 35.7432 4
      vertex 47.2562 35.7432 0
    endloop
  endfacet
  facet normal 0.896708 -0.442622 0
    outer loop
      vertex 47.1867 35.6024 4
      vertex 47.2562 35.7432 0
      vertex 47.2562 35.7432 4
    endloop
  endfacet
  facet normal 0.896708 -0.442622 0
    outer loop
      vertex 47.2562 35.7432 0
      vertex 47.1867 35.6024 4
      vertex 47.1867 35.6024 0
    endloop
  endfacet
  facet normal 0.321766 0.946819 -0
    outer loop
      vertex 47.9848 33.9841 0
      vertex 47.8362 34.0346 4
      vertex 47.9848 33.9841 4
    endloop
  endfacet
  facet normal 0.321766 0.946819 0
    outer loop
      vertex 47.8362 34.0346 4
      vertex 47.9848 33.9841 0
      vertex 47.8362 34.0346 0
    endloop
  endfacet
  facet normal 0.947013 0.321194 0
    outer loop
      vertex 47.1867 34.684 4
      vertex 47.1363 34.8326 0
      vertex 47.1363 34.8326 4
    endloop
  endfacet
  facet normal 0.947013 0.321194 0
    outer loop
      vertex 47.1363 34.8326 0
      vertex 47.1867 34.684 4
      vertex 47.1867 34.684 0
    endloop
  endfacet
  facet normal 0.997844 -0.0656309 0
    outer loop
      vertex 47.0954 35.1432 4
      vertex 47.1057 35.2998 0
      vertex 47.1057 35.2998 4
    endloop
  endfacet
  facet normal 0.997844 -0.0656309 0
    outer loop
      vertex 47.1057 35.2998 0
      vertex 47.0954 35.1432 4
      vertex 47.0954 35.1432 0
    endloop
  endfacet
  facet normal -0.831462 -0.555582 0
    outer loop
      vertex 49.3346 35.7432 0
      vertex 49.2474 35.8737 4
      vertex 49.2474 35.8737 0
    endloop
  endfacet
  facet normal -0.831462 -0.555582 0
    outer loop
      vertex 49.2474 35.8737 4
      vertex 49.3346 35.7432 0
      vertex 49.3346 35.7432 4
    endloop
  endfacet
  facet normal -0.751787 -0.659406 0
    outer loop
      vertex 49.2474 35.8737 0
      vertex 49.1439 35.9917 4
      vertex 49.1439 35.9917 0
    endloop
  endfacet
  facet normal -0.751787 -0.659406 0
    outer loop
      vertex 49.1439 35.9917 4
      vertex 49.2474 35.8737 0
      vertex 49.2474 35.8737 4
    endloop
  endfacet
  facet normal -0.194557 0.980891 0
    outer loop
      vertex 48.5367 33.9703 0
      vertex 48.452 33.9535 4
      vertex 48.5367 33.9703 4
    endloop
  endfacet
  facet normal -0.194557 0.980891 0
    outer loop
      vertex 48.452 33.9535 4
      vertex 48.5367 33.9703 0
      vertex 48.452 33.9535 0
    endloop
  endfacet
  facet normal 0.831462 0.555582 0
    outer loop
      vertex 47.3434 34.4127 4
      vertex 47.2562 34.5432 0
      vertex 47.2562 34.5432 4
    endloop
  endfacet
  facet normal 0.831462 0.555582 0
    outer loop
      vertex 47.2562 34.5432 0
      vertex 47.3434 34.4127 4
      vertex 47.3434 34.4127 0
    endloop
  endfacet
  facet normal 0.44211 0.896961 -0
    outer loop
      vertex 47.8362 34.0346 0
      vertex 47.6954 34.104 4
      vertex 47.8362 34.0346 4
    endloop
  endfacet
  facet normal 0.44211 0.896961 0
    outer loop
      vertex 47.6954 34.104 4
      vertex 47.8362 34.0346 0
      vertex 47.6954 34.104 0
    endloop
  endfacet
  facet normal 0.555582 0.831462 -0
    outer loop
      vertex 47.6954 34.104 0
      vertex 47.5649 34.1912 4
      vertex 47.6954 34.104 4
    endloop
  endfacet
  facet normal 0.555582 0.831462 0
    outer loop
      vertex 47.5649 34.1912 4
      vertex 47.6954 34.104 0
      vertex 47.5649 34.1912 0
    endloop
  endfacet
  facet normal -0.555582 -0.831462 0
    outer loop
      vertex 35.7432 49.3346 0
      vertex 35.8737 49.2474 4
      vertex 35.7432 49.3346 4
    endloop
  endfacet
  facet normal -0.555582 -0.831462 -0
    outer loop
      vertex 35.8737 49.2474 4
      vertex 35.7432 49.3346 0
      vertex 35.8737 49.2474 0
    endloop
  endfacet
  facet normal -0.659406 -0.751787 0
    outer loop
      vertex 35.8737 49.2474 0
      vertex 35.9917 49.1439 4
      vertex 35.8737 49.2474 4
    endloop
  endfacet
  facet normal -0.659406 -0.751787 -0
    outer loop
      vertex 35.9917 49.1439 4
      vertex 35.8737 49.2474 0
      vertex 35.9917 49.1439 0
    endloop
  endfacet
  facet normal -0.44211 -0.896961 0
    outer loop
      vertex 35.6024 49.404 0
      vertex 35.7432 49.3346 4
      vertex 35.6024 49.404 4
    endloop
  endfacet
  facet normal -0.44211 -0.896961 -0
    outer loop
      vertex 35.7432 49.3346 4
      vertex 35.6024 49.404 0
      vertex 35.7432 49.3346 0
    endloop
  endfacet
  facet normal -0.947013 -0.321194 0
    outer loop
      vertex 36.3023 48.606 0
      vertex 36.2519 48.7546 4
      vertex 36.2519 48.7546 0
    endloop
  endfacet
  facet normal -0.947013 -0.321194 0
    outer loop
      vertex 36.2519 48.7546 4
      vertex 36.3023 48.606 0
      vertex 36.3023 48.606 4
    endloop
  endfacet
  facet normal -0.896708 0.442622 0
    outer loop
      vertex 36.1824 47.6954 0
      vertex 36.2519 47.8362 4
      vertex 36.2519 47.8362 0
    endloop
  endfacet
  facet normal -0.896708 0.442622 0
    outer loop
      vertex 36.2519 47.8362 4
      vertex 36.1824 47.6954 0
      vertex 36.1824 47.6954 4
    endloop
  endfacet
  facet normal -0.321766 -0.946819 0
    outer loop
      vertex 35.4538 49.4545 0
      vertex 35.6024 49.404 4
      vertex 35.4538 49.4545 4
    endloop
  endfacet
  facet normal -0.321766 -0.946819 -0
    outer loop
      vertex 35.6024 49.404 4
      vertex 35.4538 49.4545 0
      vertex 35.6024 49.404 0
    endloop
  endfacet
  facet normal -0.947013 0.321194 0
    outer loop
      vertex 36.2519 47.8362 0
      vertex 36.3023 47.9848 4
      vertex 36.3023 47.9848 0
    endloop
  endfacet
  facet normal -0.947013 0.321194 0
    outer loop
      vertex 36.3023 47.9848 4
      vertex 36.2519 47.8362 0
      vertex 36.2519 47.8362 4
    endloop
  endfacet
  facet normal -0.0656309 -0.997844 0
    outer loop
      vertex 35.1432 49.4954 0
      vertex 35.2998 49.4851 4
      vertex 35.1432 49.4954 4
    endloop
  endfacet
  facet normal -0.0656309 -0.997844 -0
    outer loop
      vertex 35.2998 49.4851 4
      vertex 35.1432 49.4954 0
      vertex 35.2998 49.4851 0
    endloop
  endfacet
  facet normal -0.997844 0.0656309 0
    outer loop
      vertex 36.3329 48.1388 0
      vertex 36.3432 48.2954 4
      vertex 36.3432 48.2954 0
    endloop
  endfacet
  facet normal -0.997844 0.0656309 0
    outer loop
      vertex 36.3432 48.2954 4
      vertex 36.3329 48.1388 0
      vertex 36.3329 48.1388 4
    endloop
  endfacet
  facet normal 0.997844 -0.0656309 0
    outer loop
      vertex 33.9432 48.2954 4
      vertex 33.9535 48.452 0
      vertex 33.9535 48.452 4
    endloop
  endfacet
  facet normal 0.997844 -0.0656309 0
    outer loop
      vertex 33.9535 48.452 0
      vertex 33.9432 48.2954 4
      vertex 33.9432 48.2954 0
    endloop
  endfacet
  facet normal -0.980825 -0.194891 0
    outer loop
      vertex 36.3329 48.452 0
      vertex 36.3023 48.606 4
      vertex 36.3023 48.606 0
    endloop
  endfacet
  facet normal -0.980825 -0.194891 0
    outer loop
      vertex 36.3023 48.606 4
      vertex 36.3329 48.452 0
      vertex 36.3329 48.452 4
    endloop
  endfacet
  facet normal 0.831462 0.555582 0
    outer loop
      vertex 34.1912 47.5649 4
      vertex 34.104 47.6954 0
      vertex 34.104 47.6954 4
    endloop
  endfacet
  facet normal 0.831462 0.555582 0
    outer loop
      vertex 34.104 47.6954 0
      vertex 34.1912 47.5649 4
      vertex 34.1912 47.5649 0
    endloop
  endfacet
  facet normal -0.194891 0.980825 0
    outer loop
      vertex 35.4538 47.1363 0
      vertex 35.2998 47.1057 4
      vertex 35.4538 47.1363 4
    endloop
  endfacet
  facet normal -0.194891 0.980825 0
    outer loop
      vertex 35.2998 47.1057 4
      vertex 35.4538 47.1363 0
      vertex 35.2998 47.1057 0
    endloop
  endfacet
  facet normal -0.896708 -0.442622 0
    outer loop
      vertex 36.2519 48.7546 0
      vertex 36.1824 48.8954 4
      vertex 36.1824 48.8954 0
    endloop
  endfacet
  facet normal -0.896708 -0.442622 0
    outer loop
      vertex 36.1824 48.8954 4
      vertex 36.2519 48.7546 0
      vertex 36.2519 48.7546 4
    endloop
  endfacet
  facet normal -0.751787 -0.659406 0
    outer loop
      vertex 36.0952 49.0259 0
      vertex 35.9917 49.1439 4
      vertex 35.9917 49.1439 0
    endloop
  endfacet
  facet normal -0.751787 -0.659406 0
    outer loop
      vertex 35.9917 49.1439 4
      vertex 36.0952 49.0259 0
      vertex 36.0952 49.0259 4
    endloop
  endfacet
  facet normal 0.194891 0.980825 -0
    outer loop
      vertex 34.9866 47.1057 0
      vertex 34.8326 47.1363 4
      vertex 34.9866 47.1057 4
    endloop
  endfacet
  facet normal 0.194891 0.980825 0
    outer loop
      vertex 34.8326 47.1363 4
      vertex 34.9866 47.1057 0
      vertex 34.8326 47.1363 0
    endloop
  endfacet
  facet normal 0.0656309 -0.997844 0
    outer loop
      vertex 34.9866 49.4851 0
      vertex 35.1432 49.4954 4
      vertex 34.9866 49.4851 4
    endloop
  endfacet
  facet normal 0.0656309 -0.997844 0
    outer loop
      vertex 35.1432 49.4954 4
      vertex 34.9866 49.4851 0
      vertex 35.1432 49.4954 0
    endloop
  endfacet
  facet normal 0.997844 0.0656309 0
    outer loop
      vertex 33.9535 48.1388 4
      vertex 33.9432 48.2954 0
      vertex 33.9432 48.2954 4
    endloop
  endfacet
  facet normal 0.997844 0.0656309 0
    outer loop
      vertex 33.9432 48.2954 0
      vertex 33.9535 48.1388 4
      vertex 33.9535 48.1388 0
    endloop
  endfacet
  facet normal -0.194891 -0.980825 0
    outer loop
      vertex 35.2998 49.4851 0
      vertex 35.4538 49.4545 4
      vertex 35.2998 49.4851 4
    endloop
  endfacet
  facet normal -0.194891 -0.980825 -0
    outer loop
      vertex 35.4538 49.4545 4
      vertex 35.2998 49.4851 0
      vertex 35.4538 49.4545 0
    endloop
  endfacet
  facet normal 0.555582 0.831462 -0
    outer loop
      vertex 34.5432 47.2562 0
      vertex 34.4127 47.3434 4
      vertex 34.5432 47.2562 4
    endloop
  endfacet
  facet normal 0.555582 0.831462 0
    outer loop
      vertex 34.4127 47.3434 4
      vertex 34.5432 47.2562 0
      vertex 34.4127 47.3434 0
    endloop
  endfacet
  facet normal -0.997844 -0.0656309 0
    outer loop
      vertex 36.3432 48.2954 0
      vertex 36.3329 48.452 4
      vertex 36.3329 48.452 0
    endloop
  endfacet
  facet normal -0.997844 -0.0656309 0
    outer loop
      vertex 36.3329 48.452 4
      vertex 36.3432 48.2954 0
      vertex 36.3432 48.2954 4
    endloop
  endfacet
  facet normal -0.831462 0.555582 0
    outer loop
      vertex 36.0952 47.5649 0
      vertex 36.1824 47.6954 4
      vertex 36.1824 47.6954 0
    endloop
  endfacet
  facet normal -0.831462 0.555582 0
    outer loop
      vertex 36.1824 47.6954 4
      vertex 36.0952 47.5649 0
      vertex 36.0952 47.5649 4
    endloop
  endfacet
  facet normal -0.751787 0.659406 0
    outer loop
      vertex 35.9917 47.4469 0
      vertex 36.0952 47.5649 4
      vertex 36.0952 47.5649 0
    endloop
  endfacet
  facet normal -0.751787 0.659406 0
    outer loop
      vertex 36.0952 47.5649 4
      vertex 35.9917 47.4469 0
      vertex 35.9917 47.4469 4
    endloop
  endfacet
  facet normal 0.751787 0.659406 0
    outer loop
      vertex 34.2947 47.4469 4
      vertex 34.1912 47.5649 0
      vertex 34.1912 47.5649 4
    endloop
  endfacet
  facet normal 0.751787 0.659406 0
    outer loop
      vertex 34.1912 47.5649 0
      vertex 34.2947 47.4469 4
      vertex 34.2947 47.4469 0
    endloop
  endfacet
  facet normal 0.321194 0.947013 -0
    outer loop
      vertex 34.8326 47.1363 0
      vertex 34.684 47.1867 4
      vertex 34.8326 47.1363 4
    endloop
  endfacet
  facet normal 0.321194 0.947013 0
    outer loop
      vertex 34.684 47.1867 4
      vertex 34.8326 47.1363 0
      vertex 34.684 47.1867 0
    endloop
  endfacet
  facet normal -0.442622 0.896708 0
    outer loop
      vertex 35.7432 47.2562 0
      vertex 35.6024 47.1867 4
      vertex 35.7432 47.2562 4
    endloop
  endfacet
  facet normal -0.442622 0.896708 0
    outer loop
      vertex 35.6024 47.1867 4
      vertex 35.7432 47.2562 0
      vertex 35.6024 47.1867 0
    endloop
  endfacet
  facet normal -0.321194 0.947013 0
    outer loop
      vertex 35.6024 47.1867 0
      vertex 35.4538 47.1363 4
      vertex 35.6024 47.1867 4
    endloop
  endfacet
  facet normal -0.321194 0.947013 0
    outer loop
      vertex 35.4538 47.1363 4
      vertex 35.6024 47.1867 0
      vertex 35.4538 47.1363 0
    endloop
  endfacet
  facet normal 0.896961 0.44211 0
    outer loop
      vertex 34.104 47.6954 4
      vertex 34.0346 47.8362 0
      vertex 34.0346 47.8362 4
    endloop
  endfacet
  facet normal 0.896961 0.44211 0
    outer loop
      vertex 34.0346 47.8362 0
      vertex 34.104 47.6954 4
      vertex 34.104 47.6954 0
    endloop
  endfacet
  facet normal 0.659406 0.751787 -0
    outer loop
      vertex 34.4127 47.3434 0
      vertex 34.2947 47.4469 4
      vertex 34.4127 47.3434 4
    endloop
  endfacet
  facet normal 0.659406 0.751787 0
    outer loop
      vertex 34.2947 47.4469 4
      vertex 34.4127 47.3434 0
      vertex 34.2947 47.4469 0
    endloop
  endfacet
  facet normal -0.831462 -0.555582 0
    outer loop
      vertex 36.1824 48.8954 0
      vertex 36.0952 49.0259 4
      vertex 36.0952 49.0259 0
    endloop
  endfacet
  facet normal -0.831462 -0.555582 0
    outer loop
      vertex 36.0952 49.0259 4
      vertex 36.1824 48.8954 0
      vertex 36.1824 48.8954 4
    endloop
  endfacet
  facet normal -0.0656309 0.997844 0
    outer loop
      vertex 35.2998 47.1057 0
      vertex 35.1432 47.0954 4
      vertex 35.2998 47.1057 4
    endloop
  endfacet
  facet normal -0.0656309 0.997844 0
    outer loop
      vertex 35.1432 47.0954 4
      vertex 35.2998 47.1057 0
      vertex 35.1432 47.0954 0
    endloop
  endfacet
  facet normal 0.194557 -0.980891 0
    outer loop
      vertex 34.9019 49.4683 0
      vertex 34.9866 49.4851 4
      vertex 34.9019 49.4683 4
    endloop
  endfacet
  facet normal 0.194557 -0.980891 0
    outer loop
      vertex 34.9866 49.4851 4
      vertex 34.9019 49.4683 0
      vertex 34.9866 49.4851 0
    endloop
  endfacet
  facet normal -0.555582 0.831462 0
    outer loop
      vertex 35.8737 47.3434 0
      vertex 35.7432 47.2562 4
      vertex 35.8737 47.3434 4
    endloop
  endfacet
  facet normal -0.555582 0.831462 0
    outer loop
      vertex 35.7432 47.2562 4
      vertex 35.8737 47.3434 0
      vertex 35.7432 47.2562 0
    endloop
  endfacet
  facet normal 0.442622 0.896708 -0
    outer loop
      vertex 34.684 47.1867 0
      vertex 34.5432 47.2562 4
      vertex 34.684 47.1867 4
    endloop
  endfacet
  facet normal 0.442622 0.896708 0
    outer loop
      vertex 34.5432 47.2562 4
      vertex 34.684 47.1867 0
      vertex 34.5432 47.2562 0
    endloop
  endfacet
  facet normal 0.980891 -0.194557 0
    outer loop
      vertex 33.9535 48.452 4
      vertex 33.9703 48.5367 0
      vertex 33.9703 48.5367 4
    endloop
  endfacet
  facet normal 0.980891 -0.194557 0
    outer loop
      vertex 33.9703 48.5367 0
      vertex 33.9535 48.452 4
      vertex 33.9535 48.452 0
    endloop
  endfacet
  facet normal 0.0656309 0.997844 -0
    outer loop
      vertex 35.1432 47.0954 0
      vertex 34.9866 47.1057 4
      vertex 35.1432 47.0954 4
    endloop
  endfacet
  facet normal 0.0656309 0.997844 0
    outer loop
      vertex 34.9866 47.1057 4
      vertex 35.1432 47.0954 0
      vertex 34.9866 47.1057 0
    endloop
  endfacet
  facet normal -0.980825 0.194891 0
    outer loop
      vertex 36.3023 47.9848 0
      vertex 36.3329 48.1388 4
      vertex 36.3329 48.1388 0
    endloop
  endfacet
  facet normal -0.980825 0.194891 0
    outer loop
      vertex 36.3329 48.1388 4
      vertex 36.3023 47.9848 0
      vertex 36.3023 47.9848 4
    endloop
  endfacet
  facet normal 0.946819 0.321766 0
    outer loop
      vertex 34.0346 47.8362 4
      vertex 33.9841 47.9848 0
      vertex 33.9841 47.9848 4
    endloop
  endfacet
  facet normal 0.946819 0.321766 0
    outer loop
      vertex 33.9841 47.9848 0
      vertex 34.0346 47.8362 4
      vertex 34.0346 47.8362 0
    endloop
  endfacet
  facet normal 0.980825 0.194891 0
    outer loop
      vertex 33.9841 47.9848 4
      vertex 33.9535 48.1388 0
      vertex 33.9535 48.1388 4
    endloop
  endfacet
  facet normal 0.980825 0.194891 0
    outer loop
      vertex 33.9535 48.1388 0
      vertex 33.9841 47.9848 4
      vertex 33.9841 47.9848 0
    endloop
  endfacet
  facet normal -0.659406 0.751787 0
    outer loop
      vertex 35.9917 47.4469 0
      vertex 35.8737 47.3434 4
      vertex 35.9917 47.4469 4
    endloop
  endfacet
  facet normal -0.659406 0.751787 0
    outer loop
      vertex 35.8737 47.3434 4
      vertex 35.9917 47.4469 0
      vertex 35.8737 47.3434 0
    endloop
  endfacet
  facet normal -0.659406 -0.751787 0
    outer loop
      vertex -18.1492 32.984 0
      vertex -18.0312 32.8805 4
      vertex -18.1492 32.984 4
    endloop
  endfacet
  facet normal -0.659406 -0.751787 -0
    outer loop
      vertex -18.0312 32.8805 4
      vertex -18.1492 32.984 0
      vertex -18.0312 32.8805 0
    endloop
  endfacet
  facet normal 0.831658 -0.555288 0
    outer loop
      vertex -19.919 32.6319 4
      vertex -19.8318 32.7625 0
      vertex -19.8318 32.7625 4
    endloop
  endfacet
  facet normal 0.831658 -0.555288 0
    outer loop
      vertex -19.8318 32.7625 0
      vertex -19.919 32.6319 4
      vertex -19.919 32.6319 0
    endloop
  endfacet
  facet normal 0.751787 -0.659406 0
    outer loop
      vertex -19.8318 32.7625 4
      vertex -19.7283 32.8805 0
      vertex -19.7283 32.8805 4
    endloop
  endfacet
  facet normal 0.751787 -0.659406 0
    outer loop
      vertex -19.7283 32.8805 0
      vertex -19.8318 32.7625 4
      vertex -19.8318 32.7625 0
    endloop
  endfacet
  facet normal 0.896836 -0.442363 0
    outer loop
      vertex -19.9884 32.4912 4
      vertex -19.919 32.6319 0
      vertex -19.919 32.6319 4
    endloop
  endfacet
  facet normal 0.896836 -0.442363 0
    outer loop
      vertex -19.919 32.6319 0
      vertex -19.9884 32.4912 4
      vertex -19.9884 32.4912 0
    endloop
  endfacet
  facet normal -0.751787 0.659406 0
    outer loop
      vertex -18.0312 31.1834 0
      vertex -17.9277 31.3014 4
      vertex -17.9277 31.3014 0
    endloop
  endfacet
  facet normal -0.751787 0.659406 0
    outer loop
      vertex -17.9277 31.3014 4
      vertex -18.0312 31.1834 0
      vertex -18.0312 31.1834 4
    endloop
  endfacet
  facet normal -0.195626 -0.980679 0
    outer loop
      vertex -18.7231 33.2217 0
      vertex -18.5692 33.191 4
      vertex -18.7231 33.2217 4
    endloop
  endfacet
  facet normal -0.195626 -0.980679 -0
    outer loop
      vertex -18.5692 33.191 4
      vertex -18.7231 33.2217 0
      vertex -18.5692 33.191 0
    endloop
  endfacet
  facet normal 0.831462 0.555582 0
    outer loop
      vertex -19.8318 31.3014 4
      vertex -19.919 31.4319 0
      vertex -19.919 31.4319 4
    endloop
  endfacet
  facet normal 0.831462 0.555582 0
    outer loop
      vertex -19.919 31.4319 0
      vertex -19.8318 31.3014 4
      vertex -19.8318 31.3014 0
    endloop
  endfacet
  facet normal 0.997847 -0.0655892 0
    outer loop
      vertex -20.0798 32.0319 4
      vertex -20.0695 32.1886 0
      vertex -20.0695 32.1886 4
    endloop
  endfacet
  facet normal 0.997847 -0.0655892 0
    outer loop
      vertex -20.0695 32.1886 0
      vertex -20.0798 32.0319 4
      vertex -20.0798 32.0319 0
    endloop
  endfacet
  facet normal -0.0655892 0.997847 0
    outer loop
      vertex -18.7231 30.8422 0
      vertex -18.8798 30.8319 4
      vertex -18.7231 30.8422 4
    endloop
  endfacet
  facet normal -0.0655892 0.997847 0
    outer loop
      vertex -18.8798 30.8319 4
      vertex -18.7231 30.8422 0
      vertex -18.8798 30.8319 0
    endloop
  endfacet
  facet normal -0.195013 0.980801 0
    outer loop
      vertex -18.5692 30.8728 0
      vertex -18.7231 30.8422 4
      vertex -18.5692 30.8728 4
    endloop
  endfacet
  facet normal -0.195013 0.980801 0
    outer loop
      vertex -18.7231 30.8422 4
      vertex -18.5692 30.8728 0
      vertex -18.7231 30.8422 0
    endloop
  endfacet
  facet normal 0.659406 0.751787 -0
    outer loop
      vertex -19.6103 31.0799 0
      vertex -19.7283 31.1834 4
      vertex -19.6103 31.0799 4
    endloop
  endfacet
  facet normal 0.659406 0.751787 0
    outer loop
      vertex -19.7283 31.1834 4
      vertex -19.6103 31.0799 0
      vertex -19.7283 31.1834 0
    endloop
  endfacet
  facet normal -0.831658 -0.555288 0
    outer loop
      vertex -17.8405 32.6319 0
      vertex -17.9277 32.7625 4
      vertex -17.9277 32.7625 0
    endloop
  endfacet
  facet normal -0.831658 -0.555288 0
    outer loop
      vertex -17.9277 32.7625 4
      vertex -17.8405 32.6319 0
      vertex -17.8405 32.6319 4
    endloop
  endfacet
  facet normal 0.946885 0.321572 0
    outer loop
      vertex -19.9884 31.5727 4
      vertex -20.0389 31.7214 0
      vertex -20.0389 31.7214 4
    endloop
  endfacet
  facet normal 0.946885 0.321572 0
    outer loop
      vertex -20.0389 31.7214 0
      vertex -19.9884 31.5727 4
      vertex -19.9884 31.5727 0
    endloop
  endfacet
  facet normal 0.321001 -0.947079 0
    outer loop
      vertex -19.339 33.1406 0
      vertex -19.1903 33.191 4
      vertex -19.339 33.1406 4
    endloop
  endfacet
  facet normal 0.321001 -0.947079 0
    outer loop
      vertex -19.1903 33.191 4
      vertex -19.339 33.1406 0
      vertex -19.1903 33.191 0
    endloop
  endfacet
  facet normal 0.980801 -0.195013 0
    outer loop
      vertex -20.0695 32.1886 4
      vertex -20.0389 32.3425 0
      vertex -20.0389 32.3425 4
    endloop
  endfacet
  facet normal 0.980801 -0.195013 0
    outer loop
      vertex -20.0389 32.3425 0
      vertex -20.0695 32.1886 4
      vertex -20.0695 32.1886 0
    endloop
  endfacet
  facet normal 0.946885 -0.321572 0
    outer loop
      vertex -20.0389 32.3425 4
      vertex -19.9884 32.4912 0
      vertex -19.9884 32.4912 4
    endloop
  endfacet
  facet normal 0.946885 -0.321572 0
    outer loop
      vertex -19.9884 32.4912 0
      vertex -20.0389 32.3425 4
      vertex -20.0389 32.3425 0
    endloop
  endfacet
  facet normal 0.751787 0.659406 0
    outer loop
      vertex -19.7283 31.1834 4
      vertex -19.8318 31.3014 0
      vertex -19.8318 31.3014 4
    endloop
  endfacet
  facet normal 0.751787 0.659406 0
    outer loop
      vertex -19.8318 31.3014 0
      vertex -19.7283 31.1834 4
      vertex -19.7283 31.1834 0
    endloop
  endfacet
  facet normal -0.980801 0.195013 0
    outer loop
      vertex -17.7206 31.7214 0
      vertex -17.69 31.8753 4
      vertex -17.69 31.8753 0
    endloop
  endfacet
  facet normal -0.980801 0.195013 0
    outer loop
      vertex -17.69 31.8753 4
      vertex -17.7206 31.7214 0
      vertex -17.7206 31.7214 4
    endloop
  endfacet
  facet normal -0.659406 0.751787 0
    outer loop
      vertex -18.0312 31.1834 0
      vertex -18.1492 31.0799 4
      vertex -18.0312 31.1834 4
    endloop
  endfacet
  facet normal -0.659406 0.751787 0
    outer loop
      vertex -18.1492 31.0799 4
      vertex -18.0312 31.1834 0
      vertex -18.1492 31.0799 0
    endloop
  endfacet
  facet normal 0.321572 0.946885 -0
    outer loop
      vertex -19.1903 30.8728 0
      vertex -19.339 30.9233 4
      vertex -19.1903 30.8728 4
    endloop
  endfacet
  facet normal 0.321572 0.946885 0
    outer loop
      vertex -19.339 30.9233 4
      vertex -19.1903 30.8728 0
      vertex -19.339 30.9233 0
    endloop
  endfacet
  facet normal -0.997886 0.0649964 0
    outer loop
      vertex -17.69 31.8753 0
      vertex -17.6798 32.0319 4
      vertex -17.6798 32.0319 0
    endloop
  endfacet
  facet normal -0.997886 0.0649964 0
    outer loop
      vertex -17.6798 32.0319 4
      vertex -17.69 31.8753 0
      vertex -17.69 31.8753 4
    endloop
  endfacet
  facet normal 0.0649964 -0.997886 0
    outer loop
      vertex -19.0364 33.2217 0
      vertex -18.8798 33.2319 4
      vertex -19.0364 33.2217 4
    endloop
  endfacet
  facet normal 0.0649964 -0.997886 0
    outer loop
      vertex -18.8798 33.2319 4
      vertex -19.0364 33.2217 0
      vertex -18.8798 33.2319 0
    endloop
  endfacet
  facet normal -0.997888 -0.0649551 0
    outer loop
      vertex -17.6798 32.0319 0
      vertex -17.69 32.1886 4
      vertex -17.69 32.1886 0
    endloop
  endfacet
  facet normal -0.997888 -0.0649551 0
    outer loop
      vertex -17.69 32.1886 4
      vertex -17.6798 32.0319 0
      vertex -17.6798 32.0319 4
    endloop
  endfacet
  facet normal -0.0649551 -0.997888 0
    outer loop
      vertex -18.8798 33.2319 0
      vertex -18.7231 33.2217 4
      vertex -18.8798 33.2319 4
    endloop
  endfacet
  facet normal -0.0649551 -0.997888 -0
    outer loop
      vertex -18.7231 33.2217 4
      vertex -18.8798 33.2319 0
      vertex -18.7231 33.2217 0
    endloop
  endfacet
  facet normal -0.442363 0.896836 0
    outer loop
      vertex -18.2798 30.9927 0
      vertex -18.4205 30.9233 4
      vertex -18.2798 30.9927 4
    endloop
  endfacet
  facet normal -0.442363 0.896836 0
    outer loop
      vertex -18.4205 30.9233 4
      vertex -18.2798 30.9927 0
      vertex -18.4205 30.9233 0
    endloop
  endfacet
  facet normal 0.44211 -0.896961 0
    outer loop
      vertex -19.4798 33.0712 0
      vertex -19.339 33.1406 4
      vertex -19.4798 33.0712 4
    endloop
  endfacet
  facet normal 0.44211 -0.896961 0
    outer loop
      vertex -19.339 33.1406 4
      vertex -19.4798 33.0712 0
      vertex -19.339 33.1406 0
    endloop
  endfacet
  facet normal 0.896961 0.44211 0
    outer loop
      vertex -19.919 31.4319 4
      vertex -19.9884 31.5727 0
      vertex -19.9884 31.5727 4
    endloop
  endfacet
  facet normal 0.896961 0.44211 0
    outer loop
      vertex -19.9884 31.5727 0
      vertex -19.919 31.4319 4
      vertex -19.919 31.4319 0
    endloop
  endfacet
  facet normal 0.195626 -0.980679 0
    outer loop
      vertex -19.1903 33.191 0
      vertex -19.0364 33.2217 4
      vertex -19.1903 33.191 4
    endloop
  endfacet
  facet normal 0.195626 -0.980679 0
    outer loop
      vertex -19.0364 33.2217 4
      vertex -19.1903 33.191 0
      vertex -19.0364 33.2217 0
    endloop
  endfacet
  facet normal 0.980801 0.195013 0
    outer loop
      vertex -20.0389 31.7214 4
      vertex -20.0695 31.8753 0
      vertex -20.0695 31.8753 4
    endloop
  endfacet
  facet normal 0.980801 0.195013 0
    outer loop
      vertex -20.0695 31.8753 0
      vertex -20.0389 31.7214 4
      vertex -20.0389 31.7214 0
    endloop
  endfacet
  facet normal 0.195013 0.980801 -0
    outer loop
      vertex -19.0364 30.8422 0
      vertex -19.1903 30.8728 4
      vertex -19.0364 30.8422 4
    endloop
  endfacet
  facet normal 0.195013 0.980801 0
    outer loop
      vertex -19.1903 30.8728 4
      vertex -19.0364 30.8422 0
      vertex -19.1903 30.8728 0
    endloop
  endfacet
  facet normal 0.997844 0.0656309 0
    outer loop
      vertex -20.0695 31.8753 4
      vertex -20.0798 32.0319 0
      vertex -20.0798 32.0319 4
    endloop
  endfacet
  facet normal 0.997844 0.0656309 0
    outer loop
      vertex -20.0798 32.0319 0
      vertex -20.0695 31.8753 4
      vertex -20.0695 31.8753 0
    endloop
  endfacet
  facet normal 0.555582 0.831462 -0
    outer loop
      vertex -19.4798 30.9927 0
      vertex -19.6103 31.0799 4
      vertex -19.4798 30.9927 4
    endloop
  endfacet
  facet normal 0.555582 0.831462 0
    outer loop
      vertex -19.6103 31.0799 4
      vertex -19.4798 30.9927 0
      vertex -19.6103 31.0799 0
    endloop
  endfacet
  facet normal 0.44211 0.896961 -0
    outer loop
      vertex -19.339 30.9233 0
      vertex -19.4798 30.9927 4
      vertex -19.339 30.9233 4
    endloop
  endfacet
  facet normal 0.44211 0.896961 0
    outer loop
      vertex -19.4798 30.9927 4
      vertex -19.339 30.9233 0
      vertex -19.4798 30.9927 0
    endloop
  endfacet
  facet normal -0.321001 -0.947079 0
    outer loop
      vertex -18.5692 33.191 0
      vertex -18.4205 33.1406 4
      vertex -18.5692 33.191 4
    endloop
  endfacet
  facet normal -0.321001 -0.947079 -0
    outer loop
      vertex -18.4205 33.1406 4
      vertex -18.5692 33.191 0
      vertex -18.4205 33.1406 0
    endloop
  endfacet
  facet normal -0.946885 0.321572 0
    outer loop
      vertex -17.7711 31.5727 0
      vertex -17.7206 31.7214 4
      vertex -17.7206 31.7214 0
    endloop
  endfacet
  facet normal -0.946885 0.321572 0
    outer loop
      vertex -17.7206 31.7214 4
      vertex -17.7711 31.5727 0
      vertex -17.7711 31.5727 4
    endloop
  endfacet
  facet normal -0.751787 -0.659406 0
    outer loop
      vertex -17.9277 32.7625 0
      vertex -18.0312 32.8805 4
      vertex -18.0312 32.8805 0
    endloop
  endfacet
  facet normal -0.751787 -0.659406 0
    outer loop
      vertex -18.0312 32.8805 4
      vertex -17.9277 32.7625 0
      vertex -17.9277 32.7625 4
    endloop
  endfacet
  facet normal -0.321572 0.946885 0
    outer loop
      vertex -18.4205 30.9233 0
      vertex -18.5692 30.8728 4
      vertex -18.4205 30.9233 4
    endloop
  endfacet
  facet normal -0.321572 0.946885 0
    outer loop
      vertex -18.5692 30.8728 4
      vertex -18.4205 30.9233 0
      vertex -18.5692 30.8728 0
    endloop
  endfacet
  facet normal 0.0656309 0.997844 -0
    outer loop
      vertex -18.8798 30.8319 0
      vertex -19.0364 30.8422 4
      vertex -18.8798 30.8319 4
    endloop
  endfacet
  facet normal 0.0656309 0.997844 0
    outer loop
      vertex -19.0364 30.8422 4
      vertex -18.8798 30.8319 0
      vertex -19.0364 30.8422 0
    endloop
  endfacet
  facet normal 0.555582 -0.831462 0
    outer loop
      vertex -19.6103 32.984 0
      vertex -19.4798 33.0712 4
      vertex -19.6103 32.984 4
    endloop
  endfacet
  facet normal 0.555582 -0.831462 0
    outer loop
      vertex -19.4798 33.0712 4
      vertex -19.6103 32.984 0
      vertex -19.4798 33.0712 0
    endloop
  endfacet
  facet normal 0.659406 -0.751787 0
    outer loop
      vertex -19.7283 32.8805 0
      vertex -19.6103 32.984 4
      vertex -19.7283 32.8805 4
    endloop
  endfacet
  facet normal 0.659406 -0.751787 0
    outer loop
      vertex -19.6103 32.984 4
      vertex -19.7283 32.8805 0
      vertex -19.6103 32.984 0
    endloop
  endfacet
  facet normal -0.980801 -0.195013 0
    outer loop
      vertex -17.69 32.1886 0
      vertex -17.7206 32.3425 4
      vertex -17.7206 32.3425 0
    endloop
  endfacet
  facet normal -0.980801 -0.195013 0
    outer loop
      vertex -17.7206 32.3425 4
      vertex -17.69 32.1886 0
      vertex -17.69 32.1886 4
    endloop
  endfacet
  facet normal -0.555288 -0.831658 0
    outer loop
      vertex -18.2798 33.0712 0
      vertex -18.1492 32.984 4
      vertex -18.2798 33.0712 4
    endloop
  endfacet
  facet normal -0.555288 -0.831658 -0
    outer loop
      vertex -18.1492 32.984 4
      vertex -18.2798 33.0712 0
      vertex -18.1492 32.984 0
    endloop
  endfacet
  facet normal -0.555288 0.831658 0
    outer loop
      vertex -18.1492 31.0799 0
      vertex -18.2798 30.9927 4
      vertex -18.1492 31.0799 4
    endloop
  endfacet
  facet normal -0.555288 0.831658 0
    outer loop
      vertex -18.2798 30.9927 4
      vertex -18.1492 31.0799 0
      vertex -18.2798 30.9927 0
    endloop
  endfacet
  facet normal -0.946885 -0.321572 0
    outer loop
      vertex -17.7206 32.3425 0
      vertex -17.7711 32.4912 4
      vertex -17.7711 32.4912 0
    endloop
  endfacet
  facet normal -0.946885 -0.321572 0
    outer loop
      vertex -17.7711 32.4912 4
      vertex -17.7206 32.3425 0
      vertex -17.7206 32.3425 4
    endloop
  endfacet
  facet normal -0.442363 -0.896836 0
    outer loop
      vertex -18.4205 33.1406 0
      vertex -18.2798 33.0712 4
      vertex -18.4205 33.1406 4
    endloop
  endfacet
  facet normal -0.442363 -0.896836 -0
    outer loop
      vertex -18.2798 33.0712 4
      vertex -18.4205 33.1406 0
      vertex -18.2798 33.0712 0
    endloop
  endfacet
  facet normal -0.896836 -0.442363 0
    outer loop
      vertex -17.7711 32.4912 0
      vertex -17.8405 32.6319 4
      vertex -17.8405 32.6319 0
    endloop
  endfacet
  facet normal -0.896836 -0.442363 0
    outer loop
      vertex -17.8405 32.6319 4
      vertex -17.7711 32.4912 0
      vertex -17.7711 32.4912 4
    endloop
  endfacet
  facet normal -0.896961 0.44211 0
    outer loop
      vertex -17.8405 31.4319 0
      vertex -17.7711 31.5727 4
      vertex -17.7711 31.5727 0
    endloop
  endfacet
  facet normal -0.896961 0.44211 0
    outer loop
      vertex -17.7711 31.5727 4
      vertex -17.8405 31.4319 0
      vertex -17.8405 31.4319 4
    endloop
  endfacet
  facet normal -0.831462 0.555582 0
    outer loop
      vertex -17.9277 31.3014 0
      vertex -17.8405 31.4319 4
      vertex -17.8405 31.4319 0
    endloop
  endfacet
  facet normal -0.831462 0.555582 0
    outer loop
      vertex -17.8405 31.4319 4
      vertex -17.9277 31.3014 0
      vertex -17.9277 31.3014 4
    endloop
  endfacet
  facet normal 0.831462 -0.555582 0
    outer loop
      vertex -33.0712 19.4798 4
      vertex -32.984 19.6103 0
      vertex -32.984 19.6103 4
    endloop
  endfacet
  facet normal 0.831462 -0.555582 0
    outer loop
      vertex -32.984 19.6103 0
      vertex -33.0712 19.4798 4
      vertex -33.0712 19.4798 0
    endloop
  endfacet
  facet normal 0.751787 -0.659406 0
    outer loop
      vertex -32.984 19.6103 4
      vertex -32.8805 19.7283 0
      vertex -32.8805 19.7283 4
    endloop
  endfacet
  facet normal 0.751787 -0.659406 0
    outer loop
      vertex -32.8805 19.7283 0
      vertex -32.984 19.6103 4
      vertex -32.984 19.6103 0
    endloop
  endfacet
  facet normal 0.896961 -0.44211 0
    outer loop
      vertex -33.1406 19.339 4
      vertex -33.0712 19.4798 0
      vertex -33.0712 19.4798 4
    endloop
  endfacet
  facet normal 0.896961 -0.44211 0
    outer loop
      vertex -33.0712 19.4798 0
      vertex -33.1406 19.339 4
      vertex -33.1406 19.339 0
    endloop
  endfacet
  facet normal 0.980679 -0.195626 0
    outer loop
      vertex -33.2217 19.0364 4
      vertex -33.191 19.1903 0
      vertex -33.191 19.1903 4
    endloop
  endfacet
  facet normal 0.980679 -0.195626 0
    outer loop
      vertex -33.191 19.1903 0
      vertex -33.2217 19.0364 4
      vertex -33.2217 19.0364 0
    endloop
  endfacet
  facet normal -0.896836 0.442363 0
    outer loop
      vertex -30.9927 18.2798 0
      vertex -30.9233 18.4205 4
      vertex -30.9233 18.4205 0
    endloop
  endfacet
  facet normal -0.896836 0.442363 0
    outer loop
      vertex -30.9233 18.4205 4
      vertex -30.9927 18.2798 0
      vertex -30.9927 18.2798 4
    endloop
  endfacet
  facet normal 0.321572 -0.946885 0
    outer loop
      vertex -32.4912 19.9884 0
      vertex -32.3425 20.0389 4
      vertex -32.4912 19.9884 4
    endloop
  endfacet
  facet normal 0.321572 -0.946885 0
    outer loop
      vertex -32.3425 20.0389 4
      vertex -32.4912 19.9884 0
      vertex -32.3425 20.0389 0
    endloop
  endfacet
  facet normal -0.44211 -0.896961 0
    outer loop
      vertex -31.5727 19.9884 0
      vertex -31.4319 19.919 4
      vertex -31.5727 19.9884 4
    endloop
  endfacet
  facet normal -0.44211 -0.896961 -0
    outer loop
      vertex -31.4319 19.919 4
      vertex -31.5727 19.9884 0
      vertex -31.4319 19.919 0
    endloop
  endfacet
  facet normal 0.947079 -0.321001 0
    outer loop
      vertex -33.191 19.1903 4
      vertex -33.1406 19.339 0
      vertex -33.1406 19.339 4
    endloop
  endfacet
  facet normal 0.947079 -0.321001 0
    outer loop
      vertex -33.1406 19.339 0
      vertex -33.191 19.1903 4
      vertex -33.191 19.1903 0
    endloop
  endfacet
  facet normal -0.321572 -0.946885 0
    outer loop
      vertex -31.7214 20.0389 0
      vertex -31.5727 19.9884 4
      vertex -31.7214 20.0389 4
    endloop
  endfacet
  facet normal -0.321572 -0.946885 -0
    outer loop
      vertex -31.5727 19.9884 4
      vertex -31.7214 20.0389 0
      vertex -31.5727 19.9884 0
    endloop
  endfacet
  facet normal 0.997886 -0.0649964 0
    outer loop
      vertex -33.2319 18.8798 4
      vertex -33.2217 19.0364 0
      vertex -33.2217 19.0364 4
    endloop
  endfacet
  facet normal 0.997886 -0.0649964 0
    outer loop
      vertex -33.2217 19.0364 0
      vertex -33.2319 18.8798 4
      vertex -33.2319 18.8798 0
    endloop
  endfacet
  facet normal -0.0656309 -0.997844 0
    outer loop
      vertex -32.0319 20.0798 0
      vertex -31.8753 20.0695 4
      vertex -32.0319 20.0798 4
    endloop
  endfacet
  facet normal -0.0656309 -0.997844 -0
    outer loop
      vertex -31.8753 20.0695 4
      vertex -32.0319 20.0798 0
      vertex -31.8753 20.0695 0
    endloop
  endfacet
  facet normal 0.0649551 0.997888 -0
    outer loop
      vertex -32.0319 17.6798 0
      vertex -32.1886 17.69 4
      vertex -32.0319 17.6798 4
    endloop
  endfacet
  facet normal 0.0649551 0.997888 0
    outer loop
      vertex -32.1886 17.69 4
      vertex -32.0319 17.6798 0
      vertex -32.1886 17.69 0
    endloop
  endfacet
  facet normal 0.321572 0.946885 -0
    outer loop
      vertex -32.3425 17.7206 0
      vertex -32.4912 17.7711 4
      vertex -32.3425 17.7206 4
    endloop
  endfacet
  facet normal 0.321572 0.946885 0
    outer loop
      vertex -32.4912 17.7711 4
      vertex -32.3425 17.7206 0
      vertex -32.4912 17.7711 0
    endloop
  endfacet
  facet normal 0.195013 -0.980801 0
    outer loop
      vertex -32.3425 20.0389 0
      vertex -32.1886 20.0695 4
      vertex -32.3425 20.0389 4
    endloop
  endfacet
  facet normal 0.195013 -0.980801 0
    outer loop
      vertex -32.1886 20.0695 4
      vertex -32.3425 20.0389 0
      vertex -32.1886 20.0695 0
    endloop
  endfacet
  facet normal -0.946885 -0.321572 0
    outer loop
      vertex -30.8728 19.1903 0
      vertex -30.9233 19.339 4
      vertex -30.9233 19.339 0
    endloop
  endfacet
  facet normal -0.946885 -0.321572 0
    outer loop
      vertex -30.9233 19.339 4
      vertex -30.8728 19.1903 0
      vertex -30.8728 19.1903 4
    endloop
  endfacet
  facet normal -0.555582 0.831462 0
    outer loop
      vertex -31.3014 17.9277 0
      vertex -31.4319 17.8405 4
      vertex -31.3014 17.9277 4
    endloop
  endfacet
  facet normal -0.555582 0.831462 0
    outer loop
      vertex -31.4319 17.8405 4
      vertex -31.3014 17.9277 0
      vertex -31.4319 17.8405 0
    endloop
  endfacet
  facet normal 0.896836 0.442363 0
    outer loop
      vertex -33.0712 18.2798 4
      vertex -33.1406 18.4205 0
      vertex -33.1406 18.4205 4
    endloop
  endfacet
  facet normal 0.896836 0.442363 0
    outer loop
      vertex -33.1406 18.4205 0
      vertex -33.0712 18.2798 4
      vertex -33.0712 18.2798 0
    endloop
  endfacet
  facet normal -0.980801 -0.195013 0
    outer loop
      vertex -30.8422 19.0364 0
      vertex -30.8728 19.1903 4
      vertex -30.8728 19.1903 0
    endloop
  endfacet
  facet normal -0.980801 -0.195013 0
    outer loop
      vertex -30.8728 19.1903 4
      vertex -30.8422 19.0364 0
      vertex -30.8422 19.0364 4
    endloop
  endfacet
  facet normal 0.751787 0.659406 0
    outer loop
      vertex -32.8805 18.0312 4
      vertex -32.984 18.1492 0
      vertex -32.984 18.1492 4
    endloop
  endfacet
  facet normal 0.751787 0.659406 0
    outer loop
      vertex -32.984 18.1492 0
      vertex -32.8805 18.0312 4
      vertex -32.8805 18.0312 0
    endloop
  endfacet
  facet normal 0.947079 0.321001 0
    outer loop
      vertex -33.1406 18.4205 4
      vertex -33.191 18.5692 0
      vertex -33.191 18.5692 4
    endloop
  endfacet
  facet normal 0.947079 0.321001 0
    outer loop
      vertex -33.191 18.5692 0
      vertex -33.1406 18.4205 4
      vertex -33.1406 18.4205 0
    endloop
  endfacet
  facet normal 0.442363 -0.896836 0
    outer loop
      vertex -32.6319 19.919 0
      vertex -32.4912 19.9884 4
      vertex -32.6319 19.919 4
    endloop
  endfacet
  facet normal 0.442363 -0.896836 0
    outer loop
      vertex -32.4912 19.9884 4
      vertex -32.6319 19.919 0
      vertex -32.4912 19.9884 0
    endloop
  endfacet
  facet normal 0.659406 -0.751787 0
    outer loop
      vertex -32.8805 19.7283 0
      vertex -32.7625 19.8318 4
      vertex -32.8805 19.7283 4
    endloop
  endfacet
  facet normal 0.659406 -0.751787 0
    outer loop
      vertex -32.7625 19.8318 4
      vertex -32.8805 19.7283 0
      vertex -32.7625 19.8318 0
    endloop
  endfacet
  facet normal -0.980801 0.195013 0
    outer loop
      vertex -30.8728 18.5692 0
      vertex -30.8422 18.7231 4
      vertex -30.8422 18.7231 0
    endloop
  endfacet
  facet normal -0.980801 0.195013 0
    outer loop
      vertex -30.8422 18.7231 4
      vertex -30.8728 18.5692 0
      vertex -30.8728 18.5692 4
    endloop
  endfacet
  facet normal 0.997888 0.0649551 0
    outer loop
      vertex -33.2217 18.7231 4
      vertex -33.2319 18.8798 0
      vertex -33.2319 18.8798 4
    endloop
  endfacet
  facet normal 0.997888 0.0649551 0
    outer loop
      vertex -33.2319 18.8798 0
      vertex -33.2217 18.7231 4
      vertex -33.2217 18.7231 0
    endloop
  endfacet
  facet normal -0.0649964 0.997886 0
    outer loop
      vertex -31.8753 17.69 0
      vertex -32.0319 17.6798 4
      vertex -31.8753 17.69 4
    endloop
  endfacet
  facet normal -0.0649964 0.997886 0
    outer loop
      vertex -32.0319 17.6798 4
      vertex -31.8753 17.69 0
      vertex -32.0319 17.6798 0
    endloop
  endfacet
  facet normal -0.831658 0.555288 0
    outer loop
      vertex -31.0799 18.1492 0
      vertex -30.9927 18.2798 4
      vertex -30.9927 18.2798 0
    endloop
  endfacet
  facet normal -0.831658 0.555288 0
    outer loop
      vertex -30.9927 18.2798 4
      vertex -31.0799 18.1492 0
      vertex -31.0799 18.1492 4
    endloop
  endfacet
  facet normal 0.0655892 -0.997847 0
    outer loop
      vertex -32.1886 20.0695 0
      vertex -32.0319 20.0798 4
      vertex -32.1886 20.0695 4
    endloop
  endfacet
  facet normal 0.0655892 -0.997847 0
    outer loop
      vertex -32.0319 20.0798 4
      vertex -32.1886 20.0695 0
      vertex -32.0319 20.0798 0
    endloop
  endfacet
  facet normal -0.555582 -0.831462 0
    outer loop
      vertex -31.4319 19.919 0
      vertex -31.3014 19.8318 4
      vertex -31.4319 19.919 4
    endloop
  endfacet
  facet normal -0.555582 -0.831462 -0
    outer loop
      vertex -31.3014 19.8318 4
      vertex -31.4319 19.919 0
      vertex -31.3014 19.8318 0
    endloop
  endfacet
  facet normal -0.659406 -0.751787 0
    outer loop
      vertex -31.3014 19.8318 0
      vertex -31.1834 19.7283 4
      vertex -31.3014 19.8318 4
    endloop
  endfacet
  facet normal -0.659406 -0.751787 -0
    outer loop
      vertex -31.1834 19.7283 4
      vertex -31.3014 19.8318 0
      vertex -31.1834 19.7283 0
    endloop
  endfacet
  facet normal -0.659406 0.751787 0
    outer loop
      vertex -31.1834 18.0312 0
      vertex -31.3014 17.9277 4
      vertex -31.1834 18.0312 4
    endloop
  endfacet
  facet normal -0.659406 0.751787 0
    outer loop
      vertex -31.3014 17.9277 4
      vertex -31.1834 18.0312 0
      vertex -31.3014 17.9277 0
    endloop
  endfacet
  facet normal 0.659406 0.751787 -0
    outer loop
      vertex -32.7625 17.9277 0
      vertex -32.8805 18.0312 4
      vertex -32.7625 17.9277 4
    endloop
  endfacet
  facet normal 0.659406 0.751787 0
    outer loop
      vertex -32.8805 18.0312 4
      vertex -32.7625 17.9277 0
      vertex -32.8805 18.0312 0
    endloop
  endfacet
  facet normal -0.946885 0.321572 0
    outer loop
      vertex -30.9233 18.4205 0
      vertex -30.8728 18.5692 4
      vertex -30.8728 18.5692 0
    endloop
  endfacet
  facet normal -0.946885 0.321572 0
    outer loop
      vertex -30.8728 18.5692 4
      vertex -30.9233 18.4205 0
      vertex -30.9233 18.4205 4
    endloop
  endfacet
  facet normal 0.442363 0.896836 -0
    outer loop
      vertex -32.4912 17.7711 0
      vertex -32.6319 17.8405 4
      vertex -32.4912 17.7711 4
    endloop
  endfacet
  facet normal 0.442363 0.896836 0
    outer loop
      vertex -32.6319 17.8405 4
      vertex -32.4912 17.7711 0
      vertex -32.6319 17.8405 0
    endloop
  endfacet
  facet normal -0.44211 0.896961 0
    outer loop
      vertex -31.4319 17.8405 0
      vertex -31.5727 17.7711 4
      vertex -31.4319 17.8405 4
    endloop
  endfacet
  facet normal -0.44211 0.896961 0
    outer loop
      vertex -31.5727 17.7711 4
      vertex -31.4319 17.8405 0
      vertex -31.5727 17.7711 0
    endloop
  endfacet
  facet normal -0.751787 0.659406 0
    outer loop
      vertex -31.1834 18.0312 0
      vertex -31.0799 18.1492 4
      vertex -31.0799 18.1492 0
    endloop
  endfacet
  facet normal -0.751787 0.659406 0
    outer loop
      vertex -31.0799 18.1492 4
      vertex -31.1834 18.0312 0
      vertex -31.1834 18.0312 4
    endloop
  endfacet
  facet normal 0.555288 -0.831658 0
    outer loop
      vertex -32.7625 19.8318 0
      vertex -32.6319 19.919 4
      vertex -32.7625 19.8318 4
    endloop
  endfacet
  facet normal 0.555288 -0.831658 0
    outer loop
      vertex -32.6319 19.919 4
      vertex -32.7625 19.8318 0
      vertex -32.6319 19.919 0
    endloop
  endfacet
  facet normal -0.997844 -0.0656309 0
    outer loop
      vertex -30.8319 18.8798 0
      vertex -30.8422 19.0364 4
      vertex -30.8422 19.0364 0
    endloop
  endfacet
  facet normal -0.997844 -0.0656309 0
    outer loop
      vertex -30.8422 19.0364 4
      vertex -30.8319 18.8798 0
      vertex -30.8319 18.8798 4
    endloop
  endfacet
  facet normal 0.980679 0.195626 0
    outer loop
      vertex -33.191 18.5692 4
      vertex -33.2217 18.7231 0
      vertex -33.2217 18.7231 4
    endloop
  endfacet
  facet normal 0.980679 0.195626 0
    outer loop
      vertex -33.2217 18.7231 0
      vertex -33.191 18.5692 4
      vertex -33.191 18.5692 0
    endloop
  endfacet
  facet normal 0.555288 0.831658 -0
    outer loop
      vertex -32.6319 17.8405 0
      vertex -32.7625 17.9277 4
      vertex -32.6319 17.8405 4
    endloop
  endfacet
  facet normal 0.555288 0.831658 0
    outer loop
      vertex -32.7625 17.9277 4
      vertex -32.6319 17.8405 0
      vertex -32.7625 17.9277 0
    endloop
  endfacet
  facet normal -0.831462 -0.555582 0
    outer loop
      vertex -30.9927 19.4798 0
      vertex -31.0799 19.6103 4
      vertex -31.0799 19.6103 0
    endloop
  endfacet
  facet normal -0.831462 -0.555582 0
    outer loop
      vertex -31.0799 19.6103 4
      vertex -30.9927 19.4798 0
      vertex -30.9927 19.4798 4
    endloop
  endfacet
  facet normal -0.896961 -0.44211 0
    outer loop
      vertex -30.9233 19.339 0
      vertex -30.9927 19.4798 4
      vertex -30.9927 19.4798 0
    endloop
  endfacet
  facet normal -0.896961 -0.44211 0
    outer loop
      vertex -30.9927 19.4798 4
      vertex -30.9233 19.339 0
      vertex -30.9233 19.339 4
    endloop
  endfacet
  facet normal 0.195013 0.980801 -0
    outer loop
      vertex -32.1886 17.69 0
      vertex -32.3425 17.7206 4
      vertex -32.1886 17.69 4
    endloop
  endfacet
  facet normal 0.195013 0.980801 0
    outer loop
      vertex -32.3425 17.7206 4
      vertex -32.1886 17.69 0
      vertex -32.3425 17.7206 0
    endloop
  endfacet
  facet normal 0.831658 0.555288 0
    outer loop
      vertex -32.984 18.1492 4
      vertex -33.0712 18.2798 0
      vertex -33.0712 18.2798 4
    endloop
  endfacet
  facet normal 0.831658 0.555288 0
    outer loop
      vertex -33.0712 18.2798 0
      vertex -32.984 18.1492 4
      vertex -32.984 18.1492 0
    endloop
  endfacet
  facet normal -0.997847 0.0655892 0
    outer loop
      vertex -30.8422 18.7231 0
      vertex -30.8319 18.8798 4
      vertex -30.8319 18.8798 0
    endloop
  endfacet
  facet normal -0.997847 0.0655892 0
    outer loop
      vertex -30.8319 18.8798 4
      vertex -30.8422 18.7231 0
      vertex -30.8422 18.7231 4
    endloop
  endfacet
  facet normal -0.195013 -0.980801 0
    outer loop
      vertex -31.8753 20.0695 0
      vertex -31.7214 20.0389 4
      vertex -31.8753 20.0695 4
    endloop
  endfacet
  facet normal -0.195013 -0.980801 -0
    outer loop
      vertex -31.7214 20.0389 4
      vertex -31.8753 20.0695 0
      vertex -31.7214 20.0389 0
    endloop
  endfacet
  facet normal -0.321572 0.946885 0
    outer loop
      vertex -31.5727 17.7711 0
      vertex -31.7214 17.7206 4
      vertex -31.5727 17.7711 4
    endloop
  endfacet
  facet normal -0.321572 0.946885 0
    outer loop
      vertex -31.7214 17.7206 4
      vertex -31.5727 17.7711 0
      vertex -31.7214 17.7206 0
    endloop
  endfacet
  facet normal -0.195013 0.980801 0
    outer loop
      vertex -31.7214 17.7206 0
      vertex -31.8753 17.69 4
      vertex -31.7214 17.7206 4
    endloop
  endfacet
  facet normal -0.195013 0.980801 0
    outer loop
      vertex -31.8753 17.69 4
      vertex -31.7214 17.7206 0
      vertex -31.8753 17.69 0
    endloop
  endfacet
  facet normal -0.751787 -0.659406 0
    outer loop
      vertex -31.0799 19.6103 0
      vertex -31.1834 19.7283 4
      vertex -31.1834 19.7283 0
    endloop
  endfacet
  facet normal -0.751787 -0.659406 0
    outer loop
      vertex -31.1834 19.7283 4
      vertex -31.0799 19.6103 0
      vertex -31.0799 19.6103 4
    endloop
  endfacet
  facet normal 0.831462 -0.555582 0
    outer loop
      vertex -36.1824 48.8954 4
      vertex -36.0952 49.0259 0
      vertex -36.0952 49.0259 4
    endloop
  endfacet
  facet normal 0.831462 -0.555582 0
    outer loop
      vertex -36.0952 49.0259 0
      vertex -36.1824 48.8954 4
      vertex -36.1824 48.8954 0
    endloop
  endfacet
  facet normal 0.751787 -0.659406 0
    outer loop
      vertex -36.0952 49.0259 4
      vertex -35.9917 49.1439 0
      vertex -35.9917 49.1439 4
    endloop
  endfacet
  facet normal 0.751787 -0.659406 0
    outer loop
      vertex -35.9917 49.1439 0
      vertex -36.0952 49.0259 4
      vertex -36.0952 49.0259 0
    endloop
  endfacet
  facet normal 0.896708 -0.442622 0
    outer loop
      vertex -36.2519 48.7546 4
      vertex -36.1824 48.8954 0
      vertex -36.1824 48.8954 4
    endloop
  endfacet
  facet normal 0.896708 -0.442622 0
    outer loop
      vertex -36.1824 48.8954 0
      vertex -36.2519 48.7546 4
      vertex -36.2519 48.7546 0
    endloop
  endfacet
  facet normal -0.751787 0.659406 0
    outer loop
      vertex -34.2947 47.4469 0
      vertex -34.1912 47.5649 4
      vertex -34.1912 47.5649 0
    endloop
  endfacet
  facet normal -0.751787 0.659406 0
    outer loop
      vertex -34.1912 47.5649 4
      vertex -34.2947 47.4469 0
      vertex -34.2947 47.4469 4
    endloop
  endfacet
  facet normal -0.194557 -0.980891 0
    outer loop
      vertex -34.9866 49.4851 0
      vertex -34.9019 49.4683 4
      vertex -34.9866 49.4851 4
    endloop
  endfacet
  facet normal -0.194557 -0.980891 -0
    outer loop
      vertex -34.9019 49.4683 4
      vertex -34.9866 49.4851 0
      vertex -34.9019 49.4683 0
    endloop
  endfacet
  facet normal 0.831462 0.555582 0
    outer loop
      vertex -36.0952 47.5649 4
      vertex -36.1824 47.6954 0
      vertex -36.1824 47.6954 4
    endloop
  endfacet
  facet normal 0.831462 0.555582 0
    outer loop
      vertex -36.1824 47.6954 0
      vertex -36.0952 47.5649 4
      vertex -36.0952 47.5649 0
    endloop
  endfacet
  facet normal 0.997844 -0.0656309 0
    outer loop
      vertex -36.3432 48.2954 4
      vertex -36.3329 48.452 0
      vertex -36.3329 48.452 4
    endloop
  endfacet
  facet normal 0.997844 -0.0656309 0
    outer loop
      vertex -36.3329 48.452 0
      vertex -36.3432 48.2954 4
      vertex -36.3432 48.2954 0
    endloop
  endfacet
  facet normal -0.0656309 0.997844 0
    outer loop
      vertex -34.9866 47.1057 0
      vertex -35.1432 47.0954 4
      vertex -34.9866 47.1057 4
    endloop
  endfacet
  facet normal -0.0656309 0.997844 0
    outer loop
      vertex -35.1432 47.0954 4
      vertex -34.9866 47.1057 0
      vertex -35.1432 47.0954 0
    endloop
  endfacet
  facet normal -0.194891 0.980825 0
    outer loop
      vertex -34.8326 47.1363 0
      vertex -34.9866 47.1057 4
      vertex -34.8326 47.1363 4
    endloop
  endfacet
  facet normal -0.194891 0.980825 0
    outer loop
      vertex -34.9866 47.1057 4
      vertex -34.8326 47.1363 0
      vertex -34.9866 47.1057 0
    endloop
  endfacet
  facet normal 0.659406 0.751787 -0
    outer loop
      vertex -35.8737 47.3434 0
      vertex -35.9917 47.4469 4
      vertex -35.8737 47.3434 4
    endloop
  endfacet
  facet normal 0.659406 0.751787 0
    outer loop
      vertex -35.9917 47.4469 4
      vertex -35.8737 47.3434 0
      vertex -35.9917 47.4469 0
    endloop
  endfacet
  facet normal 0.947013 0.321194 0
    outer loop
      vertex -36.2519 47.8362 4
      vertex -36.3023 47.9848 0
      vertex -36.3023 47.9848 4
    endloop
  endfacet
  facet normal 0.947013 0.321194 0
    outer loop
      vertex -36.3023 47.9848 0
      vertex -36.2519 47.8362 4
      vertex -36.2519 47.8362 0
    endloop
  endfacet
  facet normal 0.321766 -0.946819 0
    outer loop
      vertex -35.6024 49.404 0
      vertex -35.4538 49.4545 4
      vertex -35.6024 49.404 4
    endloop
  endfacet
  facet normal 0.321766 -0.946819 0
    outer loop
      vertex -35.4538 49.4545 4
      vertex -35.6024 49.404 0
      vertex -35.4538 49.4545 0
    endloop
  endfacet
  facet normal 0.980825 -0.194891 0
    outer loop
      vertex -36.3329 48.452 4
      vertex -36.3023 48.606 0
      vertex -36.3023 48.606 4
    endloop
  endfacet
  facet normal 0.980825 -0.194891 0
    outer loop
      vertex -36.3023 48.606 0
      vertex -36.3329 48.452 4
      vertex -36.3329 48.452 0
    endloop
  endfacet
  facet normal 0.947013 -0.321194 0
    outer loop
      vertex -36.3023 48.606 4
      vertex -36.2519 48.7546 0
      vertex -36.2519 48.7546 4
    endloop
  endfacet
  facet normal 0.947013 -0.321194 0
    outer loop
      vertex -36.2519 48.7546 0
      vertex -36.3023 48.606 4
      vertex -36.3023 48.606 0
    endloop
  endfacet
  facet normal 0.751787 0.659406 0
    outer loop
      vertex -35.9917 47.4469 4
      vertex -36.0952 47.5649 0
      vertex -36.0952 47.5649 4
    endloop
  endfacet
  facet normal 0.751787 0.659406 0
    outer loop
      vertex -36.0952 47.5649 0
      vertex -35.9917 47.4469 4
      vertex -35.9917 47.4469 0
    endloop
  endfacet
  facet normal -0.980825 0.194891 0
    outer loop
      vertex -33.9841 47.9848 0
      vertex -33.9535 48.1388 4
      vertex -33.9535 48.1388 0
    endloop
  endfacet
  facet normal -0.980825 0.194891 0
    outer loop
      vertex -33.9535 48.1388 4
      vertex -33.9841 47.9848 0
      vertex -33.9841 47.9848 4
    endloop
  endfacet
  facet normal -0.659406 0.751787 0
    outer loop
      vertex -34.2947 47.4469 0
      vertex -34.4127 47.3434 4
      vertex -34.2947 47.4469 4
    endloop
  endfacet
  facet normal -0.659406 0.751787 0
    outer loop
      vertex -34.4127 47.3434 4
      vertex -34.2947 47.4469 0
      vertex -34.4127 47.3434 0
    endloop
  endfacet
  facet normal 0.321194 0.947013 -0
    outer loop
      vertex -35.4538 47.1363 0
      vertex -35.6024 47.1867 4
      vertex -35.4538 47.1363 4
    endloop
  endfacet
  facet normal 0.321194 0.947013 0
    outer loop
      vertex -35.6024 47.1867 4
      vertex -35.4538 47.1363 0
      vertex -35.6024 47.1867 0
    endloop
  endfacet
  facet normal -0.997844 0.0656309 0
    outer loop
      vertex -33.9535 48.1388 0
      vertex -33.9432 48.2954 4
      vertex -33.9432 48.2954 0
    endloop
  endfacet
  facet normal -0.997844 0.0656309 0
    outer loop
      vertex -33.9432 48.2954 4
      vertex -33.9535 48.1388 0
      vertex -33.9535 48.1388 4
    endloop
  endfacet
  facet normal 0.0656309 -0.997844 0
    outer loop
      vertex -35.2998 49.4851 0
      vertex -35.1432 49.4954 4
      vertex -35.2998 49.4851 4
    endloop
  endfacet
  facet normal 0.0656309 -0.997844 0
    outer loop
      vertex -35.1432 49.4954 4
      vertex -35.2998 49.4851 0
      vertex -35.1432 49.4954 0
    endloop
  endfacet
  facet normal -0.997844 -0.0656309 0
    outer loop
      vertex -33.9432 48.2954 0
      vertex -33.9535 48.452 4
      vertex -33.9535 48.452 0
    endloop
  endfacet
  facet normal -0.997844 -0.0656309 0
    outer loop
      vertex -33.9535 48.452 4
      vertex -33.9432 48.2954 0
      vertex -33.9432 48.2954 4
    endloop
  endfacet
  facet normal -0.0656309 -0.997844 0
    outer loop
      vertex -35.1432 49.4954 0
      vertex -34.9866 49.4851 4
      vertex -35.1432 49.4954 4
    endloop
  endfacet
  facet normal -0.0656309 -0.997844 -0
    outer loop
      vertex -34.9866 49.4851 4
      vertex -35.1432 49.4954 0
      vertex -34.9866 49.4851 0
    endloop
  endfacet
  facet normal -0.442622 0.896708 0
    outer loop
      vertex -34.5432 47.2562 0
      vertex -34.684 47.1867 4
      vertex -34.5432 47.2562 4
    endloop
  endfacet
  facet normal -0.442622 0.896708 0
    outer loop
      vertex -34.684 47.1867 4
      vertex -34.5432 47.2562 0
      vertex -34.684 47.1867 0
    endloop
  endfacet
  facet normal 0.44211 -0.896961 0
    outer loop
      vertex -35.7432 49.3346 0
      vertex -35.6024 49.404 4
      vertex -35.7432 49.3346 4
    endloop
  endfacet
  facet normal 0.44211 -0.896961 0
    outer loop
      vertex -35.6024 49.404 4
      vertex -35.7432 49.3346 0
      vertex -35.6024 49.404 0
    endloop
  endfacet
  facet normal 0.896708 0.442622 0
    outer loop
      vertex -36.1824 47.6954 4
      vertex -36.2519 47.8362 0
      vertex -36.2519 47.8362 4
    endloop
  endfacet
  facet normal 0.896708 0.442622 0
    outer loop
      vertex -36.2519 47.8362 0
      vertex -36.1824 47.6954 4
      vertex -36.1824 47.6954 0
    endloop
  endfacet
  facet normal 0.194891 -0.980825 0
    outer loop
      vertex -35.4538 49.4545 0
      vertex -35.2998 49.4851 4
      vertex -35.4538 49.4545 4
    endloop
  endfacet
  facet normal 0.194891 -0.980825 0
    outer loop
      vertex -35.2998 49.4851 4
      vertex -35.4538 49.4545 0
      vertex -35.2998 49.4851 0
    endloop
  endfacet
  facet normal 0.980825 0.194891 0
    outer loop
      vertex -36.3023 47.9848 4
      vertex -36.3329 48.1388 0
      vertex -36.3329 48.1388 4
    endloop
  endfacet
  facet normal 0.980825 0.194891 0
    outer loop
      vertex -36.3329 48.1388 0
      vertex -36.3023 47.9848 4
      vertex -36.3023 47.9848 0
    endloop
  endfacet
  facet normal 0.194891 0.980825 -0
    outer loop
      vertex -35.2998 47.1057 0
      vertex -35.4538 47.1363 4
      vertex -35.2998 47.1057 4
    endloop
  endfacet
  facet normal 0.194891 0.980825 0
    outer loop
      vertex -35.4538 47.1363 4
      vertex -35.2998 47.1057 0
      vertex -35.4538 47.1363 0
    endloop
  endfacet
  facet normal 0.997844 0.0656309 0
    outer loop
      vertex -36.3329 48.1388 4
      vertex -36.3432 48.2954 0
      vertex -36.3432 48.2954 4
    endloop
  endfacet
  facet normal 0.997844 0.0656309 0
    outer loop
      vertex -36.3432 48.2954 0
      vertex -36.3329 48.1388 4
      vertex -36.3329 48.1388 0
    endloop
  endfacet
  facet normal 0.555582 0.831462 -0
    outer loop
      vertex -35.7432 47.2562 0
      vertex -35.8737 47.3434 4
      vertex -35.7432 47.2562 4
    endloop
  endfacet
  facet normal 0.555582 0.831462 0
    outer loop
      vertex -35.8737 47.3434 4
      vertex -35.7432 47.2562 0
      vertex -35.8737 47.3434 0
    endloop
  endfacet
  facet normal 0.442622 0.896708 -0
    outer loop
      vertex -35.6024 47.1867 0
      vertex -35.7432 47.2562 4
      vertex -35.6024 47.1867 4
    endloop
  endfacet
  facet normal 0.442622 0.896708 0
    outer loop
      vertex -35.7432 47.2562 4
      vertex -35.6024 47.1867 0
      vertex -35.7432 47.2562 0
    endloop
  endfacet
  facet normal -0.946819 0.321766 0
    outer loop
      vertex -34.0346 47.8362 0
      vertex -33.9841 47.9848 4
      vertex -33.9841 47.9848 0
    endloop
  endfacet
  facet normal -0.946819 0.321766 0
    outer loop
      vertex -33.9841 47.9848 4
      vertex -34.0346 47.8362 0
      vertex -34.0346 47.8362 4
    endloop
  endfacet
  facet normal -0.321194 0.947013 0
    outer loop
      vertex -34.684 47.1867 0
      vertex -34.8326 47.1363 4
      vertex -34.684 47.1867 4
    endloop
  endfacet
  facet normal -0.321194 0.947013 0
    outer loop
      vertex -34.8326 47.1363 4
      vertex -34.684 47.1867 0
      vertex -34.8326 47.1363 0
    endloop
  endfacet
  facet normal 0.0656309 0.997844 -0
    outer loop
      vertex -35.1432 47.0954 0
      vertex -35.2998 47.1057 4
      vertex -35.1432 47.0954 4
    endloop
  endfacet
  facet normal 0.0656309 0.997844 0
    outer loop
      vertex -35.2998 47.1057 4
      vertex -35.1432 47.0954 0
      vertex -35.2998 47.1057 0
    endloop
  endfacet
  facet normal 0.555582 -0.831462 0
    outer loop
      vertex -35.8737 49.2474 0
      vertex -35.7432 49.3346 4
      vertex -35.8737 49.2474 4
    endloop
  endfacet
  facet normal 0.555582 -0.831462 0
    outer loop
      vertex -35.7432 49.3346 4
      vertex -35.8737 49.2474 0
      vertex -35.7432 49.3346 0
    endloop
  endfacet
  facet normal 0.659406 -0.751787 0
    outer loop
      vertex -35.9917 49.1439 0
      vertex -35.8737 49.2474 4
      vertex -35.9917 49.1439 4
    endloop
  endfacet
  facet normal 0.659406 -0.751787 0
    outer loop
      vertex -35.8737 49.2474 4
      vertex -35.9917 49.1439 0
      vertex -35.8737 49.2474 0
    endloop
  endfacet
  facet normal -0.980891 -0.194557 0
    outer loop
      vertex -33.9535 48.452 0
      vertex -33.9703 48.5367 4
      vertex -33.9703 48.5367 0
    endloop
  endfacet
  facet normal -0.980891 -0.194557 0
    outer loop
      vertex -33.9703 48.5367 4
      vertex -33.9535 48.452 0
      vertex -33.9535 48.452 4
    endloop
  endfacet
  facet normal -0.555582 0.831462 0
    outer loop
      vertex -34.4127 47.3434 0
      vertex -34.5432 47.2562 4
      vertex -34.4127 47.3434 4
    endloop
  endfacet
  facet normal -0.555582 0.831462 0
    outer loop
      vertex -34.5432 47.2562 4
      vertex -34.4127 47.3434 0
      vertex -34.5432 47.2562 0
    endloop
  endfacet
  facet normal -0.896961 0.44211 0
    outer loop
      vertex -34.104 47.6954 0
      vertex -34.0346 47.8362 4
      vertex -34.0346 47.8362 0
    endloop
  endfacet
  facet normal -0.896961 0.44211 0
    outer loop
      vertex -34.0346 47.8362 4
      vertex -34.104 47.6954 0
      vertex -34.104 47.6954 4
    endloop
  endfacet
  facet normal -0.831462 0.555582 0
    outer loop
      vertex -34.1912 47.5649 0
      vertex -34.104 47.6954 4
      vertex -34.104 47.6954 0
    endloop
  endfacet
  facet normal -0.831462 0.555582 0
    outer loop
      vertex -34.104 47.6954 4
      vertex -34.1912 47.5649 0
      vertex -34.1912 47.5649 4
    endloop
  endfacet
  facet normal 0.831462 -0.555582 0
    outer loop
      vertex -49.3346 35.7432 4
      vertex -49.2474 35.8737 0
      vertex -49.2474 35.8737 4
    endloop
  endfacet
  facet normal 0.831462 -0.555582 0
    outer loop
      vertex -49.2474 35.8737 0
      vertex -49.3346 35.7432 4
      vertex -49.3346 35.7432 0
    endloop
  endfacet
  facet normal 0.751787 -0.659406 0
    outer loop
      vertex -49.2474 35.8737 4
      vertex -49.1439 35.9917 0
      vertex -49.1439 35.9917 4
    endloop
  endfacet
  facet normal 0.751787 -0.659406 0
    outer loop
      vertex -49.1439 35.9917 0
      vertex -49.2474 35.8737 4
      vertex -49.2474 35.8737 0
    endloop
  endfacet
  facet normal 0.896961 -0.44211 0
    outer loop
      vertex -49.404 35.6024 4
      vertex -49.3346 35.7432 0
      vertex -49.3346 35.7432 4
    endloop
  endfacet
  facet normal 0.896961 -0.44211 0
    outer loop
      vertex -49.3346 35.7432 0
      vertex -49.404 35.6024 4
      vertex -49.404 35.6024 0
    endloop
  endfacet
  facet normal 0.321194 -0.947013 0
    outer loop
      vertex -48.7546 36.2519 0
      vertex -48.606 36.3023 4
      vertex -48.7546 36.2519 4
    endloop
  endfacet
  facet normal 0.321194 -0.947013 0
    outer loop
      vertex -48.606 36.3023 4
      vertex -48.7546 36.2519 0
      vertex -48.606 36.3023 0
    endloop
  endfacet
  facet normal -0.442622 -0.896708 0
    outer loop
      vertex -47.8362 36.2519 0
      vertex -47.6954 36.1824 4
      vertex -47.8362 36.2519 4
    endloop
  endfacet
  facet normal -0.442622 -0.896708 -0
    outer loop
      vertex -47.6954 36.1824 4
      vertex -47.8362 36.2519 0
      vertex -47.6954 36.1824 0
    endloop
  endfacet
  facet normal 0.946819 -0.321766 0
    outer loop
      vertex -49.4545 35.4538 4
      vertex -49.404 35.6024 0
      vertex -49.404 35.6024 4
    endloop
  endfacet
  facet normal 0.946819 -0.321766 0
    outer loop
      vertex -49.404 35.6024 0
      vertex -49.4545 35.4538 4
      vertex -49.4545 35.4538 0
    endloop
  endfacet
  facet normal -0.321194 -0.947013 0
    outer loop
      vertex -47.9848 36.3023 0
      vertex -47.8362 36.2519 4
      vertex -47.9848 36.3023 4
    endloop
  endfacet
  facet normal -0.321194 -0.947013 -0
    outer loop
      vertex -47.8362 36.2519 4
      vertex -47.9848 36.3023 0
      vertex -47.8362 36.2519 0
    endloop
  endfacet
  facet normal 0.997844 -0.0656309 0
    outer loop
      vertex -49.4954 35.1432 4
      vertex -49.4851 35.2998 0
      vertex -49.4851 35.2998 4
    endloop
  endfacet
  facet normal 0.997844 -0.0656309 0
    outer loop
      vertex -49.4851 35.2998 0
      vertex -49.4954 35.1432 4
      vertex -49.4954 35.1432 0
    endloop
  endfacet
  facet normal -0.0656309 -0.997844 0
    outer loop
      vertex -48.2954 36.3432 0
      vertex -48.1388 36.3329 4
      vertex -48.2954 36.3432 4
    endloop
  endfacet
  facet normal -0.0656309 -0.997844 -0
    outer loop
      vertex -48.1388 36.3329 4
      vertex -48.2954 36.3432 0
      vertex -48.1388 36.3329 0
    endloop
  endfacet
  facet normal 0.0656309 0.997844 -0
    outer loop
      vertex -48.2954 33.9432 0
      vertex -48.452 33.9535 4
      vertex -48.2954 33.9432 4
    endloop
  endfacet
  facet normal 0.0656309 0.997844 0
    outer loop
      vertex -48.452 33.9535 4
      vertex -48.2954 33.9432 0
      vertex -48.452 33.9535 0
    endloop
  endfacet
  facet normal 0.194891 -0.980825 0
    outer loop
      vertex -48.606 36.3023 0
      vertex -48.452 36.3329 4
      vertex -48.606 36.3023 4
    endloop
  endfacet
  facet normal 0.194891 -0.980825 0
    outer loop
      vertex -48.452 36.3329 4
      vertex -48.606 36.3023 0
      vertex -48.452 36.3329 0
    endloop
  endfacet
  facet normal -0.555582 0.831462 0
    outer loop
      vertex -47.5649 34.1912 0
      vertex -47.6954 34.104 4
      vertex -47.5649 34.1912 4
    endloop
  endfacet
  facet normal -0.555582 0.831462 0
    outer loop
      vertex -47.6954 34.104 4
      vertex -47.5649 34.1912 0
      vertex -47.6954 34.104 0
    endloop
  endfacet
  facet normal -0.980825 -0.194891 0
    outer loop
      vertex -47.1057 35.2998 0
      vertex -47.1363 35.4538 4
      vertex -47.1363 35.4538 0
    endloop
  endfacet
  facet normal -0.980825 -0.194891 0
    outer loop
      vertex -47.1363 35.4538 4
      vertex -47.1057 35.2998 0
      vertex -47.1057 35.2998 4
    endloop
  endfacet
  facet normal 0.442622 -0.896708 0
    outer loop
      vertex -48.8954 36.1824 0
      vertex -48.7546 36.2519 4
      vertex -48.8954 36.1824 4
    endloop
  endfacet
  facet normal 0.442622 -0.896708 0
    outer loop
      vertex -48.7546 36.2519 4
      vertex -48.8954 36.1824 0
      vertex -48.7546 36.2519 0
    endloop
  endfacet
  facet normal 0.659406 -0.751787 0
    outer loop
      vertex -49.1439 35.9917 0
      vertex -49.0259 36.0952 4
      vertex -49.1439 35.9917 4
    endloop
  endfacet
  facet normal 0.659406 -0.751787 0
    outer loop
      vertex -49.0259 36.0952 4
      vertex -49.1439 35.9917 0
      vertex -49.0259 36.0952 0
    endloop
  endfacet
  facet normal -0.980825 0.194891 0
    outer loop
      vertex -47.1363 34.8326 0
      vertex -47.1057 34.9866 4
      vertex -47.1057 34.9866 0
    endloop
  endfacet
  facet normal -0.980825 0.194891 0
    outer loop
      vertex -47.1057 34.9866 4
      vertex -47.1363 34.8326 0
      vertex -47.1363 34.8326 4
    endloop
  endfacet
  facet normal 0.997844 0.0656309 0
    outer loop
      vertex -49.4851 34.9866 4
      vertex -49.4954 35.1432 0
      vertex -49.4954 35.1432 4
    endloop
  endfacet
  facet normal 0.997844 0.0656309 0
    outer loop
      vertex -49.4954 35.1432 0
      vertex -49.4851 34.9866 4
      vertex -49.4851 34.9866 0
    endloop
  endfacet
  facet normal -0.0656309 0.997844 0
    outer loop
      vertex -48.1388 33.9535 0
      vertex -48.2954 33.9432 4
      vertex -48.1388 33.9535 4
    endloop
  endfacet
  facet normal -0.0656309 0.997844 0
    outer loop
      vertex -48.2954 33.9432 4
      vertex -48.1388 33.9535 0
      vertex -48.2954 33.9432 0
    endloop
  endfacet
  facet normal 0.980825 -0.194891 0
    outer loop
      vertex -49.4851 35.2998 4
      vertex -49.4545 35.4538 0
      vertex -49.4545 35.4538 4
    endloop
  endfacet
  facet normal 0.980825 -0.194891 0
    outer loop
      vertex -49.4545 35.4538 0
      vertex -49.4851 35.2998 4
      vertex -49.4851 35.2998 0
    endloop
  endfacet
  facet normal -0.831462 0.555582 0
    outer loop
      vertex -47.3434 34.4127 0
      vertex -47.2562 34.5432 4
      vertex -47.2562 34.5432 0
    endloop
  endfacet
  facet normal -0.831462 0.555582 0
    outer loop
      vertex -47.2562 34.5432 4
      vertex -47.3434 34.4127 0
      vertex -47.3434 34.4127 4
    endloop
  endfacet
  facet normal 0.0656309 -0.997844 0
    outer loop
      vertex -48.452 36.3329 0
      vertex -48.2954 36.3432 4
      vertex -48.452 36.3329 4
    endloop
  endfacet
  facet normal 0.0656309 -0.997844 0
    outer loop
      vertex -48.2954 36.3432 4
      vertex -48.452 36.3329 0
      vertex -48.2954 36.3432 0
    endloop
  endfacet
  facet normal -0.555582 -0.831462 0
    outer loop
      vertex -47.6954 36.1824 0
      vertex -47.5649 36.0952 4
      vertex -47.6954 36.1824 4
    endloop
  endfacet
  facet normal -0.555582 -0.831462 -0
    outer loop
      vertex -47.5649 36.0952 4
      vertex -47.6954 36.1824 0
      vertex -47.5649 36.0952 0
    endloop
  endfacet
  facet normal -0.659406 -0.751787 0
    outer loop
      vertex -47.5649 36.0952 0
      vertex -47.4469 35.9917 4
      vertex -47.5649 36.0952 4
    endloop
  endfacet
  facet normal -0.659406 -0.751787 -0
    outer loop
      vertex -47.4469 35.9917 4
      vertex -47.5649 36.0952 0
      vertex -47.4469 35.9917 0
    endloop
  endfacet
  facet normal -0.659406 0.751787 0
    outer loop
      vertex -47.4469 34.2947 0
      vertex -47.5649 34.1912 4
      vertex -47.4469 34.2947 4
    endloop
  endfacet
  facet normal -0.659406 0.751787 0
    outer loop
      vertex -47.5649 34.1912 4
      vertex -47.4469 34.2947 0
      vertex -47.5649 34.1912 0
    endloop
  endfacet
  facet normal -0.947013 0.321194 0
    outer loop
      vertex -47.1867 34.684 0
      vertex -47.1363 34.8326 4
      vertex -47.1363 34.8326 0
    endloop
  endfacet
  facet normal -0.947013 0.321194 0
    outer loop
      vertex -47.1363 34.8326 4
      vertex -47.1867 34.684 0
      vertex -47.1867 34.684 4
    endloop
  endfacet
  facet normal -0.896708 -0.442622 0
    outer loop
      vertex -47.1867 35.6024 0
      vertex -47.2562 35.7432 4
      vertex -47.2562 35.7432 0
    endloop
  endfacet
  facet normal -0.896708 -0.442622 0
    outer loop
      vertex -47.2562 35.7432 4
      vertex -47.1867 35.6024 0
      vertex -47.1867 35.6024 4
    endloop
  endfacet
  facet normal -0.947013 -0.321194 0
    outer loop
      vertex -47.1363 35.4538 0
      vertex -47.1867 35.6024 4
      vertex -47.1867 35.6024 0
    endloop
  endfacet
  facet normal -0.947013 -0.321194 0
    outer loop
      vertex -47.1867 35.6024 4
      vertex -47.1363 35.4538 0
      vertex -47.1363 35.4538 4
    endloop
  endfacet
  facet normal -0.44211 0.896961 0
    outer loop
      vertex -47.6954 34.104 0
      vertex -47.8362 34.0346 4
      vertex -47.6954 34.104 4
    endloop
  endfacet
  facet normal -0.44211 0.896961 0
    outer loop
      vertex -47.8362 34.0346 4
      vertex -47.6954 34.104 0
      vertex -47.8362 34.0346 0
    endloop
  endfacet
  facet normal -0.751787 0.659406 0
    outer loop
      vertex -47.4469 34.2947 0
      vertex -47.3434 34.4127 4
      vertex -47.3434 34.4127 0
    endloop
  endfacet
  facet normal -0.751787 0.659406 0
    outer loop
      vertex -47.3434 34.4127 4
      vertex -47.4469 34.2947 0
      vertex -47.4469 34.2947 4
    endloop
  endfacet
  facet normal 0.555582 -0.831462 0
    outer loop
      vertex -49.0259 36.0952 0
      vertex -48.8954 36.1824 4
      vertex -49.0259 36.0952 4
    endloop
  endfacet
  facet normal 0.555582 -0.831462 0
    outer loop
      vertex -48.8954 36.1824 4
      vertex -49.0259 36.0952 0
      vertex -48.8954 36.1824 0
    endloop
  endfacet
  facet normal -0.997844 -0.0656309 0
    outer loop
      vertex -47.0954 35.1432 0
      vertex -47.1057 35.2998 4
      vertex -47.1057 35.2998 0
    endloop
  endfacet
  facet normal -0.997844 -0.0656309 0
    outer loop
      vertex -47.1057 35.2998 4
      vertex -47.0954 35.1432 0
      vertex -47.0954 35.1432 4
    endloop
  endfacet
  facet normal 0.980891 0.194557 0
    outer loop
      vertex -49.4683 34.9019 4
      vertex -49.4851 34.9866 0
      vertex -49.4851 34.9866 4
    endloop
  endfacet
  facet normal 0.980891 0.194557 0
    outer loop
      vertex -49.4851 34.9866 0
      vertex -49.4683 34.9019 4
      vertex -49.4683 34.9019 0
    endloop
  endfacet
  facet normal -0.831462 -0.555582 0
    outer loop
      vertex -47.2562 35.7432 0
      vertex -47.3434 35.8737 4
      vertex -47.3434 35.8737 0
    endloop
  endfacet
  facet normal -0.831462 -0.555582 0
    outer loop
      vertex -47.3434 35.8737 4
      vertex -47.2562 35.7432 0
      vertex -47.2562 35.7432 4
    endloop
  endfacet
  facet normal -0.896708 0.442622 0
    outer loop
      vertex -47.2562 34.5432 0
      vertex -47.1867 34.684 4
      vertex -47.1867 34.684 0
    endloop
  endfacet
  facet normal -0.896708 0.442622 0
    outer loop
      vertex -47.1867 34.684 4
      vertex -47.2562 34.5432 0
      vertex -47.2562 34.5432 4
    endloop
  endfacet
  facet normal 0.194557 0.980891 -0
    outer loop
      vertex -48.452 33.9535 0
      vertex -48.5367 33.9703 4
      vertex -48.452 33.9535 4
    endloop
  endfacet
  facet normal 0.194557 0.980891 0
    outer loop
      vertex -48.5367 33.9703 4
      vertex -48.452 33.9535 0
      vertex -48.5367 33.9703 0
    endloop
  endfacet
  facet normal -0.997844 0.0656309 0
    outer loop
      vertex -47.1057 34.9866 0
      vertex -47.0954 35.1432 4
      vertex -47.0954 35.1432 0
    endloop
  endfacet
  facet normal -0.997844 0.0656309 0
    outer loop
      vertex -47.0954 35.1432 4
      vertex -47.1057 34.9866 0
      vertex -47.1057 34.9866 4
    endloop
  endfacet
  facet normal -0.194891 -0.980825 0
    outer loop
      vertex -48.1388 36.3329 0
      vertex -47.9848 36.3023 4
      vertex -48.1388 36.3329 4
    endloop
  endfacet
  facet normal -0.194891 -0.980825 -0
    outer loop
      vertex -47.9848 36.3023 4
      vertex -48.1388 36.3329 0
      vertex -47.9848 36.3023 0
    endloop
  endfacet
  facet normal -0.321766 0.946819 0
    outer loop
      vertex -47.8362 34.0346 0
      vertex -47.9848 33.9841 4
      vertex -47.8362 34.0346 4
    endloop
  endfacet
  facet normal -0.321766 0.946819 0
    outer loop
      vertex -47.9848 33.9841 4
      vertex -47.8362 34.0346 0
      vertex -47.9848 33.9841 0
    endloop
  endfacet
  facet normal -0.194891 0.980825 0
    outer loop
      vertex -47.9848 33.9841 0
      vertex -48.1388 33.9535 4
      vertex -47.9848 33.9841 4
    endloop
  endfacet
  facet normal -0.194891 0.980825 0
    outer loop
      vertex -48.1388 33.9535 4
      vertex -47.9848 33.9841 0
      vertex -48.1388 33.9535 0
    endloop
  endfacet
  facet normal -0.751787 -0.659406 0
    outer loop
      vertex -47.3434 35.8737 0
      vertex -47.4469 35.9917 4
      vertex -47.4469 35.9917 0
    endloop
  endfacet
  facet normal -0.751787 -0.659406 0
    outer loop
      vertex -47.4469 35.9917 4
      vertex -47.3434 35.8737 0
      vertex -47.3434 35.8737 4
    endloop
  endfacet
  facet normal 0.751787 -0.659406 0
    outer loop
      vertex -32.984 -18.1492 4
      vertex -32.8805 -18.0312 0
      vertex -32.8805 -18.0312 4
    endloop
  endfacet
  facet normal 0.751787 -0.659406 0
    outer loop
      vertex -32.8805 -18.0312 0
      vertex -32.984 -18.1492 4
      vertex -32.984 -18.1492 0
    endloop
  endfacet
  facet normal 0.555288 0.831658 -0
    outer loop
      vertex -32.6319 -19.919 0
      vertex -32.7625 -19.8318 4
      vertex -32.6319 -19.919 4
    endloop
  endfacet
  facet normal 0.555288 0.831658 0
    outer loop
      vertex -32.7625 -19.8318 4
      vertex -32.6319 -19.919 0
      vertex -32.7625 -19.8318 0
    endloop
  endfacet
  facet normal 0.659406 0.751787 -0
    outer loop
      vertex -32.7625 -19.8318 0
      vertex -32.8805 -19.7283 4
      vertex -32.7625 -19.8318 4
    endloop
  endfacet
  facet normal 0.659406 0.751787 0
    outer loop
      vertex -32.8805 -19.7283 4
      vertex -32.7625 -19.8318 0
      vertex -32.8805 -19.7283 0
    endloop
  endfacet
  facet normal 0.442363 0.896836 -0
    outer loop
      vertex -32.4912 -19.9884 0
      vertex -32.6319 -19.919 4
      vertex -32.4912 -19.9884 4
    endloop
  endfacet
  facet normal 0.442363 0.896836 0
    outer loop
      vertex -32.6319 -19.919 4
      vertex -32.4912 -19.9884 0
      vertex -32.6319 -19.919 0
    endloop
  endfacet
  facet normal -0.659406 -0.751787 0
    outer loop
      vertex -31.3014 -17.9277 0
      vertex -31.1834 -18.0312 4
      vertex -31.3014 -17.9277 4
    endloop
  endfacet
  facet normal -0.659406 -0.751787 -0
    outer loop
      vertex -31.1834 -18.0312 4
      vertex -31.3014 -17.9277 0
      vertex -31.1834 -18.0312 0
    endloop
  endfacet
  facet normal 0.980679 -0.195626 0
    outer loop
      vertex -33.2217 -18.7231 4
      vertex -33.191 -18.5692 0
      vertex -33.191 -18.5692 4
    endloop
  endfacet
  facet normal 0.980679 -0.195626 0
    outer loop
      vertex -33.191 -18.5692 0
      vertex -33.2217 -18.7231 4
      vertex -33.2217 -18.7231 0
    endloop
  endfacet
  facet normal -0.555582 0.831462 0
    outer loop
      vertex -31.3014 -19.8318 0
      vertex -31.4319 -19.919 4
      vertex -31.3014 -19.8318 4
    endloop
  endfacet
  facet normal -0.555582 0.831462 0
    outer loop
      vertex -31.4319 -19.919 4
      vertex -31.3014 -19.8318 0
      vertex -31.4319 -19.919 0
    endloop
  endfacet
  facet normal 0.0655892 0.997847 -0
    outer loop
      vertex -32.0319 -20.0798 0
      vertex -32.1886 -20.0695 4
      vertex -32.0319 -20.0798 4
    endloop
  endfacet
  facet normal 0.0655892 0.997847 0
    outer loop
      vertex -32.1886 -20.0695 4
      vertex -32.0319 -20.0798 0
      vertex -32.1886 -20.0695 0
    endloop
  endfacet
  facet normal -0.997847 -0.0655892 0
    outer loop
      vertex -30.8319 -18.8798 0
      vertex -30.8422 -18.7231 4
      vertex -30.8422 -18.7231 0
    endloop
  endfacet
  facet normal -0.997847 -0.0655892 0
    outer loop
      vertex -30.8422 -18.7231 4
      vertex -30.8319 -18.8798 0
      vertex -30.8319 -18.8798 4
    endloop
  endfacet
  facet normal -0.980801 -0.195013 0
    outer loop
      vertex -30.8422 -18.7231 0
      vertex -30.8728 -18.5692 4
      vertex -30.8728 -18.5692 0
    endloop
  endfacet
  facet normal -0.980801 -0.195013 0
    outer loop
      vertex -30.8728 -18.5692 4
      vertex -30.8422 -18.7231 0
      vertex -30.8422 -18.7231 4
    endloop
  endfacet
  facet normal -0.751787 0.659406 0
    outer loop
      vertex -31.1834 -19.7283 0
      vertex -31.0799 -19.6103 4
      vertex -31.0799 -19.6103 0
    endloop
  endfacet
  facet normal -0.751787 0.659406 0
    outer loop
      vertex -31.0799 -19.6103 4
      vertex -31.1834 -19.7283 0
      vertex -31.1834 -19.7283 4
    endloop
  endfacet
  facet normal 0.555288 -0.831658 0
    outer loop
      vertex -32.7625 -17.9277 0
      vertex -32.6319 -17.8405 4
      vertex -32.7625 -17.9277 4
    endloop
  endfacet
  facet normal 0.555288 -0.831658 0
    outer loop
      vertex -32.6319 -17.8405 4
      vertex -32.7625 -17.9277 0
      vertex -32.6319 -17.8405 0
    endloop
  endfacet
  facet normal -0.321572 0.946885 0
    outer loop
      vertex -31.5727 -19.9884 0
      vertex -31.7214 -20.0389 4
      vertex -31.5727 -19.9884 4
    endloop
  endfacet
  facet normal -0.321572 0.946885 0
    outer loop
      vertex -31.7214 -20.0389 4
      vertex -31.5727 -19.9884 0
      vertex -31.7214 -20.0389 0
    endloop
  endfacet
  facet normal 0.947079 0.321001 0
    outer loop
      vertex -33.1406 -19.339 4
      vertex -33.191 -19.1903 0
      vertex -33.191 -19.1903 4
    endloop
  endfacet
  facet normal 0.947079 0.321001 0
    outer loop
      vertex -33.191 -19.1903 0
      vertex -33.1406 -19.339 4
      vertex -33.1406 -19.339 0
    endloop
  endfacet
  facet normal 0.195013 0.980801 -0
    outer loop
      vertex -32.1886 -20.0695 0
      vertex -32.3425 -20.0389 4
      vertex -32.1886 -20.0695 4
    endloop
  endfacet
  facet normal 0.195013 0.980801 0
    outer loop
      vertex -32.3425 -20.0389 4
      vertex -32.1886 -20.0695 0
      vertex -32.3425 -20.0389 0
    endloop
  endfacet
  facet normal 0.321572 0.946885 -0
    outer loop
      vertex -32.3425 -20.0389 0
      vertex -32.4912 -19.9884 4
      vertex -32.3425 -20.0389 4
    endloop
  endfacet
  facet normal 0.321572 0.946885 0
    outer loop
      vertex -32.4912 -19.9884 4
      vertex -32.3425 -20.0389 0
      vertex -32.4912 -19.9884 0
    endloop
  endfacet
  facet normal -0.659406 0.751787 0
    outer loop
      vertex -31.1834 -19.7283 0
      vertex -31.3014 -19.8318 4
      vertex -31.1834 -19.7283 4
    endloop
  endfacet
  facet normal -0.659406 0.751787 0
    outer loop
      vertex -31.3014 -19.8318 4
      vertex -31.1834 -19.7283 0
      vertex -31.3014 -19.8318 0
    endloop
  endfacet
  facet normal -0.195013 -0.980801 0
    outer loop
      vertex -31.8753 -17.69 0
      vertex -31.7214 -17.7206 4
      vertex -31.8753 -17.69 4
    endloop
  endfacet
  facet normal -0.195013 -0.980801 -0
    outer loop
      vertex -31.7214 -17.7206 4
      vertex -31.8753 -17.69 0
      vertex -31.7214 -17.7206 0
    endloop
  endfacet
  facet normal -0.751787 -0.659406 0
    outer loop
      vertex -31.0799 -18.1492 0
      vertex -31.1834 -18.0312 4
      vertex -31.1834 -18.0312 0
    endloop
  endfacet
  facet normal -0.751787 -0.659406 0
    outer loop
      vertex -31.1834 -18.0312 4
      vertex -31.0799 -18.1492 0
      vertex -31.0799 -18.1492 4
    endloop
  endfacet
  facet normal -0.946885 0.321572 0
    outer loop
      vertex -30.9233 -19.339 0
      vertex -30.8728 -19.1903 4
      vertex -30.8728 -19.1903 0
    endloop
  endfacet
  facet normal -0.946885 0.321572 0
    outer loop
      vertex -30.8728 -19.1903 4
      vertex -30.9233 -19.339 0
      vertex -30.9233 -19.339 4
    endloop
  endfacet
  facet normal -0.0649964 -0.997886 0
    outer loop
      vertex -32.0319 -17.6798 0
      vertex -31.8753 -17.69 4
      vertex -32.0319 -17.6798 4
    endloop
  endfacet
  facet normal -0.0649964 -0.997886 -0
    outer loop
      vertex -31.8753 -17.69 4
      vertex -32.0319 -17.6798 0
      vertex -31.8753 -17.69 0
    endloop
  endfacet
  facet normal 0.997886 0.0649964 0
    outer loop
      vertex -33.2217 -19.0364 4
      vertex -33.2319 -18.8798 0
      vertex -33.2319 -18.8798 4
    endloop
  endfacet
  facet normal 0.997886 0.0649964 0
    outer loop
      vertex -33.2319 -18.8798 0
      vertex -33.2217 -19.0364 4
      vertex -33.2217 -19.0364 0
    endloop
  endfacet
  facet normal 0.0649551 -0.997888 0
    outer loop
      vertex -32.1886 -17.69 0
      vertex -32.0319 -17.6798 4
      vertex -32.1886 -17.69 4
    endloop
  endfacet
  facet normal 0.0649551 -0.997888 0
    outer loop
      vertex -32.0319 -17.6798 4
      vertex -32.1886 -17.69 0
      vertex -32.0319 -17.6798 0
    endloop
  endfacet
  facet normal 0.997888 -0.0649551 0
    outer loop
      vertex -33.2319 -18.8798 4
      vertex -33.2217 -18.7231 0
      vertex -33.2217 -18.7231 4
    endloop
  endfacet
  facet normal 0.997888 -0.0649551 0
    outer loop
      vertex -33.2217 -18.7231 0
      vertex -33.2319 -18.8798 4
      vertex -33.2319 -18.8798 0
    endloop
  endfacet
  facet normal -0.896836 -0.442363 0
    outer loop
      vertex -30.9233 -18.4205 0
      vertex -30.9927 -18.2798 4
      vertex -30.9927 -18.2798 0
    endloop
  endfacet
  facet normal -0.896836 -0.442363 0
    outer loop
      vertex -30.9927 -18.2798 4
      vertex -30.9233 -18.4205 0
      vertex -30.9233 -18.4205 4
    endloop
  endfacet
  facet normal 0.896961 0.44211 0
    outer loop
      vertex -33.0712 -19.4798 4
      vertex -33.1406 -19.339 0
      vertex -33.1406 -19.339 4
    endloop
  endfacet
  facet normal 0.896961 0.44211 0
    outer loop
      vertex -33.1406 -19.339 0
      vertex -33.0712 -19.4798 4
      vertex -33.0712 -19.4798 0
    endloop
  endfacet
  facet normal -0.44211 0.896961 0
    outer loop
      vertex -31.4319 -19.919 0
      vertex -31.5727 -19.9884 4
      vertex -31.4319 -19.919 4
    endloop
  endfacet
  facet normal -0.44211 0.896961 0
    outer loop
      vertex -31.5727 -19.9884 4
      vertex -31.4319 -19.919 0
      vertex -31.5727 -19.9884 0
    endloop
  endfacet
  facet normal 0.980679 0.195626 0
    outer loop
      vertex -33.191 -19.1903 4
      vertex -33.2217 -19.0364 0
      vertex -33.2217 -19.0364 4
    endloop
  endfacet
  facet normal 0.980679 0.195626 0
    outer loop
      vertex -33.2217 -19.0364 0
      vertex -33.191 -19.1903 4
      vertex -33.191 -19.1903 0
    endloop
  endfacet
  facet normal -0.195013 0.980801 0
    outer loop
      vertex -31.7214 -20.0389 0
      vertex -31.8753 -20.0695 4
      vertex -31.7214 -20.0389 4
    endloop
  endfacet
  facet normal -0.195013 0.980801 0
    outer loop
      vertex -31.8753 -20.0695 4
      vertex -31.7214 -20.0389 0
      vertex -31.8753 -20.0695 0
    endloop
  endfacet
  facet normal -0.980801 0.195013 0
    outer loop
      vertex -30.8728 -19.1903 0
      vertex -30.8422 -19.0364 4
      vertex -30.8422 -19.0364 0
    endloop
  endfacet
  facet normal -0.980801 0.195013 0
    outer loop
      vertex -30.8422 -19.0364 4
      vertex -30.8728 -19.1903 0
      vertex -30.8728 -19.1903 4
    endloop
  endfacet
  facet normal -0.0656309 0.997844 0
    outer loop
      vertex -31.8753 -20.0695 0
      vertex -32.0319 -20.0798 4
      vertex -31.8753 -20.0695 4
    endloop
  endfacet
  facet normal -0.0656309 0.997844 0
    outer loop
      vertex -32.0319 -20.0798 4
      vertex -31.8753 -20.0695 0
      vertex -32.0319 -20.0798 0
    endloop
  endfacet
  facet normal -0.831462 0.555582 0
    outer loop
      vertex -31.0799 -19.6103 0
      vertex -30.9927 -19.4798 4
      vertex -30.9927 -19.4798 0
    endloop
  endfacet
  facet normal -0.831462 0.555582 0
    outer loop
      vertex -30.9927 -19.4798 4
      vertex -31.0799 -19.6103 0
      vertex -31.0799 -19.6103 4
    endloop
  endfacet
  facet normal -0.896961 0.44211 0
    outer loop
      vertex -30.9927 -19.4798 0
      vertex -30.9233 -19.339 4
      vertex -30.9233 -19.339 0
    endloop
  endfacet
  facet normal -0.896961 0.44211 0
    outer loop
      vertex -30.9233 -19.339 4
      vertex -30.9927 -19.4798 0
      vertex -30.9927 -19.4798 4
    endloop
  endfacet
  facet normal 0.947079 -0.321001 0
    outer loop
      vertex -33.191 -18.5692 4
      vertex -33.1406 -18.4205 0
      vertex -33.1406 -18.4205 4
    endloop
  endfacet
  facet normal 0.947079 -0.321001 0
    outer loop
      vertex -33.1406 -18.4205 0
      vertex -33.191 -18.5692 4
      vertex -33.191 -18.5692 0
    endloop
  endfacet
  facet normal -0.321572 -0.946885 0
    outer loop
      vertex -31.7214 -17.7206 0
      vertex -31.5727 -17.7711 4
      vertex -31.7214 -17.7206 4
    endloop
  endfacet
  facet normal -0.321572 -0.946885 -0
    outer loop
      vertex -31.5727 -17.7711 4
      vertex -31.7214 -17.7206 0
      vertex -31.5727 -17.7711 0
    endloop
  endfacet
  facet normal 0.659406 -0.751787 0
    outer loop
      vertex -32.8805 -18.0312 0
      vertex -32.7625 -17.9277 4
      vertex -32.8805 -18.0312 4
    endloop
  endfacet
  facet normal 0.659406 -0.751787 0
    outer loop
      vertex -32.7625 -17.9277 4
      vertex -32.8805 -18.0312 0
      vertex -32.7625 -17.9277 0
    endloop
  endfacet
  facet normal -0.946885 -0.321572 0
    outer loop
      vertex -30.8728 -18.5692 0
      vertex -30.9233 -18.4205 4
      vertex -30.9233 -18.4205 0
    endloop
  endfacet
  facet normal -0.946885 -0.321572 0
    outer loop
      vertex -30.9233 -18.4205 4
      vertex -30.8728 -18.5692 0
      vertex -30.8728 -18.5692 4
    endloop
  endfacet
  facet normal -0.997844 0.0656309 0
    outer loop
      vertex -30.8422 -19.0364 0
      vertex -30.8319 -18.8798 4
      vertex -30.8319 -18.8798 0
    endloop
  endfacet
  facet normal -0.997844 0.0656309 0
    outer loop
      vertex -30.8319 -18.8798 4
      vertex -30.8422 -19.0364 0
      vertex -30.8422 -19.0364 4
    endloop
  endfacet
  facet normal 0.831462 0.555582 0
    outer loop
      vertex -32.984 -19.6103 4
      vertex -33.0712 -19.4798 0
      vertex -33.0712 -19.4798 4
    endloop
  endfacet
  facet normal 0.831462 0.555582 0
    outer loop
      vertex -33.0712 -19.4798 0
      vertex -32.984 -19.6103 4
      vertex -32.984 -19.6103 0
    endloop
  endfacet
  facet normal 0.751787 0.659406 0
    outer loop
      vertex -32.8805 -19.7283 4
      vertex -32.984 -19.6103 0
      vertex -32.984 -19.6103 4
    endloop
  endfacet
  facet normal 0.751787 0.659406 0
    outer loop
      vertex -32.984 -19.6103 0
      vertex -32.8805 -19.7283 4
      vertex -32.8805 -19.7283 0
    endloop
  endfacet
  facet normal 0.195013 -0.980801 0
    outer loop
      vertex -32.3425 -17.7206 0
      vertex -32.1886 -17.69 4
      vertex -32.3425 -17.7206 4
    endloop
  endfacet
  facet normal 0.195013 -0.980801 0
    outer loop
      vertex -32.1886 -17.69 4
      vertex -32.3425 -17.7206 0
      vertex -32.1886 -17.69 0
    endloop
  endfacet
  facet normal 0.831658 -0.555288 0
    outer loop
      vertex -33.0712 -18.2798 4
      vertex -32.984 -18.1492 0
      vertex -32.984 -18.1492 4
    endloop
  endfacet
  facet normal 0.831658 -0.555288 0
    outer loop
      vertex -32.984 -18.1492 0
      vertex -33.0712 -18.2798 4
      vertex -33.0712 -18.2798 0
    endloop
  endfacet
  facet normal -0.831658 -0.555288 0
    outer loop
      vertex -30.9927 -18.2798 0
      vertex -31.0799 -18.1492 4
      vertex -31.0799 -18.1492 0
    endloop
  endfacet
  facet normal -0.831658 -0.555288 0
    outer loop
      vertex -31.0799 -18.1492 4
      vertex -30.9927 -18.2798 0
      vertex -30.9927 -18.2798 4
    endloop
  endfacet
  facet normal 0.321572 -0.946885 0
    outer loop
      vertex -32.4912 -17.7711 0
      vertex -32.3425 -17.7206 4
      vertex -32.4912 -17.7711 4
    endloop
  endfacet
  facet normal 0.321572 -0.946885 0
    outer loop
      vertex -32.3425 -17.7206 4
      vertex -32.4912 -17.7711 0
      vertex -32.3425 -17.7206 0
    endloop
  endfacet
  facet normal 0.896836 -0.442363 0
    outer loop
      vertex -33.1406 -18.4205 4
      vertex -33.0712 -18.2798 0
      vertex -33.0712 -18.2798 4
    endloop
  endfacet
  facet normal 0.896836 -0.442363 0
    outer loop
      vertex -33.0712 -18.2798 0
      vertex -33.1406 -18.4205 4
      vertex -33.1406 -18.4205 0
    endloop
  endfacet
  facet normal 0.442363 -0.896836 0
    outer loop
      vertex -32.6319 -17.8405 0
      vertex -32.4912 -17.7711 4
      vertex -32.6319 -17.8405 4
    endloop
  endfacet
  facet normal 0.442363 -0.896836 0
    outer loop
      vertex -32.4912 -17.7711 4
      vertex -32.6319 -17.8405 0
      vertex -32.4912 -17.7711 0
    endloop
  endfacet
  facet normal -0.44211 -0.896961 0
    outer loop
      vertex -31.5727 -17.7711 0
      vertex -31.4319 -17.8405 4
      vertex -31.5727 -17.7711 4
    endloop
  endfacet
  facet normal -0.44211 -0.896961 -0
    outer loop
      vertex -31.4319 -17.8405 4
      vertex -31.5727 -17.7711 0
      vertex -31.4319 -17.8405 0
    endloop
  endfacet
  facet normal -0.555582 -0.831462 0
    outer loop
      vertex -31.4319 -17.8405 0
      vertex -31.3014 -17.9277 4
      vertex -31.4319 -17.8405 4
    endloop
  endfacet
  facet normal -0.555582 -0.831462 -0
    outer loop
      vertex -31.3014 -17.9277 4
      vertex -31.4319 -17.8405 0
      vertex -31.3014 -17.9277 0
    endloop
  endfacet
  facet normal 0.555582 0.831462 -0
    outer loop
      vertex -19.4798 -33.0712 0
      vertex -19.6103 -32.984 4
      vertex -19.4798 -33.0712 4
    endloop
  endfacet
  facet normal 0.555582 0.831462 0
    outer loop
      vertex -19.6103 -32.984 4
      vertex -19.4798 -33.0712 0
      vertex -19.6103 -32.984 0
    endloop
  endfacet
  facet normal 0.659406 0.751787 -0
    outer loop
      vertex -19.6103 -32.984 0
      vertex -19.7283 -32.8805 4
      vertex -19.6103 -32.984 4
    endloop
  endfacet
  facet normal 0.659406 0.751787 0
    outer loop
      vertex -19.7283 -32.8805 4
      vertex -19.6103 -32.984 0
      vertex -19.7283 -32.8805 0
    endloop
  endfacet
  facet normal 0.44211 0.896961 -0
    outer loop
      vertex -19.339 -33.1406 0
      vertex -19.4798 -33.0712 4
      vertex -19.339 -33.1406 4
    endloop
  endfacet
  facet normal 0.44211 0.896961 0
    outer loop
      vertex -19.4798 -33.0712 4
      vertex -19.339 -33.1406 0
      vertex -19.4798 -33.0712 0
    endloop
  endfacet
  facet normal 0.195626 0.980679 -0
    outer loop
      vertex -19.0364 -33.2217 0
      vertex -19.1903 -33.191 4
      vertex -19.0364 -33.2217 4
    endloop
  endfacet
  facet normal 0.195626 0.980679 0
    outer loop
      vertex -19.1903 -33.191 4
      vertex -19.0364 -33.2217 0
      vertex -19.1903 -33.191 0
    endloop
  endfacet
  facet normal -0.442363 -0.896836 0
    outer loop
      vertex -18.4205 -30.9233 0
      vertex -18.2798 -30.9927 4
      vertex -18.4205 -30.9233 4
    endloop
  endfacet
  facet normal -0.442363 -0.896836 -0
    outer loop
      vertex -18.2798 -30.9927 4
      vertex -18.4205 -30.9233 0
      vertex -18.2798 -30.9927 0
    endloop
  endfacet
  facet normal 0.946885 0.321572 0
    outer loop
      vertex -19.9884 -32.4912 4
      vertex -20.0389 -32.3425 0
      vertex -20.0389 -32.3425 4
    endloop
  endfacet
  facet normal 0.946885 0.321572 0
    outer loop
      vertex -20.0389 -32.3425 0
      vertex -19.9884 -32.4912 4
      vertex -19.9884 -32.4912 0
    endloop
  endfacet
  facet normal 0.896961 -0.44211 0
    outer loop
      vertex -19.9884 -31.5727 4
      vertex -19.919 -31.4319 0
      vertex -19.919 -31.4319 4
    endloop
  endfacet
  facet normal 0.896961 -0.44211 0
    outer loop
      vertex -19.919 -31.4319 0
      vertex -19.9884 -31.5727 4
      vertex -19.9884 -31.5727 0
    endloop
  endfacet
  facet normal 0.321001 0.947079 -0
    outer loop
      vertex -19.1903 -33.191 0
      vertex -19.339 -33.1406 4
      vertex -19.1903 -33.191 4
    endloop
  endfacet
  facet normal 0.321001 0.947079 0
    outer loop
      vertex -19.339 -33.1406 4
      vertex -19.1903 -33.191 0
      vertex -19.339 -33.1406 0
    endloop
  endfacet
  facet normal 0.946885 -0.321572 0
    outer loop
      vertex -20.0389 -31.7214 4
      vertex -19.9884 -31.5727 0
      vertex -19.9884 -31.5727 4
    endloop
  endfacet
  facet normal 0.946885 -0.321572 0
    outer loop
      vertex -19.9884 -31.5727 0
      vertex -20.0389 -31.7214 4
      vertex -20.0389 -31.7214 0
    endloop
  endfacet
  facet normal 0.0649964 0.997886 -0
    outer loop
      vertex -18.8798 -33.2319 0
      vertex -19.0364 -33.2217 4
      vertex -18.8798 -33.2319 4
    endloop
  endfacet
  facet normal 0.0649964 0.997886 0
    outer loop
      vertex -19.0364 -33.2217 4
      vertex -18.8798 -33.2319 0
      vertex -19.0364 -33.2217 0
    endloop
  endfacet
  facet normal 0.997844 -0.0656309 0
    outer loop
      vertex -20.0798 -32.0319 4
      vertex -20.0695 -31.8753 0
      vertex -20.0695 -31.8753 4
    endloop
  endfacet
  facet normal 0.997844 -0.0656309 0
    outer loop
      vertex -20.0695 -31.8753 0
      vertex -20.0798 -32.0319 4
      vertex -20.0798 -32.0319 0
    endloop
  endfacet
  facet normal -0.997888 0.0649551 0
    outer loop
      vertex -17.69 -32.1886 0
      vertex -17.6798 -32.0319 4
      vertex -17.6798 -32.0319 0
    endloop
  endfacet
  facet normal -0.997888 0.0649551 0
    outer loop
      vertex -17.6798 -32.0319 4
      vertex -17.69 -32.1886 0
      vertex -17.69 -32.1886 4
    endloop
  endfacet
  facet normal -0.946885 0.321572 0
    outer loop
      vertex -17.7711 -32.4912 0
      vertex -17.7206 -32.3425 4
      vertex -17.7206 -32.3425 0
    endloop
  endfacet
  facet normal -0.946885 0.321572 0
    outer loop
      vertex -17.7206 -32.3425 4
      vertex -17.7711 -32.4912 0
      vertex -17.7711 -32.4912 4
    endloop
  endfacet
  facet normal 0.980801 0.195013 0
    outer loop
      vertex -20.0389 -32.3425 4
      vertex -20.0695 -32.1886 0
      vertex -20.0695 -32.1886 4
    endloop
  endfacet
  facet normal 0.980801 0.195013 0
    outer loop
      vertex -20.0695 -32.1886 0
      vertex -20.0389 -32.3425 4
      vertex -20.0389 -32.3425 0
    endloop
  endfacet
  facet normal 0.321572 -0.946885 0
    outer loop
      vertex -19.339 -30.9233 0
      vertex -19.1903 -30.8728 4
      vertex -19.339 -30.9233 4
    endloop
  endfacet
  facet normal 0.321572 -0.946885 0
    outer loop
      vertex -19.1903 -30.8728 4
      vertex -19.339 -30.9233 0
      vertex -19.1903 -30.8728 0
    endloop
  endfacet
  facet normal -0.831462 -0.555582 0
    outer loop
      vertex -17.8405 -31.4319 0
      vertex -17.9277 -31.3014 4
      vertex -17.9277 -31.3014 0
    endloop
  endfacet
  facet normal -0.831462 -0.555582 0
    outer loop
      vertex -17.9277 -31.3014 4
      vertex -17.8405 -31.4319 0
      vertex -17.8405 -31.4319 4
    endloop
  endfacet
  facet normal -0.442363 0.896836 0
    outer loop
      vertex -18.2798 -33.0712 0
      vertex -18.4205 -33.1406 4
      vertex -18.2798 -33.0712 4
    endloop
  endfacet
  facet normal -0.442363 0.896836 0
    outer loop
      vertex -18.4205 -33.1406 4
      vertex -18.2798 -33.0712 0
      vertex -18.4205 -33.1406 0
    endloop
  endfacet
  facet normal 0.195013 -0.980801 0
    outer loop
      vertex -19.1903 -30.8728 0
      vertex -19.0364 -30.8422 4
      vertex -19.1903 -30.8728 4
    endloop
  endfacet
  facet normal 0.195013 -0.980801 0
    outer loop
      vertex -19.0364 -30.8422 4
      vertex -19.1903 -30.8728 0
      vertex -19.0364 -30.8422 0
    endloop
  endfacet
  facet normal -0.659406 0.751787 0
    outer loop
      vertex -18.0312 -32.8805 0
      vertex -18.1492 -32.984 4
      vertex -18.0312 -32.8805 4
    endloop
  endfacet
  facet normal -0.659406 0.751787 0
    outer loop
      vertex -18.1492 -32.984 4
      vertex -18.0312 -32.8805 0
      vertex -18.1492 -32.984 0
    endloop
  endfacet
  facet normal -0.321001 0.947079 0
    outer loop
      vertex -18.4205 -33.1406 0
      vertex -18.5692 -33.191 4
      vertex -18.4205 -33.1406 4
    endloop
  endfacet
  facet normal -0.321001 0.947079 0
    outer loop
      vertex -18.5692 -33.191 4
      vertex -18.4205 -33.1406 0
      vertex -18.5692 -33.191 0
    endloop
  endfacet
  facet normal 0.896836 0.442363 0
    outer loop
      vertex -19.919 -32.6319 4
      vertex -19.9884 -32.4912 0
      vertex -19.9884 -32.4912 4
    endloop
  endfacet
  facet normal 0.896836 0.442363 0
    outer loop
      vertex -19.9884 -32.4912 0
      vertex -19.919 -32.6319 4
      vertex -19.919 -32.6319 0
    endloop
  endfacet
  facet normal 0.751787 0.659406 0
    outer loop
      vertex -19.7283 -32.8805 4
      vertex -19.8318 -32.7625 0
      vertex -19.8318 -32.7625 4
    endloop
  endfacet
  facet normal 0.751787 0.659406 0
    outer loop
      vertex -19.8318 -32.7625 0
      vertex -19.7283 -32.8805 4
      vertex -19.7283 -32.8805 0
    endloop
  endfacet
  facet normal -0.195013 -0.980801 0
    outer loop
      vertex -18.7231 -30.8422 0
      vertex -18.5692 -30.8728 4
      vertex -18.7231 -30.8422 4
    endloop
  endfacet
  facet normal -0.195013 -0.980801 -0
    outer loop
      vertex -18.5692 -30.8728 4
      vertex -18.7231 -30.8422 0
      vertex -18.5692 -30.8728 0
    endloop
  endfacet
  facet normal -0.0649551 0.997888 0
    outer loop
      vertex -18.7231 -33.2217 0
      vertex -18.8798 -33.2319 4
      vertex -18.7231 -33.2217 4
    endloop
  endfacet
  facet normal -0.0649551 0.997888 0
    outer loop
      vertex -18.8798 -33.2319 4
      vertex -18.7231 -33.2217 0
      vertex -18.8798 -33.2319 0
    endloop
  endfacet
  facet normal -0.997886 -0.0649964 0
    outer loop
      vertex -17.6798 -32.0319 0
      vertex -17.69 -31.8753 4
      vertex -17.69 -31.8753 0
    endloop
  endfacet
  facet normal -0.997886 -0.0649964 0
    outer loop
      vertex -17.69 -31.8753 4
      vertex -17.6798 -32.0319 0
      vertex -17.6798 -32.0319 4
    endloop
  endfacet
  facet normal -0.555288 -0.831658 0
    outer loop
      vertex -18.2798 -30.9927 0
      vertex -18.1492 -31.0799 4
      vertex -18.2798 -30.9927 4
    endloop
  endfacet
  facet normal -0.555288 -0.831658 -0
    outer loop
      vertex -18.1492 -31.0799 4
      vertex -18.2798 -30.9927 0
      vertex -18.1492 -31.0799 0
    endloop
  endfacet
  facet normal 0.997847 0.0655892 0
    outer loop
      vertex -20.0695 -32.1886 4
      vertex -20.0798 -32.0319 0
      vertex -20.0798 -32.0319 4
    endloop
  endfacet
  facet normal 0.997847 0.0655892 0
    outer loop
      vertex -20.0798 -32.0319 0
      vertex -20.0695 -32.1886 4
      vertex -20.0695 -32.1886 0
    endloop
  endfacet
  facet normal 0.831462 -0.555582 0
    outer loop
      vertex -19.919 -31.4319 4
      vertex -19.8318 -31.3014 0
      vertex -19.8318 -31.3014 4
    endloop
  endfacet
  facet normal 0.831462 -0.555582 0
    outer loop
      vertex -19.8318 -31.3014 0
      vertex -19.919 -31.4319 4
      vertex -19.919 -31.4319 0
    endloop
  endfacet
  facet normal 0.751787 -0.659406 0
    outer loop
      vertex -19.8318 -31.3014 4
      vertex -19.7283 -31.1834 0
      vertex -19.7283 -31.1834 4
    endloop
  endfacet
  facet normal 0.751787 -0.659406 0
    outer loop
      vertex -19.7283 -31.1834 0
      vertex -19.8318 -31.3014 4
      vertex -19.8318 -31.3014 0
    endloop
  endfacet
  facet normal -0.751787 -0.659406 0
    outer loop
      vertex -17.9277 -31.3014 0
      vertex -18.0312 -31.1834 4
      vertex -18.0312 -31.1834 0
    endloop
  endfacet
  facet normal -0.751787 -0.659406 0
    outer loop
      vertex -18.0312 -31.1834 4
      vertex -17.9277 -31.3014 0
      vertex -17.9277 -31.3014 4
    endloop
  endfacet
  facet normal -0.751787 0.659406 0
    outer loop
      vertex -18.0312 -32.8805 0
      vertex -17.9277 -32.7625 4
      vertex -17.9277 -32.7625 0
    endloop
  endfacet
  facet normal -0.751787 0.659406 0
    outer loop
      vertex -17.9277 -32.7625 4
      vertex -18.0312 -32.8805 0
      vertex -18.0312 -32.8805 4
    endloop
  endfacet
  facet normal -0.321572 -0.946885 0
    outer loop
      vertex -18.5692 -30.8728 0
      vertex -18.4205 -30.9233 4
      vertex -18.5692 -30.8728 4
    endloop
  endfacet
  facet normal -0.321572 -0.946885 -0
    outer loop
      vertex -18.4205 -30.9233 4
      vertex -18.5692 -30.8728 0
      vertex -18.4205 -30.9233 0
    endloop
  endfacet
  facet normal -0.896836 0.442363 0
    outer loop
      vertex -17.8405 -32.6319 0
      vertex -17.7711 -32.4912 4
      vertex -17.7711 -32.4912 0
    endloop
  endfacet
  facet normal -0.896836 0.442363 0
    outer loop
      vertex -17.7711 -32.4912 4
      vertex -17.8405 -32.6319 0
      vertex -17.8405 -32.6319 4
    endloop
  endfacet
  facet normal -0.896961 -0.44211 0
    outer loop
      vertex -17.7711 -31.5727 0
      vertex -17.8405 -31.4319 4
      vertex -17.8405 -31.4319 0
    endloop
  endfacet
  facet normal -0.896961 -0.44211 0
    outer loop
      vertex -17.8405 -31.4319 4
      vertex -17.7711 -31.5727 0
      vertex -17.7711 -31.5727 4
    endloop
  endfacet
  facet normal -0.659406 -0.751787 0
    outer loop
      vertex -18.1492 -31.0799 0
      vertex -18.0312 -31.1834 4
      vertex -18.1492 -31.0799 4
    endloop
  endfacet
  facet normal -0.659406 -0.751787 -0
    outer loop
      vertex -18.0312 -31.1834 4
      vertex -18.1492 -31.0799 0
      vertex -18.0312 -31.1834 0
    endloop
  endfacet
  facet normal 0.831658 0.555288 0
    outer loop
      vertex -19.8318 -32.7625 4
      vertex -19.919 -32.6319 0
      vertex -19.919 -32.6319 4
    endloop
  endfacet
  facet normal 0.831658 0.555288 0
    outer loop
      vertex -19.919 -32.6319 0
      vertex -19.8318 -32.7625 4
      vertex -19.8318 -32.7625 0
    endloop
  endfacet
  facet normal 0.0656309 -0.997844 0
    outer loop
      vertex -19.0364 -30.8422 0
      vertex -18.8798 -30.8319 4
      vertex -19.0364 -30.8422 4
    endloop
  endfacet
  facet normal 0.0656309 -0.997844 0
    outer loop
      vertex -18.8798 -30.8319 4
      vertex -19.0364 -30.8422 0
      vertex -18.8798 -30.8319 0
    endloop
  endfacet
  facet normal -0.195626 0.980679 0
    outer loop
      vertex -18.5692 -33.191 0
      vertex -18.7231 -33.2217 4
      vertex -18.5692 -33.191 4
    endloop
  endfacet
  facet normal -0.195626 0.980679 0
    outer loop
      vertex -18.7231 -33.2217 4
      vertex -18.5692 -33.191 0
      vertex -18.7231 -33.2217 0
    endloop
  endfacet
  facet normal -0.831658 0.555288 0
    outer loop
      vertex -17.9277 -32.7625 0
      vertex -17.8405 -32.6319 4
      vertex -17.8405 -32.6319 0
    endloop
  endfacet
  facet normal -0.831658 0.555288 0
    outer loop
      vertex -17.8405 -32.6319 4
      vertex -17.9277 -32.7625 0
      vertex -17.9277 -32.7625 4
    endloop
  endfacet
  facet normal 0.555582 -0.831462 0
    outer loop
      vertex -19.6103 -31.0799 0
      vertex -19.4798 -30.9927 4
      vertex -19.6103 -31.0799 4
    endloop
  endfacet
  facet normal 0.555582 -0.831462 0
    outer loop
      vertex -19.4798 -30.9927 4
      vertex -19.6103 -31.0799 0
      vertex -19.4798 -30.9927 0
    endloop
  endfacet
  facet normal 0.44211 -0.896961 0
    outer loop
      vertex -19.4798 -30.9927 0
      vertex -19.339 -30.9233 4
      vertex -19.4798 -30.9927 4
    endloop
  endfacet
  facet normal 0.44211 -0.896961 0
    outer loop
      vertex -19.339 -30.9233 4
      vertex -19.4798 -30.9927 0
      vertex -19.339 -30.9233 0
    endloop
  endfacet
  facet normal -0.980801 0.195013 0
    outer loop
      vertex -17.7206 -32.3425 0
      vertex -17.69 -32.1886 4
      vertex -17.69 -32.1886 0
    endloop
  endfacet
  facet normal -0.980801 0.195013 0
    outer loop
      vertex -17.69 -32.1886 4
      vertex -17.7206 -32.3425 0
      vertex -17.7206 -32.3425 4
    endloop
  endfacet
  facet normal -0.555288 0.831658 0
    outer loop
      vertex -18.1492 -32.984 0
      vertex -18.2798 -33.0712 4
      vertex -18.1492 -32.984 4
    endloop
  endfacet
  facet normal -0.555288 0.831658 0
    outer loop
      vertex -18.2798 -33.0712 4
      vertex -18.1492 -32.984 0
      vertex -18.2798 -33.0712 0
    endloop
  endfacet
  facet normal -0.0655892 -0.997847 0
    outer loop
      vertex -18.8798 -30.8319 0
      vertex -18.7231 -30.8422 4
      vertex -18.8798 -30.8319 4
    endloop
  endfacet
  facet normal -0.0655892 -0.997847 -0
    outer loop
      vertex -18.7231 -30.8422 4
      vertex -18.8798 -30.8319 0
      vertex -18.7231 -30.8422 0
    endloop
  endfacet
  facet normal 0.980801 -0.195013 0
    outer loop
      vertex -20.0695 -31.8753 4
      vertex -20.0389 -31.7214 0
      vertex -20.0389 -31.7214 4
    endloop
  endfacet
  facet normal 0.980801 -0.195013 0
    outer loop
      vertex -20.0389 -31.7214 0
      vertex -20.0695 -31.8753 4
      vertex -20.0695 -31.8753 0
    endloop
  endfacet
  facet normal -0.946885 -0.321572 0
    outer loop
      vertex -17.7206 -31.7214 0
      vertex -17.7711 -31.5727 4
      vertex -17.7711 -31.5727 0
    endloop
  endfacet
  facet normal -0.946885 -0.321572 0
    outer loop
      vertex -17.7711 -31.5727 4
      vertex -17.7206 -31.7214 0
      vertex -17.7206 -31.7214 4
    endloop
  endfacet
  facet normal -0.980801 -0.195013 0
    outer loop
      vertex -17.69 -31.8753 0
      vertex -17.7206 -31.7214 4
      vertex -17.7206 -31.7214 0
    endloop
  endfacet
  facet normal -0.980801 -0.195013 0
    outer loop
      vertex -17.7206 -31.7214 4
      vertex -17.69 -31.8753 0
      vertex -17.69 -31.8753 4
    endloop
  endfacet
  facet normal 0.659406 -0.751787 0
    outer loop
      vertex -19.7283 -31.1834 0
      vertex -19.6103 -31.0799 4
      vertex -19.7283 -31.1834 4
    endloop
  endfacet
  facet normal 0.659406 -0.751787 0
    outer loop
      vertex -19.6103 -31.0799 4
      vertex -19.7283 -31.1834 0
      vertex -19.6103 -31.0799 0
    endloop
  endfacet
  facet normal 0.555582 0.831462 -0
    outer loop
      vertex -48.8954 -36.1824 0
      vertex -49.0259 -36.0952 4
      vertex -48.8954 -36.1824 4
    endloop
  endfacet
  facet normal 0.555582 0.831462 0
    outer loop
      vertex -49.0259 -36.0952 4
      vertex -48.8954 -36.1824 0
      vertex -49.0259 -36.0952 0
    endloop
  endfacet
  facet normal 0.659406 0.751787 -0
    outer loop
      vertex -49.0259 -36.0952 0
      vertex -49.1439 -35.9917 4
      vertex -49.0259 -36.0952 4
    endloop
  endfacet
  facet normal 0.659406 0.751787 0
    outer loop
      vertex -49.1439 -35.9917 4
      vertex -49.0259 -36.0952 0
      vertex -49.1439 -35.9917 0
    endloop
  endfacet
  facet normal 0.442622 0.896708 -0
    outer loop
      vertex -48.7546 -36.2519 0
      vertex -48.8954 -36.1824 4
      vertex -48.7546 -36.2519 4
    endloop
  endfacet
  facet normal 0.442622 0.896708 0
    outer loop
      vertex -48.8954 -36.1824 4
      vertex -48.7546 -36.2519 0
      vertex -48.8954 -36.1824 0
    endloop
  endfacet
  facet normal -0.659406 -0.751787 0
    outer loop
      vertex -47.5649 -34.1912 0
      vertex -47.4469 -34.2947 4
      vertex -47.5649 -34.1912 4
    endloop
  endfacet
  facet normal -0.659406 -0.751787 -0
    outer loop
      vertex -47.4469 -34.2947 4
      vertex -47.5649 -34.1912 0
      vertex -47.4469 -34.2947 0
    endloop
  endfacet
  facet normal 0.980891 -0.194557 0
    outer loop
      vertex -49.4851 -34.9866 4
      vertex -49.4683 -34.9019 0
      vertex -49.4683 -34.9019 4
    endloop
  endfacet
  facet normal 0.980891 -0.194557 0
    outer loop
      vertex -49.4683 -34.9019 0
      vertex -49.4851 -34.9866 4
      vertex -49.4851 -34.9866 0
    endloop
  endfacet
  facet normal -0.555582 0.831462 0
    outer loop
      vertex -47.5649 -36.0952 0
      vertex -47.6954 -36.1824 4
      vertex -47.5649 -36.0952 4
    endloop
  endfacet
  facet normal -0.555582 0.831462 0
    outer loop
      vertex -47.6954 -36.1824 4
      vertex -47.5649 -36.0952 0
      vertex -47.6954 -36.1824 0
    endloop
  endfacet
  facet normal 0.0656309 0.997844 -0
    outer loop
      vertex -48.2954 -36.3432 0
      vertex -48.452 -36.3329 4
      vertex -48.2954 -36.3432 4
    endloop
  endfacet
  facet normal 0.0656309 0.997844 0
    outer loop
      vertex -48.452 -36.3329 4
      vertex -48.2954 -36.3432 0
      vertex -48.452 -36.3329 0
    endloop
  endfacet
  facet normal -0.997844 -0.0656309 0
    outer loop
      vertex -47.0954 -35.1432 0
      vertex -47.1057 -34.9866 4
      vertex -47.1057 -34.9866 0
    endloop
  endfacet
  facet normal -0.997844 -0.0656309 0
    outer loop
      vertex -47.1057 -34.9866 4
      vertex -47.0954 -35.1432 0
      vertex -47.0954 -35.1432 4
    endloop
  endfacet
  facet normal -0.980825 -0.194891 0
    outer loop
      vertex -47.1057 -34.9866 0
      vertex -47.1363 -34.8326 4
      vertex -47.1363 -34.8326 0
    endloop
  endfacet
  facet normal -0.980825 -0.194891 0
    outer loop
      vertex -47.1363 -34.8326 4
      vertex -47.1057 -34.9866 0
      vertex -47.1057 -34.9866 4
    endloop
  endfacet
  facet normal -0.751787 0.659406 0
    outer loop
      vertex -47.4469 -35.9917 0
      vertex -47.3434 -35.8737 4
      vertex -47.3434 -35.8737 0
    endloop
  endfacet
  facet normal -0.751787 0.659406 0
    outer loop
      vertex -47.3434 -35.8737 4
      vertex -47.4469 -35.9917 0
      vertex -47.4469 -35.9917 4
    endloop
  endfacet
  facet normal -0.321194 0.947013 0
    outer loop
      vertex -47.8362 -36.2519 0
      vertex -47.9848 -36.3023 4
      vertex -47.8362 -36.2519 4
    endloop
  endfacet
  facet normal -0.321194 0.947013 0
    outer loop
      vertex -47.9848 -36.3023 4
      vertex -47.8362 -36.2519 0
      vertex -47.9848 -36.3023 0
    endloop
  endfacet
  facet normal 0.946819 0.321766 0
    outer loop
      vertex -49.404 -35.6024 4
      vertex -49.4545 -35.4538 0
      vertex -49.4545 -35.4538 4
    endloop
  endfacet
  facet normal 0.946819 0.321766 0
    outer loop
      vertex -49.4545 -35.4538 0
      vertex -49.404 -35.6024 4
      vertex -49.404 -35.6024 0
    endloop
  endfacet
  facet normal 0.194891 0.980825 -0
    outer loop
      vertex -48.452 -36.3329 0
      vertex -48.606 -36.3023 4
      vertex -48.452 -36.3329 4
    endloop
  endfacet
  facet normal 0.194891 0.980825 0
    outer loop
      vertex -48.606 -36.3023 4
      vertex -48.452 -36.3329 0
      vertex -48.606 -36.3023 0
    endloop
  endfacet
  facet normal 0.321194 0.947013 -0
    outer loop
      vertex -48.606 -36.3023 0
      vertex -48.7546 -36.2519 4
      vertex -48.606 -36.3023 4
    endloop
  endfacet
  facet normal 0.321194 0.947013 0
    outer loop
      vertex -48.7546 -36.2519 4
      vertex -48.606 -36.3023 0
      vertex -48.7546 -36.2519 0
    endloop
  endfacet
  facet normal -0.659406 0.751787 0
    outer loop
      vertex -47.4469 -35.9917 0
      vertex -47.5649 -36.0952 4
      vertex -47.4469 -35.9917 4
    endloop
  endfacet
  facet normal -0.659406 0.751787 0
    outer loop
      vertex -47.5649 -36.0952 4
      vertex -47.4469 -35.9917 0
      vertex -47.5649 -36.0952 0
    endloop
  endfacet
  facet normal -0.194891 -0.980825 0
    outer loop
      vertex -48.1388 -33.9535 0
      vertex -47.9848 -33.9841 4
      vertex -48.1388 -33.9535 4
    endloop
  endfacet
  facet normal -0.194891 -0.980825 -0
    outer loop
      vertex -47.9848 -33.9841 4
      vertex -48.1388 -33.9535 0
      vertex -47.9848 -33.9841 0
    endloop
  endfacet
  facet normal -0.751787 -0.659406 0
    outer loop
      vertex -47.3434 -34.4127 0
      vertex -47.4469 -34.2947 4
      vertex -47.4469 -34.2947 0
    endloop
  endfacet
  facet normal -0.751787 -0.659406 0
    outer loop
      vertex -47.4469 -34.2947 4
      vertex -47.3434 -34.4127 0
      vertex -47.3434 -34.4127 4
    endloop
  endfacet
  facet normal -0.947013 0.321194 0
    outer loop
      vertex -47.1867 -35.6024 0
      vertex -47.1363 -35.4538 4
      vertex -47.1363 -35.4538 0
    endloop
  endfacet
  facet normal -0.947013 0.321194 0
    outer loop
      vertex -47.1363 -35.4538 4
      vertex -47.1867 -35.6024 0
      vertex -47.1867 -35.6024 4
    endloop
  endfacet
  facet normal -0.0656309 -0.997844 0
    outer loop
      vertex -48.2954 -33.9432 0
      vertex -48.1388 -33.9535 4
      vertex -48.2954 -33.9432 4
    endloop
  endfacet
  facet normal -0.0656309 -0.997844 -0
    outer loop
      vertex -48.1388 -33.9535 4
      vertex -48.2954 -33.9432 0
      vertex -48.1388 -33.9535 0
    endloop
  endfacet
  facet normal 0.997844 0.0656309 0
    outer loop
      vertex -49.4851 -35.2998 4
      vertex -49.4954 -35.1432 0
      vertex -49.4954 -35.1432 4
    endloop
  endfacet
  facet normal 0.997844 0.0656309 0
    outer loop
      vertex -49.4954 -35.1432 0
      vertex -49.4851 -35.2998 4
      vertex -49.4851 -35.2998 0
    endloop
  endfacet
  facet normal 0.0656309 -0.997844 0
    outer loop
      vertex -48.452 -33.9535 0
      vertex -48.2954 -33.9432 4
      vertex -48.452 -33.9535 4
    endloop
  endfacet
  facet normal 0.0656309 -0.997844 0
    outer loop
      vertex -48.2954 -33.9432 4
      vertex -48.452 -33.9535 0
      vertex -48.2954 -33.9432 0
    endloop
  endfacet
  facet normal 0.997844 -0.0656309 0
    outer loop
      vertex -49.4954 -35.1432 4
      vertex -49.4851 -34.9866 0
      vertex -49.4851 -34.9866 4
    endloop
  endfacet
  facet normal 0.997844 -0.0656309 0
    outer loop
      vertex -49.4851 -34.9866 0
      vertex -49.4954 -35.1432 4
      vertex -49.4954 -35.1432 0
    endloop
  endfacet
  facet normal -0.896708 -0.442622 0
    outer loop
      vertex -47.1867 -34.684 0
      vertex -47.2562 -34.5432 4
      vertex -47.2562 -34.5432 0
    endloop
  endfacet
  facet normal -0.896708 -0.442622 0
    outer loop
      vertex -47.2562 -34.5432 4
      vertex -47.1867 -34.684 0
      vertex -47.1867 -34.684 4
    endloop
  endfacet
  facet normal 0.896961 0.44211 0
    outer loop
      vertex -49.3346 -35.7432 4
      vertex -49.404 -35.6024 0
      vertex -49.404 -35.6024 4
    endloop
  endfacet
  facet normal 0.896961 0.44211 0
    outer loop
      vertex -49.404 -35.6024 0
      vertex -49.3346 -35.7432 4
      vertex -49.3346 -35.7432 0
    endloop
  endfacet
  facet normal -0.442622 0.896708 0
    outer loop
      vertex -47.6954 -36.1824 0
      vertex -47.8362 -36.2519 4
      vertex -47.6954 -36.1824 4
    endloop
  endfacet
  facet normal -0.442622 0.896708 0
    outer loop
      vertex -47.8362 -36.2519 4
      vertex -47.6954 -36.1824 0
      vertex -47.8362 -36.2519 0
    endloop
  endfacet
  facet normal 0.980825 0.194891 0
    outer loop
      vertex -49.4545 -35.4538 4
      vertex -49.4851 -35.2998 0
      vertex -49.4851 -35.2998 4
    endloop
  endfacet
  facet normal 0.980825 0.194891 0
    outer loop
      vertex -49.4851 -35.2998 0
      vertex -49.4545 -35.4538 4
      vertex -49.4545 -35.4538 0
    endloop
  endfacet
  facet normal -0.194891 0.980825 0
    outer loop
      vertex -47.9848 -36.3023 0
      vertex -48.1388 -36.3329 4
      vertex -47.9848 -36.3023 4
    endloop
  endfacet
  facet normal -0.194891 0.980825 0
    outer loop
      vertex -48.1388 -36.3329 4
      vertex -47.9848 -36.3023 0
      vertex -48.1388 -36.3329 0
    endloop
  endfacet
  facet normal -0.980825 0.194891 0
    outer loop
      vertex -47.1363 -35.4538 0
      vertex -47.1057 -35.2998 4
      vertex -47.1057 -35.2998 0
    endloop
  endfacet
  facet normal -0.980825 0.194891 0
    outer loop
      vertex -47.1057 -35.2998 4
      vertex -47.1363 -35.4538 0
      vertex -47.1363 -35.4538 4
    endloop
  endfacet
  facet normal -0.0656309 0.997844 0
    outer loop
      vertex -48.1388 -36.3329 0
      vertex -48.2954 -36.3432 4
      vertex -48.1388 -36.3329 4
    endloop
  endfacet
  facet normal -0.0656309 0.997844 0
    outer loop
      vertex -48.2954 -36.3432 4
      vertex -48.1388 -36.3329 0
      vertex -48.2954 -36.3432 0
    endloop
  endfacet
  facet normal -0.831462 0.555582 0
    outer loop
      vertex -47.3434 -35.8737 0
      vertex -47.2562 -35.7432 4
      vertex -47.2562 -35.7432 0
    endloop
  endfacet
  facet normal -0.831462 0.555582 0
    outer loop
      vertex -47.2562 -35.7432 4
      vertex -47.3434 -35.8737 0
      vertex -47.3434 -35.8737 4
    endloop
  endfacet
  facet normal -0.896708 0.442622 0
    outer loop
      vertex -47.2562 -35.7432 0
      vertex -47.1867 -35.6024 4
      vertex -47.1867 -35.6024 0
    endloop
  endfacet
  facet normal -0.896708 0.442622 0
    outer loop
      vertex -47.1867 -35.6024 4
      vertex -47.2562 -35.7432 0
      vertex -47.2562 -35.7432 4
    endloop
  endfacet
  facet normal -0.321766 -0.946819 0
    outer loop
      vertex -47.9848 -33.9841 0
      vertex -47.8362 -34.0346 4
      vertex -47.9848 -33.9841 4
    endloop
  endfacet
  facet normal -0.321766 -0.946819 -0
    outer loop
      vertex -47.8362 -34.0346 4
      vertex -47.9848 -33.9841 0
      vertex -47.8362 -34.0346 0
    endloop
  endfacet
  facet normal -0.947013 -0.321194 0
    outer loop
      vertex -47.1363 -34.8326 0
      vertex -47.1867 -34.684 4
      vertex -47.1867 -34.684 0
    endloop
  endfacet
  facet normal -0.947013 -0.321194 0
    outer loop
      vertex -47.1867 -34.684 4
      vertex -47.1363 -34.8326 0
      vertex -47.1363 -34.8326 4
    endloop
  endfacet
  facet normal -0.997844 0.0656309 0
    outer loop
      vertex -47.1057 -35.2998 0
      vertex -47.0954 -35.1432 4
      vertex -47.0954 -35.1432 0
    endloop
  endfacet
  facet normal -0.997844 0.0656309 0
    outer loop
      vertex -47.0954 -35.1432 4
      vertex -47.1057 -35.2998 0
      vertex -47.1057 -35.2998 4
    endloop
  endfacet
  facet normal 0.831462 0.555582 0
    outer loop
      vertex -49.2474 -35.8737 4
      vertex -49.3346 -35.7432 0
      vertex -49.3346 -35.7432 4
    endloop
  endfacet
  facet normal 0.831462 0.555582 0
    outer loop
      vertex -49.3346 -35.7432 0
      vertex -49.2474 -35.8737 4
      vertex -49.2474 -35.8737 0
    endloop
  endfacet
  facet normal 0.751787 0.659406 0
    outer loop
      vertex -49.1439 -35.9917 4
      vertex -49.2474 -35.8737 0
      vertex -49.2474 -35.8737 4
    endloop
  endfacet
  facet normal 0.751787 0.659406 0
    outer loop
      vertex -49.2474 -35.8737 0
      vertex -49.1439 -35.9917 4
      vertex -49.1439 -35.9917 0
    endloop
  endfacet
  facet normal 0.194557 -0.980891 0
    outer loop
      vertex -48.5367 -33.9703 0
      vertex -48.452 -33.9535 4
      vertex -48.5367 -33.9703 4
    endloop
  endfacet
  facet normal 0.194557 -0.980891 0
    outer loop
      vertex -48.452 -33.9535 4
      vertex -48.5367 -33.9703 0
      vertex -48.452 -33.9535 0
    endloop
  endfacet
  facet normal -0.831462 -0.555582 0
    outer loop
      vertex -47.2562 -34.5432 0
      vertex -47.3434 -34.4127 4
      vertex -47.3434 -34.4127 0
    endloop
  endfacet
  facet normal -0.831462 -0.555582 0
    outer loop
      vertex -47.3434 -34.4127 4
      vertex -47.2562 -34.5432 0
      vertex -47.2562 -34.5432 4
    endloop
  endfacet
  facet normal -0.44211 -0.896961 0
    outer loop
      vertex -47.8362 -34.0346 0
      vertex -47.6954 -34.104 4
      vertex -47.8362 -34.0346 4
    endloop
  endfacet
  facet normal -0.44211 -0.896961 -0
    outer loop
      vertex -47.6954 -34.104 4
      vertex -47.8362 -34.0346 0
      vertex -47.6954 -34.104 0
    endloop
  endfacet
  facet normal -0.555582 -0.831462 0
    outer loop
      vertex -47.6954 -34.104 0
      vertex -47.5649 -34.1912 4
      vertex -47.6954 -34.104 4
    endloop
  endfacet
  facet normal -0.555582 -0.831462 -0
    outer loop
      vertex -47.5649 -34.1912 4
      vertex -47.6954 -34.104 0
      vertex -47.5649 -34.1912 0
    endloop
  endfacet
  facet normal 0.555582 0.831462 -0
    outer loop
      vertex -35.7432 -49.3346 0
      vertex -35.8737 -49.2474 4
      vertex -35.7432 -49.3346 4
    endloop
  endfacet
  facet normal 0.555582 0.831462 0
    outer loop
      vertex -35.8737 -49.2474 4
      vertex -35.7432 -49.3346 0
      vertex -35.8737 -49.2474 0
    endloop
  endfacet
  facet normal 0.659406 0.751787 -0
    outer loop
      vertex -35.8737 -49.2474 0
      vertex -35.9917 -49.1439 4
      vertex -35.8737 -49.2474 4
    endloop
  endfacet
  facet normal 0.659406 0.751787 0
    outer loop
      vertex -35.9917 -49.1439 4
      vertex -35.8737 -49.2474 0
      vertex -35.9917 -49.1439 0
    endloop
  endfacet
  facet normal 0.44211 0.896961 -0
    outer loop
      vertex -35.6024 -49.404 0
      vertex -35.7432 -49.3346 4
      vertex -35.6024 -49.404 4
    endloop
  endfacet
  facet normal 0.44211 0.896961 0
    outer loop
      vertex -35.7432 -49.3346 4
      vertex -35.6024 -49.404 0
      vertex -35.7432 -49.3346 0
    endloop
  endfacet
  facet normal 0.947013 0.321194 0
    outer loop
      vertex -36.2519 -48.7546 4
      vertex -36.3023 -48.606 0
      vertex -36.3023 -48.606 4
    endloop
  endfacet
  facet normal 0.947013 0.321194 0
    outer loop
      vertex -36.3023 -48.606 0
      vertex -36.2519 -48.7546 4
      vertex -36.2519 -48.7546 0
    endloop
  endfacet
  facet normal 0.896708 -0.442622 0
    outer loop
      vertex -36.2519 -47.8362 4
      vertex -36.1824 -47.6954 0
      vertex -36.1824 -47.6954 4
    endloop
  endfacet
  facet normal 0.896708 -0.442622 0
    outer loop
      vertex -36.1824 -47.6954 0
      vertex -36.2519 -47.8362 4
      vertex -36.2519 -47.8362 0
    endloop
  endfacet
  facet normal 0.321766 0.946819 -0
    outer loop
      vertex -35.4538 -49.4545 0
      vertex -35.6024 -49.404 4
      vertex -35.4538 -49.4545 4
    endloop
  endfacet
  facet normal 0.321766 0.946819 0
    outer loop
      vertex -35.6024 -49.404 4
      vertex -35.4538 -49.4545 0
      vertex -35.6024 -49.404 0
    endloop
  endfacet
  facet normal 0.947013 -0.321194 0
    outer loop
      vertex -36.3023 -47.9848 4
      vertex -36.2519 -47.8362 0
      vertex -36.2519 -47.8362 4
    endloop
  endfacet
  facet normal 0.947013 -0.321194 0
    outer loop
      vertex -36.2519 -47.8362 0
      vertex -36.3023 -47.9848 4
      vertex -36.3023 -47.9848 0
    endloop
  endfacet
  facet normal 0.0656309 0.997844 -0
    outer loop
      vertex -35.1432 -49.4954 0
      vertex -35.2998 -49.4851 4
      vertex -35.1432 -49.4954 4
    endloop
  endfacet
  facet normal 0.0656309 0.997844 0
    outer loop
      vertex -35.2998 -49.4851 4
      vertex -35.1432 -49.4954 0
      vertex -35.2998 -49.4851 0
    endloop
  endfacet
  facet normal 0.997844 -0.0656309 0
    outer loop
      vertex -36.3432 -48.2954 4
      vertex -36.3329 -48.1388 0
      vertex -36.3329 -48.1388 4
    endloop
  endfacet
  facet normal 0.997844 -0.0656309 0
    outer loop
      vertex -36.3329 -48.1388 0
      vertex -36.3432 -48.2954 4
      vertex -36.3432 -48.2954 0
    endloop
  endfacet
  facet normal -0.997844 0.0656309 0
    outer loop
      vertex -33.9535 -48.452 0
      vertex -33.9432 -48.2954 4
      vertex -33.9432 -48.2954 0
    endloop
  endfacet
  facet normal -0.997844 0.0656309 0
    outer loop
      vertex -33.9432 -48.2954 4
      vertex -33.9535 -48.452 0
      vertex -33.9535 -48.452 4
    endloop
  endfacet
  facet normal 0.980825 0.194891 0
    outer loop
      vertex -36.3023 -48.606 4
      vertex -36.3329 -48.452 0
      vertex -36.3329 -48.452 4
    endloop
  endfacet
  facet normal 0.980825 0.194891 0
    outer loop
      vertex -36.3329 -48.452 0
      vertex -36.3023 -48.606 4
      vertex -36.3023 -48.606 0
    endloop
  endfacet
  facet normal -0.831462 -0.555582 0
    outer loop
      vertex -34.104 -47.6954 0
      vertex -34.1912 -47.5649 4
      vertex -34.1912 -47.5649 0
    endloop
  endfacet
  facet normal -0.831462 -0.555582 0
    outer loop
      vertex -34.1912 -47.5649 4
      vertex -34.104 -47.6954 0
      vertex -34.104 -47.6954 4
    endloop
  endfacet
  facet normal 0.194891 -0.980825 0
    outer loop
      vertex -35.4538 -47.1363 0
      vertex -35.2998 -47.1057 4
      vertex -35.4538 -47.1363 4
    endloop
  endfacet
  facet normal 0.194891 -0.980825 0
    outer loop
      vertex -35.2998 -47.1057 4
      vertex -35.4538 -47.1363 0
      vertex -35.2998 -47.1057 0
    endloop
  endfacet
  facet normal 0.896708 0.442622 0
    outer loop
      vertex -36.1824 -48.8954 4
      vertex -36.2519 -48.7546 0
      vertex -36.2519 -48.7546 4
    endloop
  endfacet
  facet normal 0.896708 0.442622 0
    outer loop
      vertex -36.2519 -48.7546 0
      vertex -36.1824 -48.8954 4
      vertex -36.1824 -48.8954 0
    endloop
  endfacet
  facet normal 0.751787 0.659406 0
    outer loop
      vertex -35.9917 -49.1439 4
      vertex -36.0952 -49.0259 0
      vertex -36.0952 -49.0259 4
    endloop
  endfacet
  facet normal 0.751787 0.659406 0
    outer loop
      vertex -36.0952 -49.0259 0
      vertex -35.9917 -49.1439 4
      vertex -35.9917 -49.1439 0
    endloop
  endfacet
  facet normal -0.194891 -0.980825 0
    outer loop
      vertex -34.9866 -47.1057 0
      vertex -34.8326 -47.1363 4
      vertex -34.9866 -47.1057 4
    endloop
  endfacet
  facet normal -0.194891 -0.980825 -0
    outer loop
      vertex -34.8326 -47.1363 4
      vertex -34.9866 -47.1057 0
      vertex -34.8326 -47.1363 0
    endloop
  endfacet
  facet normal -0.0656309 0.997844 0
    outer loop
      vertex -34.9866 -49.4851 0
      vertex -35.1432 -49.4954 4
      vertex -34.9866 -49.4851 4
    endloop
  endfacet
  facet normal -0.0656309 0.997844 0
    outer loop
      vertex -35.1432 -49.4954 4
      vertex -34.9866 -49.4851 0
      vertex -35.1432 -49.4954 0
    endloop
  endfacet
  facet normal -0.997844 -0.0656309 0
    outer loop
      vertex -33.9432 -48.2954 0
      vertex -33.9535 -48.1388 4
      vertex -33.9535 -48.1388 0
    endloop
  endfacet
  facet normal -0.997844 -0.0656309 0
    outer loop
      vertex -33.9535 -48.1388 4
      vertex -33.9432 -48.2954 0
      vertex -33.9432 -48.2954 4
    endloop
  endfacet
  facet normal 0.194891 0.980825 -0
    outer loop
      vertex -35.2998 -49.4851 0
      vertex -35.4538 -49.4545 4
      vertex -35.2998 -49.4851 4
    endloop
  endfacet
  facet normal 0.194891 0.980825 0
    outer loop
      vertex -35.4538 -49.4545 4
      vertex -35.2998 -49.4851 0
      vertex -35.4538 -49.4545 0
    endloop
  endfacet
  facet normal -0.555582 -0.831462 0
    outer loop
      vertex -34.5432 -47.2562 0
      vertex -34.4127 -47.3434 4
      vertex -34.5432 -47.2562 4
    endloop
  endfacet
  facet normal -0.555582 -0.831462 -0
    outer loop
      vertex -34.4127 -47.3434 4
      vertex -34.5432 -47.2562 0
      vertex -34.4127 -47.3434 0
    endloop
  endfacet
  facet normal 0.997844 0.0656309 0
    outer loop
      vertex -36.3329 -48.452 4
      vertex -36.3432 -48.2954 0
      vertex -36.3432 -48.2954 4
    endloop
  endfacet
  facet normal 0.997844 0.0656309 0
    outer loop
      vertex -36.3432 -48.2954 0
      vertex -36.3329 -48.452 4
      vertex -36.3329 -48.452 0
    endloop
  endfacet
  facet normal 0.831462 -0.555582 0
    outer loop
      vertex -36.1824 -47.6954 4
      vertex -36.0952 -47.5649 0
      vertex -36.0952 -47.5649 4
    endloop
  endfacet
  facet normal 0.831462 -0.555582 0
    outer loop
      vertex -36.0952 -47.5649 0
      vertex -36.1824 -47.6954 4
      vertex -36.1824 -47.6954 0
    endloop
  endfacet
  facet normal 0.751787 -0.659406 0
    outer loop
      vertex -36.0952 -47.5649 4
      vertex -35.9917 -47.4469 0
      vertex -35.9917 -47.4469 4
    endloop
  endfacet
  facet normal 0.751787 -0.659406 0
    outer loop
      vertex -35.9917 -47.4469 0
      vertex -36.0952 -47.5649 4
      vertex -36.0952 -47.5649 0
    endloop
  endfacet
  facet normal -0.751787 -0.659406 0
    outer loop
      vertex -34.1912 -47.5649 0
      vertex -34.2947 -47.4469 4
      vertex -34.2947 -47.4469 0
    endloop
  endfacet
  facet normal -0.751787 -0.659406 0
    outer loop
      vertex -34.2947 -47.4469 4
      vertex -34.1912 -47.5649 0
      vertex -34.1912 -47.5649 4
    endloop
  endfacet
  facet normal -0.321194 -0.947013 0
    outer loop
      vertex -34.8326 -47.1363 0
      vertex -34.684 -47.1867 4
      vertex -34.8326 -47.1363 4
    endloop
  endfacet
  facet normal -0.321194 -0.947013 -0
    outer loop
      vertex -34.684 -47.1867 4
      vertex -34.8326 -47.1363 0
      vertex -34.684 -47.1867 0
    endloop
  endfacet
  facet normal 0.442622 -0.896708 0
    outer loop
      vertex -35.7432 -47.2562 0
      vertex -35.6024 -47.1867 4
      vertex -35.7432 -47.2562 4
    endloop
  endfacet
  facet normal 0.442622 -0.896708 0
    outer loop
      vertex -35.6024 -47.1867 4
      vertex -35.7432 -47.2562 0
      vertex -35.6024 -47.1867 0
    endloop
  endfacet
  facet normal 0.321194 -0.947013 0
    outer loop
      vertex -35.6024 -47.1867 0
      vertex -35.4538 -47.1363 4
      vertex -35.6024 -47.1867 4
    endloop
  endfacet
  facet normal 0.321194 -0.947013 0
    outer loop
      vertex -35.4538 -47.1363 4
      vertex -35.6024 -47.1867 0
      vertex -35.4538 -47.1363 0
    endloop
  endfacet
  facet normal -0.896961 -0.44211 0
    outer loop
      vertex -34.0346 -47.8362 0
      vertex -34.104 -47.6954 4
      vertex -34.104 -47.6954 0
    endloop
  endfacet
  facet normal -0.896961 -0.44211 0
    outer loop
      vertex -34.104 -47.6954 4
      vertex -34.0346 -47.8362 0
      vertex -34.0346 -47.8362 4
    endloop
  endfacet
  facet normal -0.659406 -0.751787 0
    outer loop
      vertex -34.4127 -47.3434 0
      vertex -34.2947 -47.4469 4
      vertex -34.4127 -47.3434 4
    endloop
  endfacet
  facet normal -0.659406 -0.751787 -0
    outer loop
      vertex -34.2947 -47.4469 4
      vertex -34.4127 -47.3434 0
      vertex -34.2947 -47.4469 0
    endloop
  endfacet
  facet normal 0.831462 0.555582 0
    outer loop
      vertex -36.0952 -49.0259 4
      vertex -36.1824 -48.8954 0
      vertex -36.1824 -48.8954 4
    endloop
  endfacet
  facet normal 0.831462 0.555582 0
    outer loop
      vertex -36.1824 -48.8954 0
      vertex -36.0952 -49.0259 4
      vertex -36.0952 -49.0259 0
    endloop
  endfacet
  facet normal 0.0656309 -0.997844 0
    outer loop
      vertex -35.2998 -47.1057 0
      vertex -35.1432 -47.0954 4
      vertex -35.2998 -47.1057 4
    endloop
  endfacet
  facet normal 0.0656309 -0.997844 0
    outer loop
      vertex -35.1432 -47.0954 4
      vertex -35.2998 -47.1057 0
      vertex -35.1432 -47.0954 0
    endloop
  endfacet
  facet normal -0.194557 0.980891 0
    outer loop
      vertex -34.9019 -49.4683 0
      vertex -34.9866 -49.4851 4
      vertex -34.9019 -49.4683 4
    endloop
  endfacet
  facet normal -0.194557 0.980891 0
    outer loop
      vertex -34.9866 -49.4851 4
      vertex -34.9019 -49.4683 0
      vertex -34.9866 -49.4851 0
    endloop
  endfacet
  facet normal 0.555582 -0.831462 0
    outer loop
      vertex -35.8737 -47.3434 0
      vertex -35.7432 -47.2562 4
      vertex -35.8737 -47.3434 4
    endloop
  endfacet
  facet normal 0.555582 -0.831462 0
    outer loop
      vertex -35.7432 -47.2562 4
      vertex -35.8737 -47.3434 0
      vertex -35.7432 -47.2562 0
    endloop
  endfacet
  facet normal -0.442622 -0.896708 0
    outer loop
      vertex -34.684 -47.1867 0
      vertex -34.5432 -47.2562 4
      vertex -34.684 -47.1867 4
    endloop
  endfacet
  facet normal -0.442622 -0.896708 -0
    outer loop
      vertex -34.5432 -47.2562 4
      vertex -34.684 -47.1867 0
      vertex -34.5432 -47.2562 0
    endloop
  endfacet
  facet normal -0.980891 0.194557 0
    outer loop
      vertex -33.9703 -48.5367 0
      vertex -33.9535 -48.452 4
      vertex -33.9535 -48.452 0
    endloop
  endfacet
  facet normal -0.980891 0.194557 0
    outer loop
      vertex -33.9535 -48.452 4
      vertex -33.9703 -48.5367 0
      vertex -33.9703 -48.5367 4
    endloop
  endfacet
  facet normal -0.0656309 -0.997844 0
    outer loop
      vertex -35.1432 -47.0954 0
      vertex -34.9866 -47.1057 4
      vertex -35.1432 -47.0954 4
    endloop
  endfacet
  facet normal -0.0656309 -0.997844 -0
    outer loop
      vertex -34.9866 -47.1057 4
      vertex -35.1432 -47.0954 0
      vertex -34.9866 -47.1057 0
    endloop
  endfacet
  facet normal 0.980825 -0.194891 0
    outer loop
      vertex -36.3329 -48.1388 4
      vertex -36.3023 -47.9848 0
      vertex -36.3023 -47.9848 4
    endloop
  endfacet
  facet normal 0.980825 -0.194891 0
    outer loop
      vertex -36.3023 -47.9848 0
      vertex -36.3329 -48.1388 4
      vertex -36.3329 -48.1388 0
    endloop
  endfacet
  facet normal -0.946819 -0.321766 0
    outer loop
      vertex -33.9841 -47.9848 0
      vertex -34.0346 -47.8362 4
      vertex -34.0346 -47.8362 0
    endloop
  endfacet
  facet normal -0.946819 -0.321766 0
    outer loop
      vertex -34.0346 -47.8362 4
      vertex -33.9841 -47.9848 0
      vertex -33.9841 -47.9848 4
    endloop
  endfacet
  facet normal -0.980825 -0.194891 0
    outer loop
      vertex -33.9535 -48.1388 0
      vertex -33.9841 -47.9848 4
      vertex -33.9841 -47.9848 0
    endloop
  endfacet
  facet normal -0.980825 -0.194891 0
    outer loop
      vertex -33.9841 -47.9848 4
      vertex -33.9535 -48.1388 0
      vertex -33.9535 -48.1388 4
    endloop
  endfacet
  facet normal 0.659406 -0.751787 0
    outer loop
      vertex -35.9917 -47.4469 0
      vertex -35.8737 -47.3434 4
      vertex -35.9917 -47.4469 4
    endloop
  endfacet
  facet normal 0.659406 -0.751787 0
    outer loop
      vertex -35.8737 -47.3434 4
      vertex -35.9917 -47.4469 0
      vertex -35.8737 -47.3434 0
    endloop
  endfacet
  facet normal 0.659406 0.751787 -0
    outer loop
      vertex 18.1492 -32.984 0
      vertex 18.0312 -32.8805 4
      vertex 18.1492 -32.984 4
    endloop
  endfacet
  facet normal 0.659406 0.751787 0
    outer loop
      vertex 18.0312 -32.8805 4
      vertex 18.1492 -32.984 0
      vertex 18.0312 -32.8805 0
    endloop
  endfacet
  facet normal -0.831658 0.555288 0
    outer loop
      vertex 19.8318 -32.7625 0
      vertex 19.919 -32.6319 4
      vertex 19.919 -32.6319 0
    endloop
  endfacet
  facet normal -0.831658 0.555288 0
    outer loop
      vertex 19.919 -32.6319 4
      vertex 19.8318 -32.7625 0
      vertex 19.8318 -32.7625 4
    endloop
  endfacet
  facet normal -0.751787 0.659406 0
    outer loop
      vertex 19.7283 -32.8805 0
      vertex 19.8318 -32.7625 4
      vertex 19.8318 -32.7625 0
    endloop
  endfacet
  facet normal -0.751787 0.659406 0
    outer loop
      vertex 19.8318 -32.7625 4
      vertex 19.7283 -32.8805 0
      vertex 19.7283 -32.8805 4
    endloop
  endfacet
  facet normal -0.896836 0.442363 0
    outer loop
      vertex 19.919 -32.6319 0
      vertex 19.9884 -32.4912 4
      vertex 19.9884 -32.4912 0
    endloop
  endfacet
  facet normal -0.896836 0.442363 0
    outer loop
      vertex 19.9884 -32.4912 4
      vertex 19.919 -32.6319 0
      vertex 19.919 -32.6319 4
    endloop
  endfacet
  facet normal 0.751787 -0.659406 0
    outer loop
      vertex 17.9277 -31.3014 4
      vertex 18.0312 -31.1834 0
      vertex 18.0312 -31.1834 4
    endloop
  endfacet
  facet normal 0.751787 -0.659406 0
    outer loop
      vertex 18.0312 -31.1834 0
      vertex 17.9277 -31.3014 4
      vertex 17.9277 -31.3014 0
    endloop
  endfacet
  facet normal 0.195626 0.980679 -0
    outer loop
      vertex 18.7231 -33.2217 0
      vertex 18.5692 -33.191 4
      vertex 18.7231 -33.2217 4
    endloop
  endfacet
  facet normal 0.195626 0.980679 0
    outer loop
      vertex 18.5692 -33.191 4
      vertex 18.7231 -33.2217 0
      vertex 18.5692 -33.191 0
    endloop
  endfacet
  facet normal -0.831462 -0.555582 0
    outer loop
      vertex 19.919 -31.4319 0
      vertex 19.8318 -31.3014 4
      vertex 19.8318 -31.3014 0
    endloop
  endfacet
  facet normal -0.831462 -0.555582 0
    outer loop
      vertex 19.8318 -31.3014 4
      vertex 19.919 -31.4319 0
      vertex 19.919 -31.4319 4
    endloop
  endfacet
  facet normal -0.997847 0.0655892 0
    outer loop
      vertex 20.0695 -32.1886 0
      vertex 20.0798 -32.0319 4
      vertex 20.0798 -32.0319 0
    endloop
  endfacet
  facet normal -0.997847 0.0655892 0
    outer loop
      vertex 20.0798 -32.0319 4
      vertex 20.0695 -32.1886 0
      vertex 20.0695 -32.1886 4
    endloop
  endfacet
  facet normal 0.0655892 -0.997847 0
    outer loop
      vertex 18.7231 -30.8422 0
      vertex 18.8798 -30.8319 4
      vertex 18.7231 -30.8422 4
    endloop
  endfacet
  facet normal 0.0655892 -0.997847 0
    outer loop
      vertex 18.8798 -30.8319 4
      vertex 18.7231 -30.8422 0
      vertex 18.8798 -30.8319 0
    endloop
  endfacet
  facet normal 0.195013 -0.980801 0
    outer loop
      vertex 18.5692 -30.8728 0
      vertex 18.7231 -30.8422 4
      vertex 18.5692 -30.8728 4
    endloop
  endfacet
  facet normal 0.195013 -0.980801 0
    outer loop
      vertex 18.7231 -30.8422 4
      vertex 18.5692 -30.8728 0
      vertex 18.7231 -30.8422 0
    endloop
  endfacet
  facet normal -0.659406 -0.751787 0
    outer loop
      vertex 19.6103 -31.0799 0
      vertex 19.7283 -31.1834 4
      vertex 19.6103 -31.0799 4
    endloop
  endfacet
  facet normal -0.659406 -0.751787 -0
    outer loop
      vertex 19.7283 -31.1834 4
      vertex 19.6103 -31.0799 0
      vertex 19.7283 -31.1834 0
    endloop
  endfacet
  facet normal 0.831658 0.555288 0
    outer loop
      vertex 17.9277 -32.7625 4
      vertex 17.8405 -32.6319 0
      vertex 17.8405 -32.6319 4
    endloop
  endfacet
  facet normal 0.831658 0.555288 0
    outer loop
      vertex 17.8405 -32.6319 0
      vertex 17.9277 -32.7625 4
      vertex 17.9277 -32.7625 0
    endloop
  endfacet
  facet normal -0.946885 -0.321572 0
    outer loop
      vertex 20.0389 -31.7214 0
      vertex 19.9884 -31.5727 4
      vertex 19.9884 -31.5727 0
    endloop
  endfacet
  facet normal -0.946885 -0.321572 0
    outer loop
      vertex 19.9884 -31.5727 4
      vertex 20.0389 -31.7214 0
      vertex 20.0389 -31.7214 4
    endloop
  endfacet
  facet normal -0.321001 0.947079 0
    outer loop
      vertex 19.339 -33.1406 0
      vertex 19.1903 -33.191 4
      vertex 19.339 -33.1406 4
    endloop
  endfacet
  facet normal -0.321001 0.947079 0
    outer loop
      vertex 19.1903 -33.191 4
      vertex 19.339 -33.1406 0
      vertex 19.1903 -33.191 0
    endloop
  endfacet
  facet normal -0.980801 0.195013 0
    outer loop
      vertex 20.0389 -32.3425 0
      vertex 20.0695 -32.1886 4
      vertex 20.0695 -32.1886 0
    endloop
  endfacet
  facet normal -0.980801 0.195013 0
    outer loop
      vertex 20.0695 -32.1886 4
      vertex 20.0389 -32.3425 0
      vertex 20.0389 -32.3425 4
    endloop
  endfacet
  facet normal -0.946885 0.321572 0
    outer loop
      vertex 19.9884 -32.4912 0
      vertex 20.0389 -32.3425 4
      vertex 20.0389 -32.3425 0
    endloop
  endfacet
  facet normal -0.946885 0.321572 0
    outer loop
      vertex 20.0389 -32.3425 4
      vertex 19.9884 -32.4912 0
      vertex 19.9884 -32.4912 4
    endloop
  endfacet
  facet normal -0.751787 -0.659406 0
    outer loop
      vertex 19.8318 -31.3014 0
      vertex 19.7283 -31.1834 4
      vertex 19.7283 -31.1834 0
    endloop
  endfacet
  facet normal -0.751787 -0.659406 0
    outer loop
      vertex 19.7283 -31.1834 4
      vertex 19.8318 -31.3014 0
      vertex 19.8318 -31.3014 4
    endloop
  endfacet
  facet normal 0.980801 -0.195013 0
    outer loop
      vertex 17.69 -31.8753 4
      vertex 17.7206 -31.7214 0
      vertex 17.7206 -31.7214 4
    endloop
  endfacet
  facet normal 0.980801 -0.195013 0
    outer loop
      vertex 17.7206 -31.7214 0
      vertex 17.69 -31.8753 4
      vertex 17.69 -31.8753 0
    endloop
  endfacet
  facet normal 0.659406 -0.751787 0
    outer loop
      vertex 18.0312 -31.1834 0
      vertex 18.1492 -31.0799 4
      vertex 18.0312 -31.1834 4
    endloop
  endfacet
  facet normal 0.659406 -0.751787 0
    outer loop
      vertex 18.1492 -31.0799 4
      vertex 18.0312 -31.1834 0
      vertex 18.1492 -31.0799 0
    endloop
  endfacet
  facet normal -0.321572 -0.946885 0
    outer loop
      vertex 19.1903 -30.8728 0
      vertex 19.339 -30.9233 4
      vertex 19.1903 -30.8728 4
    endloop
  endfacet
  facet normal -0.321572 -0.946885 -0
    outer loop
      vertex 19.339 -30.9233 4
      vertex 19.1903 -30.8728 0
      vertex 19.339 -30.9233 0
    endloop
  endfacet
  facet normal 0.997886 -0.0649964 0
    outer loop
      vertex 17.6798 -32.0319 4
      vertex 17.69 -31.8753 0
      vertex 17.69 -31.8753 4
    endloop
  endfacet
  facet normal 0.997886 -0.0649964 0
    outer loop
      vertex 17.69 -31.8753 0
      vertex 17.6798 -32.0319 4
      vertex 17.6798 -32.0319 0
    endloop
  endfacet
  facet normal -0.0649964 0.997886 0
    outer loop
      vertex 19.0364 -33.2217 0
      vertex 18.8798 -33.2319 4
      vertex 19.0364 -33.2217 4
    endloop
  endfacet
  facet normal -0.0649964 0.997886 0
    outer loop
      vertex 18.8798 -33.2319 4
      vertex 19.0364 -33.2217 0
      vertex 18.8798 -33.2319 0
    endloop
  endfacet
  facet normal 0.997888 0.0649551 0
    outer loop
      vertex 17.69 -32.1886 4
      vertex 17.6798 -32.0319 0
      vertex 17.6798 -32.0319 4
    endloop
  endfacet
  facet normal 0.997888 0.0649551 0
    outer loop
      vertex 17.6798 -32.0319 0
      vertex 17.69 -32.1886 4
      vertex 17.69 -32.1886 0
    endloop
  endfacet
  facet normal 0.0649551 0.997888 -0
    outer loop
      vertex 18.8798 -33.2319 0
      vertex 18.7231 -33.2217 4
      vertex 18.8798 -33.2319 4
    endloop
  endfacet
  facet normal 0.0649551 0.997888 0
    outer loop
      vertex 18.7231 -33.2217 4
      vertex 18.8798 -33.2319 0
      vertex 18.7231 -33.2217 0
    endloop
  endfacet
  facet normal 0.442363 -0.896836 0
    outer loop
      vertex 18.2798 -30.9927 0
      vertex 18.4205 -30.9233 4
      vertex 18.2798 -30.9927 4
    endloop
  endfacet
  facet normal 0.442363 -0.896836 0
    outer loop
      vertex 18.4205 -30.9233 4
      vertex 18.2798 -30.9927 0
      vertex 18.4205 -30.9233 0
    endloop
  endfacet
  facet normal -0.44211 0.896961 0
    outer loop
      vertex 19.4798 -33.0712 0
      vertex 19.339 -33.1406 4
      vertex 19.4798 -33.0712 4
    endloop
  endfacet
  facet normal -0.44211 0.896961 0
    outer loop
      vertex 19.339 -33.1406 4
      vertex 19.4798 -33.0712 0
      vertex 19.339 -33.1406 0
    endloop
  endfacet
  facet normal -0.896961 -0.44211 0
    outer loop
      vertex 19.9884 -31.5727 0
      vertex 19.919 -31.4319 4
      vertex 19.919 -31.4319 0
    endloop
  endfacet
  facet normal -0.896961 -0.44211 0
    outer loop
      vertex 19.919 -31.4319 4
      vertex 19.9884 -31.5727 0
      vertex 19.9884 -31.5727 4
    endloop
  endfacet
  facet normal -0.195626 0.980679 0
    outer loop
      vertex 19.1903 -33.191 0
      vertex 19.0364 -33.2217 4
      vertex 19.1903 -33.191 4
    endloop
  endfacet
  facet normal -0.195626 0.980679 0
    outer loop
      vertex 19.0364 -33.2217 4
      vertex 19.1903 -33.191 0
      vertex 19.0364 -33.2217 0
    endloop
  endfacet
  facet normal -0.980801 -0.195013 0
    outer loop
      vertex 20.0695 -31.8753 0
      vertex 20.0389 -31.7214 4
      vertex 20.0389 -31.7214 0
    endloop
  endfacet
  facet normal -0.980801 -0.195013 0
    outer loop
      vertex 20.0389 -31.7214 4
      vertex 20.0695 -31.8753 0
      vertex 20.0695 -31.8753 4
    endloop
  endfacet
  facet normal -0.195013 -0.980801 0
    outer loop
      vertex 19.0364 -30.8422 0
      vertex 19.1903 -30.8728 4
      vertex 19.0364 -30.8422 4
    endloop
  endfacet
  facet normal -0.195013 -0.980801 -0
    outer loop
      vertex 19.1903 -30.8728 4
      vertex 19.0364 -30.8422 0
      vertex 19.1903 -30.8728 0
    endloop
  endfacet
  facet normal -0.997844 -0.0656309 0
    outer loop
      vertex 20.0798 -32.0319 0
      vertex 20.0695 -31.8753 4
      vertex 20.0695 -31.8753 0
    endloop
  endfacet
  facet normal -0.997844 -0.0656309 0
    outer loop
      vertex 20.0695 -31.8753 4
      vertex 20.0798 -32.0319 0
      vertex 20.0798 -32.0319 4
    endloop
  endfacet
  facet normal -0.555582 -0.831462 0
    outer loop
      vertex 19.4798 -30.9927 0
      vertex 19.6103 -31.0799 4
      vertex 19.4798 -30.9927 4
    endloop
  endfacet
  facet normal -0.555582 -0.831462 -0
    outer loop
      vertex 19.6103 -31.0799 4
      vertex 19.4798 -30.9927 0
      vertex 19.6103 -31.0799 0
    endloop
  endfacet
  facet normal -0.44211 -0.896961 0
    outer loop
      vertex 19.339 -30.9233 0
      vertex 19.4798 -30.9927 4
      vertex 19.339 -30.9233 4
    endloop
  endfacet
  facet normal -0.44211 -0.896961 -0
    outer loop
      vertex 19.4798 -30.9927 4
      vertex 19.339 -30.9233 0
      vertex 19.4798 -30.9927 0
    endloop
  endfacet
  facet normal 0.321001 0.947079 -0
    outer loop
      vertex 18.5692 -33.191 0
      vertex 18.4205 -33.1406 4
      vertex 18.5692 -33.191 4
    endloop
  endfacet
  facet normal 0.321001 0.947079 0
    outer loop
      vertex 18.4205 -33.1406 4
      vertex 18.5692 -33.191 0
      vertex 18.4205 -33.1406 0
    endloop
  endfacet
  facet normal 0.946885 -0.321572 0
    outer loop
      vertex 17.7206 -31.7214 4
      vertex 17.7711 -31.5727 0
      vertex 17.7711 -31.5727 4
    endloop
  endfacet
  facet normal 0.946885 -0.321572 0
    outer loop
      vertex 17.7711 -31.5727 0
      vertex 17.7206 -31.7214 4
      vertex 17.7206 -31.7214 0
    endloop
  endfacet
  facet normal 0.751787 0.659406 0
    outer loop
      vertex 18.0312 -32.8805 4
      vertex 17.9277 -32.7625 0
      vertex 17.9277 -32.7625 4
    endloop
  endfacet
  facet normal 0.751787 0.659406 0
    outer loop
      vertex 17.9277 -32.7625 0
      vertex 18.0312 -32.8805 4
      vertex 18.0312 -32.8805 0
    endloop
  endfacet
  facet normal 0.321572 -0.946885 0
    outer loop
      vertex 18.4205 -30.9233 0
      vertex 18.5692 -30.8728 4
      vertex 18.4205 -30.9233 4
    endloop
  endfacet
  facet normal 0.321572 -0.946885 0
    outer loop
      vertex 18.5692 -30.8728 4
      vertex 18.4205 -30.9233 0
      vertex 18.5692 -30.8728 0
    endloop
  endfacet
  facet normal -0.0656309 -0.997844 0
    outer loop
      vertex 18.8798 -30.8319 0
      vertex 19.0364 -30.8422 4
      vertex 18.8798 -30.8319 4
    endloop
  endfacet
  facet normal -0.0656309 -0.997844 -0
    outer loop
      vertex 19.0364 -30.8422 4
      vertex 18.8798 -30.8319 0
      vertex 19.0364 -30.8422 0
    endloop
  endfacet
  facet normal -0.555582 0.831462 0
    outer loop
      vertex 19.6103 -32.984 0
      vertex 19.4798 -33.0712 4
      vertex 19.6103 -32.984 4
    endloop
  endfacet
  facet normal -0.555582 0.831462 0
    outer loop
      vertex 19.4798 -33.0712 4
      vertex 19.6103 -32.984 0
      vertex 19.4798 -33.0712 0
    endloop
  endfacet
  facet normal -0.659406 0.751787 0
    outer loop
      vertex 19.7283 -32.8805 0
      vertex 19.6103 -32.984 4
      vertex 19.7283 -32.8805 4
    endloop
  endfacet
  facet normal -0.659406 0.751787 0
    outer loop
      vertex 19.6103 -32.984 4
      vertex 19.7283 -32.8805 0
      vertex 19.6103 -32.984 0
    endloop
  endfacet
  facet normal 0.980801 0.195013 0
    outer loop
      vertex 17.7206 -32.3425 4
      vertex 17.69 -32.1886 0
      vertex 17.69 -32.1886 4
    endloop
  endfacet
  facet normal 0.980801 0.195013 0
    outer loop
      vertex 17.69 -32.1886 0
      vertex 17.7206 -32.3425 4
      vertex 17.7206 -32.3425 0
    endloop
  endfacet
  facet normal 0.555288 0.831658 -0
    outer loop
      vertex 18.2798 -33.0712 0
      vertex 18.1492 -32.984 4
      vertex 18.2798 -33.0712 4
    endloop
  endfacet
  facet normal 0.555288 0.831658 0
    outer loop
      vertex 18.1492 -32.984 4
      vertex 18.2798 -33.0712 0
      vertex 18.1492 -32.984 0
    endloop
  endfacet
  facet normal 0.555288 -0.831658 0
    outer loop
      vertex 18.1492 -31.0799 0
      vertex 18.2798 -30.9927 4
      vertex 18.1492 -31.0799 4
    endloop
  endfacet
  facet normal 0.555288 -0.831658 0
    outer loop
      vertex 18.2798 -30.9927 4
      vertex 18.1492 -31.0799 0
      vertex 18.2798 -30.9927 0
    endloop
  endfacet
  facet normal 0.946885 0.321572 0
    outer loop
      vertex 17.7711 -32.4912 4
      vertex 17.7206 -32.3425 0
      vertex 17.7206 -32.3425 4
    endloop
  endfacet
  facet normal 0.946885 0.321572 0
    outer loop
      vertex 17.7206 -32.3425 0
      vertex 17.7711 -32.4912 4
      vertex 17.7711 -32.4912 0
    endloop
  endfacet
  facet normal 0.442363 0.896836 -0
    outer loop
      vertex 18.4205 -33.1406 0
      vertex 18.2798 -33.0712 4
      vertex 18.4205 -33.1406 4
    endloop
  endfacet
  facet normal 0.442363 0.896836 0
    outer loop
      vertex 18.2798 -33.0712 4
      vertex 18.4205 -33.1406 0
      vertex 18.2798 -33.0712 0
    endloop
  endfacet
  facet normal 0.896836 0.442363 0
    outer loop
      vertex 17.8405 -32.6319 4
      vertex 17.7711 -32.4912 0
      vertex 17.7711 -32.4912 4
    endloop
  endfacet
  facet normal 0.896836 0.442363 0
    outer loop
      vertex 17.7711 -32.4912 0
      vertex 17.8405 -32.6319 4
      vertex 17.8405 -32.6319 0
    endloop
  endfacet
  facet normal 0.896961 -0.44211 0
    outer loop
      vertex 17.7711 -31.5727 4
      vertex 17.8405 -31.4319 0
      vertex 17.8405 -31.4319 4
    endloop
  endfacet
  facet normal 0.896961 -0.44211 0
    outer loop
      vertex 17.8405 -31.4319 0
      vertex 17.7711 -31.5727 4
      vertex 17.7711 -31.5727 0
    endloop
  endfacet
  facet normal 0.831462 -0.555582 0
    outer loop
      vertex 17.8405 -31.4319 4
      vertex 17.9277 -31.3014 0
      vertex 17.9277 -31.3014 4
    endloop
  endfacet
  facet normal 0.831462 -0.555582 0
    outer loop
      vertex 17.9277 -31.3014 0
      vertex 17.8405 -31.4319 4
      vertex 17.8405 -31.4319 0
    endloop
  endfacet
  facet normal -0.831462 0.555582 0
    outer loop
      vertex 32.984 -19.6103 0
      vertex 33.0712 -19.4798 4
      vertex 33.0712 -19.4798 0
    endloop
  endfacet
  facet normal -0.831462 0.555582 0
    outer loop
      vertex 33.0712 -19.4798 4
      vertex 32.984 -19.6103 0
      vertex 32.984 -19.6103 4
    endloop
  endfacet
  facet normal -0.751787 0.659406 0
    outer loop
      vertex 32.8805 -19.7283 0
      vertex 32.984 -19.6103 4
      vertex 32.984 -19.6103 0
    endloop
  endfacet
  facet normal -0.751787 0.659406 0
    outer loop
      vertex 32.984 -19.6103 4
      vertex 32.8805 -19.7283 0
      vertex 32.8805 -19.7283 4
    endloop
  endfacet
  facet normal -0.896961 0.44211 0
    outer loop
      vertex 33.0712 -19.4798 0
      vertex 33.1406 -19.339 4
      vertex 33.1406 -19.339 0
    endloop
  endfacet
  facet normal -0.896961 0.44211 0
    outer loop
      vertex 33.1406 -19.339 4
      vertex 33.0712 -19.4798 0
      vertex 33.0712 -19.4798 4
    endloop
  endfacet
  facet normal -0.980679 0.195626 0
    outer loop
      vertex 33.191 -19.1903 0
      vertex 33.2217 -19.0364 4
      vertex 33.2217 -19.0364 0
    endloop
  endfacet
  facet normal -0.980679 0.195626 0
    outer loop
      vertex 33.2217 -19.0364 4
      vertex 33.191 -19.1903 0
      vertex 33.191 -19.1903 4
    endloop
  endfacet
  facet normal 0.896836 -0.442363 0
    outer loop
      vertex 30.9233 -18.4205 4
      vertex 30.9927 -18.2798 0
      vertex 30.9927 -18.2798 4
    endloop
  endfacet
  facet normal 0.896836 -0.442363 0
    outer loop
      vertex 30.9927 -18.2798 0
      vertex 30.9233 -18.4205 4
      vertex 30.9233 -18.4205 0
    endloop
  endfacet
  facet normal -0.321572 0.946885 0
    outer loop
      vertex 32.4912 -19.9884 0
      vertex 32.3425 -20.0389 4
      vertex 32.4912 -19.9884 4
    endloop
  endfacet
  facet normal -0.321572 0.946885 0
    outer loop
      vertex 32.3425 -20.0389 4
      vertex 32.4912 -19.9884 0
      vertex 32.3425 -20.0389 0
    endloop
  endfacet
  facet normal 0.44211 0.896961 -0
    outer loop
      vertex 31.5727 -19.9884 0
      vertex 31.4319 -19.919 4
      vertex 31.5727 -19.9884 4
    endloop
  endfacet
  facet normal 0.44211 0.896961 0
    outer loop
      vertex 31.4319 -19.919 4
      vertex 31.5727 -19.9884 0
      vertex 31.4319 -19.919 0
    endloop
  endfacet
  facet normal -0.947079 0.321001 0
    outer loop
      vertex 33.1406 -19.339 0
      vertex 33.191 -19.1903 4
      vertex 33.191 -19.1903 0
    endloop
  endfacet
  facet normal -0.947079 0.321001 0
    outer loop
      vertex 33.191 -19.1903 4
      vertex 33.1406 -19.339 0
      vertex 33.1406 -19.339 4
    endloop
  endfacet
  facet normal 0.321572 0.946885 -0
    outer loop
      vertex 31.7214 -20.0389 0
      vertex 31.5727 -19.9884 4
      vertex 31.7214 -20.0389 4
    endloop
  endfacet
  facet normal 0.321572 0.946885 0
    outer loop
      vertex 31.5727 -19.9884 4
      vertex 31.7214 -20.0389 0
      vertex 31.5727 -19.9884 0
    endloop
  endfacet
  facet normal -0.997886 0.0649964 0
    outer loop
      vertex 33.2217 -19.0364 0
      vertex 33.2319 -18.8798 4
      vertex 33.2319 -18.8798 0
    endloop
  endfacet
  facet normal -0.997886 0.0649964 0
    outer loop
      vertex 33.2319 -18.8798 4
      vertex 33.2217 -19.0364 0
      vertex 33.2217 -19.0364 4
    endloop
  endfacet
  facet normal 0.0656309 0.997844 -0
    outer loop
      vertex 32.0319 -20.0798 0
      vertex 31.8753 -20.0695 4
      vertex 32.0319 -20.0798 4
    endloop
  endfacet
  facet normal 0.0656309 0.997844 0
    outer loop
      vertex 31.8753 -20.0695 4
      vertex 32.0319 -20.0798 0
      vertex 31.8753 -20.0695 0
    endloop
  endfacet
  facet normal -0.0649551 -0.997888 0
    outer loop
      vertex 32.0319 -17.6798 0
      vertex 32.1886 -17.69 4
      vertex 32.0319 -17.6798 4
    endloop
  endfacet
  facet normal -0.0649551 -0.997888 -0
    outer loop
      vertex 32.1886 -17.69 4
      vertex 32.0319 -17.6798 0
      vertex 32.1886 -17.69 0
    endloop
  endfacet
  facet normal -0.321572 -0.946885 0
    outer loop
      vertex 32.3425 -17.7206 0
      vertex 32.4912 -17.7711 4
      vertex 32.3425 -17.7206 4
    endloop
  endfacet
  facet normal -0.321572 -0.946885 -0
    outer loop
      vertex 32.4912 -17.7711 4
      vertex 32.3425 -17.7206 0
      vertex 32.4912 -17.7711 0
    endloop
  endfacet
  facet normal -0.195013 0.980801 0
    outer loop
      vertex 32.3425 -20.0389 0
      vertex 32.1886 -20.0695 4
      vertex 32.3425 -20.0389 4
    endloop
  endfacet
  facet normal -0.195013 0.980801 0
    outer loop
      vertex 32.1886 -20.0695 4
      vertex 32.3425 -20.0389 0
      vertex 32.1886 -20.0695 0
    endloop
  endfacet
  facet normal 0.946885 0.321572 0
    outer loop
      vertex 30.9233 -19.339 4
      vertex 30.8728 -19.1903 0
      vertex 30.8728 -19.1903 4
    endloop
  endfacet
  facet normal 0.946885 0.321572 0
    outer loop
      vertex 30.8728 -19.1903 0
      vertex 30.9233 -19.339 4
      vertex 30.9233 -19.339 0
    endloop
  endfacet
  facet normal 0.555582 -0.831462 0
    outer loop
      vertex 31.3014 -17.9277 0
      vertex 31.4319 -17.8405 4
      vertex 31.3014 -17.9277 4
    endloop
  endfacet
  facet normal 0.555582 -0.831462 0
    outer loop
      vertex 31.4319 -17.8405 4
      vertex 31.3014 -17.9277 0
      vertex 31.4319 -17.8405 0
    endloop
  endfacet
  facet normal -0.896836 -0.442363 0
    outer loop
      vertex 33.1406 -18.4205 0
      vertex 33.0712 -18.2798 4
      vertex 33.0712 -18.2798 0
    endloop
  endfacet
  facet normal -0.896836 -0.442363 0
    outer loop
      vertex 33.0712 -18.2798 4
      vertex 33.1406 -18.4205 0
      vertex 33.1406 -18.4205 4
    endloop
  endfacet
  facet normal 0.980801 0.195013 0
    outer loop
      vertex 30.8728 -19.1903 4
      vertex 30.8422 -19.0364 0
      vertex 30.8422 -19.0364 4
    endloop
  endfacet
  facet normal 0.980801 0.195013 0
    outer loop
      vertex 30.8422 -19.0364 0
      vertex 30.8728 -19.1903 4
      vertex 30.8728 -19.1903 0
    endloop
  endfacet
  facet normal -0.751787 -0.659406 0
    outer loop
      vertex 32.984 -18.1492 0
      vertex 32.8805 -18.0312 4
      vertex 32.8805 -18.0312 0
    endloop
  endfacet
  facet normal -0.751787 -0.659406 0
    outer loop
      vertex 32.8805 -18.0312 4
      vertex 32.984 -18.1492 0
      vertex 32.984 -18.1492 4
    endloop
  endfacet
  facet normal -0.947079 -0.321001 0
    outer loop
      vertex 33.191 -18.5692 0
      vertex 33.1406 -18.4205 4
      vertex 33.1406 -18.4205 0
    endloop
  endfacet
  facet normal -0.947079 -0.321001 0
    outer loop
      vertex 33.1406 -18.4205 4
      vertex 33.191 -18.5692 0
      vertex 33.191 -18.5692 4
    endloop
  endfacet
  facet normal -0.442363 0.896836 0
    outer loop
      vertex 32.6319 -19.919 0
      vertex 32.4912 -19.9884 4
      vertex 32.6319 -19.919 4
    endloop
  endfacet
  facet normal -0.442363 0.896836 0
    outer loop
      vertex 32.4912 -19.9884 4
      vertex 32.6319 -19.919 0
      vertex 32.4912 -19.9884 0
    endloop
  endfacet
  facet normal -0.659406 0.751787 0
    outer loop
      vertex 32.8805 -19.7283 0
      vertex 32.7625 -19.8318 4
      vertex 32.8805 -19.7283 4
    endloop
  endfacet
  facet normal -0.659406 0.751787 0
    outer loop
      vertex 32.7625 -19.8318 4
      vertex 32.8805 -19.7283 0
      vertex 32.7625 -19.8318 0
    endloop
  endfacet
  facet normal 0.980801 -0.195013 0
    outer loop
      vertex 30.8422 -18.7231 4
      vertex 30.8728 -18.5692 0
      vertex 30.8728 -18.5692 4
    endloop
  endfacet
  facet normal 0.980801 -0.195013 0
    outer loop
      vertex 30.8728 -18.5692 0
      vertex 30.8422 -18.7231 4
      vertex 30.8422 -18.7231 0
    endloop
  endfacet
  facet normal -0.997888 -0.0649551 0
    outer loop
      vertex 33.2319 -18.8798 0
      vertex 33.2217 -18.7231 4
      vertex 33.2217 -18.7231 0
    endloop
  endfacet
  facet normal -0.997888 -0.0649551 0
    outer loop
      vertex 33.2217 -18.7231 4
      vertex 33.2319 -18.8798 0
      vertex 33.2319 -18.8798 4
    endloop
  endfacet
  facet normal 0.0649964 -0.997886 0
    outer loop
      vertex 31.8753 -17.69 0
      vertex 32.0319 -17.6798 4
      vertex 31.8753 -17.69 4
    endloop
  endfacet
  facet normal 0.0649964 -0.997886 0
    outer loop
      vertex 32.0319 -17.6798 4
      vertex 31.8753 -17.69 0
      vertex 32.0319 -17.6798 0
    endloop
  endfacet
  facet normal 0.831658 -0.555288 0
    outer loop
      vertex 30.9927 -18.2798 4
      vertex 31.0799 -18.1492 0
      vertex 31.0799 -18.1492 4
    endloop
  endfacet
  facet normal 0.831658 -0.555288 0
    outer loop
      vertex 31.0799 -18.1492 0
      vertex 30.9927 -18.2798 4
      vertex 30.9927 -18.2798 0
    endloop
  endfacet
  facet normal -0.0655892 0.997847 0
    outer loop
      vertex 32.1886 -20.0695 0
      vertex 32.0319 -20.0798 4
      vertex 32.1886 -20.0695 4
    endloop
  endfacet
  facet normal -0.0655892 0.997847 0
    outer loop
      vertex 32.0319 -20.0798 4
      vertex 32.1886 -20.0695 0
      vertex 32.0319 -20.0798 0
    endloop
  endfacet
  facet normal 0.555582 0.831462 -0
    outer loop
      vertex 31.4319 -19.919 0
      vertex 31.3014 -19.8318 4
      vertex 31.4319 -19.919 4
    endloop
  endfacet
  facet normal 0.555582 0.831462 0
    outer loop
      vertex 31.3014 -19.8318 4
      vertex 31.4319 -19.919 0
      vertex 31.3014 -19.8318 0
    endloop
  endfacet
  facet normal 0.659406 0.751787 -0
    outer loop
      vertex 31.3014 -19.8318 0
      vertex 31.1834 -19.7283 4
      vertex 31.3014 -19.8318 4
    endloop
  endfacet
  facet normal 0.659406 0.751787 0
    outer loop
      vertex 31.1834 -19.7283 4
      vertex 31.3014 -19.8318 0
      vertex 31.1834 -19.7283 0
    endloop
  endfacet
  facet normal 0.659406 -0.751787 0
    outer loop
      vertex 31.1834 -18.0312 0
      vertex 31.3014 -17.9277 4
      vertex 31.1834 -18.0312 4
    endloop
  endfacet
  facet normal 0.659406 -0.751787 0
    outer loop
      vertex 31.3014 -17.9277 4
      vertex 31.1834 -18.0312 0
      vertex 31.3014 -17.9277 0
    endloop
  endfacet
  facet normal -0.659406 -0.751787 0
    outer loop
      vertex 32.7625 -17.9277 0
      vertex 32.8805 -18.0312 4
      vertex 32.7625 -17.9277 4
    endloop
  endfacet
  facet normal -0.659406 -0.751787 -0
    outer loop
      vertex 32.8805 -18.0312 4
      vertex 32.7625 -17.9277 0
      vertex 32.8805 -18.0312 0
    endloop
  endfacet
  facet normal 0.946885 -0.321572 0
    outer loop
      vertex 30.8728 -18.5692 4
      vertex 30.9233 -18.4205 0
      vertex 30.9233 -18.4205 4
    endloop
  endfacet
  facet normal 0.946885 -0.321572 0
    outer loop
      vertex 30.9233 -18.4205 0
      vertex 30.8728 -18.5692 4
      vertex 30.8728 -18.5692 0
    endloop
  endfacet
  facet normal -0.442363 -0.896836 0
    outer loop
      vertex 32.4912 -17.7711 0
      vertex 32.6319 -17.8405 4
      vertex 32.4912 -17.7711 4
    endloop
  endfacet
  facet normal -0.442363 -0.896836 -0
    outer loop
      vertex 32.6319 -17.8405 4
      vertex 32.4912 -17.7711 0
      vertex 32.6319 -17.8405 0
    endloop
  endfacet
  facet normal 0.44211 -0.896961 0
    outer loop
      vertex 31.4319 -17.8405 0
      vertex 31.5727 -17.7711 4
      vertex 31.4319 -17.8405 4
    endloop
  endfacet
  facet normal 0.44211 -0.896961 0
    outer loop
      vertex 31.5727 -17.7711 4
      vertex 31.4319 -17.8405 0
      vertex 31.5727 -17.7711 0
    endloop
  endfacet
  facet normal 0.751787 -0.659406 0
    outer loop
      vertex 31.0799 -18.1492 4
      vertex 31.1834 -18.0312 0
      vertex 31.1834 -18.0312 4
    endloop
  endfacet
  facet normal 0.751787 -0.659406 0
    outer loop
      vertex 31.1834 -18.0312 0
      vertex 31.0799 -18.1492 4
      vertex 31.0799 -18.1492 0
    endloop
  endfacet
  facet normal -0.555288 0.831658 0
    outer loop
      vertex 32.7625 -19.8318 0
      vertex 32.6319 -19.919 4
      vertex 32.7625 -19.8318 4
    endloop
  endfacet
  facet normal -0.555288 0.831658 0
    outer loop
      vertex 32.6319 -19.919 4
      vertex 32.7625 -19.8318 0
      vertex 32.6319 -19.919 0
    endloop
  endfacet
  facet normal 0.997844 0.0656309 0
    outer loop
      vertex 30.8422 -19.0364 4
      vertex 30.8319 -18.8798 0
      vertex 30.8319 -18.8798 4
    endloop
  endfacet
  facet normal 0.997844 0.0656309 0
    outer loop
      vertex 30.8319 -18.8798 0
      vertex 30.8422 -19.0364 4
      vertex 30.8422 -19.0364 0
    endloop
  endfacet
  facet normal -0.980679 -0.195626 0
    outer loop
      vertex 33.2217 -18.7231 0
      vertex 33.191 -18.5692 4
      vertex 33.191 -18.5692 0
    endloop
  endfacet
  facet normal -0.980679 -0.195626 0
    outer loop
      vertex 33.191 -18.5692 4
      vertex 33.2217 -18.7231 0
      vertex 33.2217 -18.7231 4
    endloop
  endfacet
  facet normal -0.555288 -0.831658 0
    outer loop
      vertex 32.6319 -17.8405 0
      vertex 32.7625 -17.9277 4
      vertex 32.6319 -17.8405 4
    endloop
  endfacet
  facet normal -0.555288 -0.831658 -0
    outer loop
      vertex 32.7625 -17.9277 4
      vertex 32.6319 -17.8405 0
      vertex 32.7625 -17.9277 0
    endloop
  endfacet
  facet normal 0.831462 0.555582 0
    outer loop
      vertex 31.0799 -19.6103 4
      vertex 30.9927 -19.4798 0
      vertex 30.9927 -19.4798 4
    endloop
  endfacet
  facet normal 0.831462 0.555582 0
    outer loop
      vertex 30.9927 -19.4798 0
      vertex 31.0799 -19.6103 4
      vertex 31.0799 -19.6103 0
    endloop
  endfacet
  facet normal 0.896961 0.44211 0
    outer loop
      vertex 30.9927 -19.4798 4
      vertex 30.9233 -19.339 0
      vertex 30.9233 -19.339 4
    endloop
  endfacet
  facet normal 0.896961 0.44211 0
    outer loop
      vertex 30.9233 -19.339 0
      vertex 30.9927 -19.4798 4
      vertex 30.9927 -19.4798 0
    endloop
  endfacet
  facet normal -0.195013 -0.980801 0
    outer loop
      vertex 32.1886 -17.69 0
      vertex 32.3425 -17.7206 4
      vertex 32.1886 -17.69 4
    endloop
  endfacet
  facet normal -0.195013 -0.980801 -0
    outer loop
      vertex 32.3425 -17.7206 4
      vertex 32.1886 -17.69 0
      vertex 32.3425 -17.7206 0
    endloop
  endfacet
  facet normal -0.831658 -0.555288 0
    outer loop
      vertex 33.0712 -18.2798 0
      vertex 32.984 -18.1492 4
      vertex 32.984 -18.1492 0
    endloop
  endfacet
  facet normal -0.831658 -0.555288 0
    outer loop
      vertex 32.984 -18.1492 4
      vertex 33.0712 -18.2798 0
      vertex 33.0712 -18.2798 4
    endloop
  endfacet
  facet normal 0.997847 -0.0655892 0
    outer loop
      vertex 30.8319 -18.8798 4
      vertex 30.8422 -18.7231 0
      vertex 30.8422 -18.7231 4
    endloop
  endfacet
  facet normal 0.997847 -0.0655892 0
    outer loop
      vertex 30.8422 -18.7231 0
      vertex 30.8319 -18.8798 4
      vertex 30.8319 -18.8798 0
    endloop
  endfacet
  facet normal 0.195013 0.980801 -0
    outer loop
      vertex 31.8753 -20.0695 0
      vertex 31.7214 -20.0389 4
      vertex 31.8753 -20.0695 4
    endloop
  endfacet
  facet normal 0.195013 0.980801 0
    outer loop
      vertex 31.7214 -20.0389 4
      vertex 31.8753 -20.0695 0
      vertex 31.7214 -20.0389 0
    endloop
  endfacet
  facet normal 0.321572 -0.946885 0
    outer loop
      vertex 31.5727 -17.7711 0
      vertex 31.7214 -17.7206 4
      vertex 31.5727 -17.7711 4
    endloop
  endfacet
  facet normal 0.321572 -0.946885 0
    outer loop
      vertex 31.7214 -17.7206 4
      vertex 31.5727 -17.7711 0
      vertex 31.7214 -17.7206 0
    endloop
  endfacet
  facet normal 0.195013 -0.980801 0
    outer loop
      vertex 31.7214 -17.7206 0
      vertex 31.8753 -17.69 4
      vertex 31.7214 -17.7206 4
    endloop
  endfacet
  facet normal 0.195013 -0.980801 0
    outer loop
      vertex 31.8753 -17.69 4
      vertex 31.7214 -17.7206 0
      vertex 31.8753 -17.69 0
    endloop
  endfacet
  facet normal 0.751787 0.659406 0
    outer loop
      vertex 31.1834 -19.7283 4
      vertex 31.0799 -19.6103 0
      vertex 31.0799 -19.6103 4
    endloop
  endfacet
  facet normal 0.751787 0.659406 0
    outer loop
      vertex 31.0799 -19.6103 0
      vertex 31.1834 -19.7283 4
      vertex 31.1834 -19.7283 0
    endloop
  endfacet
  facet normal -0.831462 0.555582 0
    outer loop
      vertex 36.0952 -49.0259 0
      vertex 36.1824 -48.8954 4
      vertex 36.1824 -48.8954 0
    endloop
  endfacet
  facet normal -0.831462 0.555582 0
    outer loop
      vertex 36.1824 -48.8954 4
      vertex 36.0952 -49.0259 0
      vertex 36.0952 -49.0259 4
    endloop
  endfacet
  facet normal -0.751787 0.659406 0
    outer loop
      vertex 35.9917 -49.1439 0
      vertex 36.0952 -49.0259 4
      vertex 36.0952 -49.0259 0
    endloop
  endfacet
  facet normal -0.751787 0.659406 0
    outer loop
      vertex 36.0952 -49.0259 4
      vertex 35.9917 -49.1439 0
      vertex 35.9917 -49.1439 4
    endloop
  endfacet
  facet normal -0.896708 0.442622 0
    outer loop
      vertex 36.1824 -48.8954 0
      vertex 36.2519 -48.7546 4
      vertex 36.2519 -48.7546 0
    endloop
  endfacet
  facet normal -0.896708 0.442622 0
    outer loop
      vertex 36.2519 -48.7546 4
      vertex 36.1824 -48.8954 0
      vertex 36.1824 -48.8954 4
    endloop
  endfacet
  facet normal 0.751787 -0.659406 0
    outer loop
      vertex 34.1912 -47.5649 4
      vertex 34.2947 -47.4469 0
      vertex 34.2947 -47.4469 4
    endloop
  endfacet
  facet normal 0.751787 -0.659406 0
    outer loop
      vertex 34.2947 -47.4469 0
      vertex 34.1912 -47.5649 4
      vertex 34.1912 -47.5649 0
    endloop
  endfacet
  facet normal 0.194557 0.980891 -0
    outer loop
      vertex 34.9866 -49.4851 0
      vertex 34.9019 -49.4683 4
      vertex 34.9866 -49.4851 4
    endloop
  endfacet
  facet normal 0.194557 0.980891 0
    outer loop
      vertex 34.9019 -49.4683 4
      vertex 34.9866 -49.4851 0
      vertex 34.9019 -49.4683 0
    endloop
  endfacet
  facet normal -0.831462 -0.555582 0
    outer loop
      vertex 36.1824 -47.6954 0
      vertex 36.0952 -47.5649 4
      vertex 36.0952 -47.5649 0
    endloop
  endfacet
  facet normal -0.831462 -0.555582 0
    outer loop
      vertex 36.0952 -47.5649 4
      vertex 36.1824 -47.6954 0
      vertex 36.1824 -47.6954 4
    endloop
  endfacet
  facet normal -0.997844 0.0656309 0
    outer loop
      vertex 36.3329 -48.452 0
      vertex 36.3432 -48.2954 4
      vertex 36.3432 -48.2954 0
    endloop
  endfacet
  facet normal -0.997844 0.0656309 0
    outer loop
      vertex 36.3432 -48.2954 4
      vertex 36.3329 -48.452 0
      vertex 36.3329 -48.452 4
    endloop
  endfacet
  facet normal 0.0656309 -0.997844 0
    outer loop
      vertex 34.9866 -47.1057 0
      vertex 35.1432 -47.0954 4
      vertex 34.9866 -47.1057 4
    endloop
  endfacet
  facet normal 0.0656309 -0.997844 0
    outer loop
      vertex 35.1432 -47.0954 4
      vertex 34.9866 -47.1057 0
      vertex 35.1432 -47.0954 0
    endloop
  endfacet
  facet normal 0.194891 -0.980825 0
    outer loop
      vertex 34.8326 -47.1363 0
      vertex 34.9866 -47.1057 4
      vertex 34.8326 -47.1363 4
    endloop
  endfacet
  facet normal 0.194891 -0.980825 0
    outer loop
      vertex 34.9866 -47.1057 4
      vertex 34.8326 -47.1363 0
      vertex 34.9866 -47.1057 0
    endloop
  endfacet
  facet normal -0.659406 -0.751787 0
    outer loop
      vertex 35.8737 -47.3434 0
      vertex 35.9917 -47.4469 4
      vertex 35.8737 -47.3434 4
    endloop
  endfacet
  facet normal -0.659406 -0.751787 -0
    outer loop
      vertex 35.9917 -47.4469 4
      vertex 35.8737 -47.3434 0
      vertex 35.9917 -47.4469 0
    endloop
  endfacet
  facet normal -0.947013 -0.321194 0
    outer loop
      vertex 36.3023 -47.9848 0
      vertex 36.2519 -47.8362 4
      vertex 36.2519 -47.8362 0
    endloop
  endfacet
  facet normal -0.947013 -0.321194 0
    outer loop
      vertex 36.2519 -47.8362 4
      vertex 36.3023 -47.9848 0
      vertex 36.3023 -47.9848 4
    endloop
  endfacet
  facet normal -0.321766 0.946819 0
    outer loop
      vertex 35.6024 -49.404 0
      vertex 35.4538 -49.4545 4
      vertex 35.6024 -49.404 4
    endloop
  endfacet
  facet normal -0.321766 0.946819 0
    outer loop
      vertex 35.4538 -49.4545 4
      vertex 35.6024 -49.404 0
      vertex 35.4538 -49.4545 0
    endloop
  endfacet
  facet normal -0.980825 0.194891 0
    outer loop
      vertex 36.3023 -48.606 0
      vertex 36.3329 -48.452 4
      vertex 36.3329 -48.452 0
    endloop
  endfacet
  facet normal -0.980825 0.194891 0
    outer loop
      vertex 36.3329 -48.452 4
      vertex 36.3023 -48.606 0
      vertex 36.3023 -48.606 4
    endloop
  endfacet
  facet normal -0.947013 0.321194 0
    outer loop
      vertex 36.2519 -48.7546 0
      vertex 36.3023 -48.606 4
      vertex 36.3023 -48.606 0
    endloop
  endfacet
  facet normal -0.947013 0.321194 0
    outer loop
      vertex 36.3023 -48.606 4
      vertex 36.2519 -48.7546 0
      vertex 36.2519 -48.7546 4
    endloop
  endfacet
  facet normal -0.751787 -0.659406 0
    outer loop
      vertex 36.0952 -47.5649 0
      vertex 35.9917 -47.4469 4
      vertex 35.9917 -47.4469 0
    endloop
  endfacet
  facet normal -0.751787 -0.659406 0
    outer loop
      vertex 35.9917 -47.4469 4
      vertex 36.0952 -47.5649 0
      vertex 36.0952 -47.5649 4
    endloop
  endfacet
  facet normal 0.980825 -0.194891 0
    outer loop
      vertex 33.9535 -48.1388 4
      vertex 33.9841 -47.9848 0
      vertex 33.9841 -47.9848 4
    endloop
  endfacet
  facet normal 0.980825 -0.194891 0
    outer loop
      vertex 33.9841 -47.9848 0
      vertex 33.9535 -48.1388 4
      vertex 33.9535 -48.1388 0
    endloop
  endfacet
  facet normal 0.659406 -0.751787 0
    outer loop
      vertex 34.2947 -47.4469 0
      vertex 34.4127 -47.3434 4
      vertex 34.2947 -47.4469 4
    endloop
  endfacet
  facet normal 0.659406 -0.751787 0
    outer loop
      vertex 34.4127 -47.3434 4
      vertex 34.2947 -47.4469 0
      vertex 34.4127 -47.3434 0
    endloop
  endfacet
  facet normal -0.321194 -0.947013 0
    outer loop
      vertex 35.4538 -47.1363 0
      vertex 35.6024 -47.1867 4
      vertex 35.4538 -47.1363 4
    endloop
  endfacet
  facet normal -0.321194 -0.947013 -0
    outer loop
      vertex 35.6024 -47.1867 4
      vertex 35.4538 -47.1363 0
      vertex 35.6024 -47.1867 0
    endloop
  endfacet
  facet normal 0.997844 -0.0656309 0
    outer loop
      vertex 33.9432 -48.2954 4
      vertex 33.9535 -48.1388 0
      vertex 33.9535 -48.1388 4
    endloop
  endfacet
  facet normal 0.997844 -0.0656309 0
    outer loop
      vertex 33.9535 -48.1388 0
      vertex 33.9432 -48.2954 4
      vertex 33.9432 -48.2954 0
    endloop
  endfacet
  facet normal -0.0656309 0.997844 0
    outer loop
      vertex 35.2998 -49.4851 0
      vertex 35.1432 -49.4954 4
      vertex 35.2998 -49.4851 4
    endloop
  endfacet
  facet normal -0.0656309 0.997844 0
    outer loop
      vertex 35.1432 -49.4954 4
      vertex 35.2998 -49.4851 0
      vertex 35.1432 -49.4954 0
    endloop
  endfacet
  facet normal 0.997844 0.0656309 0
    outer loop
      vertex 33.9535 -48.452 4
      vertex 33.9432 -48.2954 0
      vertex 33.9432 -48.2954 4
    endloop
  endfacet
  facet normal 0.997844 0.0656309 0
    outer loop
      vertex 33.9432 -48.2954 0
      vertex 33.9535 -48.452 4
      vertex 33.9535 -48.452 0
    endloop
  endfacet
  facet normal 0.0656309 0.997844 -0
    outer loop
      vertex 35.1432 -49.4954 0
      vertex 34.9866 -49.4851 4
      vertex 35.1432 -49.4954 4
    endloop
  endfacet
  facet normal 0.0656309 0.997844 0
    outer loop
      vertex 34.9866 -49.4851 4
      vertex 35.1432 -49.4954 0
      vertex 34.9866 -49.4851 0
    endloop
  endfacet
  facet normal 0.442622 -0.896708 0
    outer loop
      vertex 34.5432 -47.2562 0
      vertex 34.684 -47.1867 4
      vertex 34.5432 -47.2562 4
    endloop
  endfacet
  facet normal 0.442622 -0.896708 0
    outer loop
      vertex 34.684 -47.1867 4
      vertex 34.5432 -47.2562 0
      vertex 34.684 -47.1867 0
    endloop
  endfacet
  facet normal -0.44211 0.896961 0
    outer loop
      vertex 35.7432 -49.3346 0
      vertex 35.6024 -49.404 4
      vertex 35.7432 -49.3346 4
    endloop
  endfacet
  facet normal -0.44211 0.896961 0
    outer loop
      vertex 35.6024 -49.404 4
      vertex 35.7432 -49.3346 0
      vertex 35.6024 -49.404 0
    endloop
  endfacet
  facet normal -0.896708 -0.442622 0
    outer loop
      vertex 36.2519 -47.8362 0
      vertex 36.1824 -47.6954 4
      vertex 36.1824 -47.6954 0
    endloop
  endfacet
  facet normal -0.896708 -0.442622 0
    outer loop
      vertex 36.1824 -47.6954 4
      vertex 36.2519 -47.8362 0
      vertex 36.2519 -47.8362 4
    endloop
  endfacet
  facet normal -0.194891 0.980825 0
    outer loop
      vertex 35.4538 -49.4545 0
      vertex 35.2998 -49.4851 4
      vertex 35.4538 -49.4545 4
    endloop
  endfacet
  facet normal -0.194891 0.980825 0
    outer loop
      vertex 35.2998 -49.4851 4
      vertex 35.4538 -49.4545 0
      vertex 35.2998 -49.4851 0
    endloop
  endfacet
  facet normal -0.980825 -0.194891 0
    outer loop
      vertex 36.3329 -48.1388 0
      vertex 36.3023 -47.9848 4
      vertex 36.3023 -47.9848 0
    endloop
  endfacet
  facet normal -0.980825 -0.194891 0
    outer loop
      vertex 36.3023 -47.9848 4
      vertex 36.3329 -48.1388 0
      vertex 36.3329 -48.1388 4
    endloop
  endfacet
  facet normal -0.194891 -0.980825 0
    outer loop
      vertex 35.2998 -47.1057 0
      vertex 35.4538 -47.1363 4
      vertex 35.2998 -47.1057 4
    endloop
  endfacet
  facet normal -0.194891 -0.980825 -0
    outer loop
      vertex 35.4538 -47.1363 4
      vertex 35.2998 -47.1057 0
      vertex 35.4538 -47.1363 0
    endloop
  endfacet
  facet normal -0.997844 -0.0656309 0
    outer loop
      vertex 36.3432 -48.2954 0
      vertex 36.3329 -48.1388 4
      vertex 36.3329 -48.1388 0
    endloop
  endfacet
  facet normal -0.997844 -0.0656309 0
    outer loop
      vertex 36.3329 -48.1388 4
      vertex 36.3432 -48.2954 0
      vertex 36.3432 -48.2954 4
    endloop
  endfacet
  facet normal -0.555582 -0.831462 0
    outer loop
      vertex 35.7432 -47.2562 0
      vertex 35.8737 -47.3434 4
      vertex 35.7432 -47.2562 4
    endloop
  endfacet
  facet normal -0.555582 -0.831462 -0
    outer loop
      vertex 35.8737 -47.3434 4
      vertex 35.7432 -47.2562 0
      vertex 35.8737 -47.3434 0
    endloop
  endfacet
  facet normal -0.442622 -0.896708 0
    outer loop
      vertex 35.6024 -47.1867 0
      vertex 35.7432 -47.2562 4
      vertex 35.6024 -47.1867 4
    endloop
  endfacet
  facet normal -0.442622 -0.896708 -0
    outer loop
      vertex 35.7432 -47.2562 4
      vertex 35.6024 -47.1867 0
      vertex 35.7432 -47.2562 0
    endloop
  endfacet
  facet normal 0.946819 -0.321766 0
    outer loop
      vertex 33.9841 -47.9848 4
      vertex 34.0346 -47.8362 0
      vertex 34.0346 -47.8362 4
    endloop
  endfacet
  facet normal 0.946819 -0.321766 0
    outer loop
      vertex 34.0346 -47.8362 0
      vertex 33.9841 -47.9848 4
      vertex 33.9841 -47.9848 0
    endloop
  endfacet
  facet normal 0.321194 -0.947013 0
    outer loop
      vertex 34.684 -47.1867 0
      vertex 34.8326 -47.1363 4
      vertex 34.684 -47.1867 4
    endloop
  endfacet
  facet normal 0.321194 -0.947013 0
    outer loop
      vertex 34.8326 -47.1363 4
      vertex 34.684 -47.1867 0
      vertex 34.8326 -47.1363 0
    endloop
  endfacet
  facet normal -0.0656309 -0.997844 0
    outer loop
      vertex 35.1432 -47.0954 0
      vertex 35.2998 -47.1057 4
      vertex 35.1432 -47.0954 4
    endloop
  endfacet
  facet normal -0.0656309 -0.997844 -0
    outer loop
      vertex 35.2998 -47.1057 4
      vertex 35.1432 -47.0954 0
      vertex 35.2998 -47.1057 0
    endloop
  endfacet
  facet normal -0.555582 0.831462 0
    outer loop
      vertex 35.8737 -49.2474 0
      vertex 35.7432 -49.3346 4
      vertex 35.8737 -49.2474 4
    endloop
  endfacet
  facet normal -0.555582 0.831462 0
    outer loop
      vertex 35.7432 -49.3346 4
      vertex 35.8737 -49.2474 0
      vertex 35.7432 -49.3346 0
    endloop
  endfacet
  facet normal -0.659406 0.751787 0
    outer loop
      vertex 35.9917 -49.1439 0
      vertex 35.8737 -49.2474 4
      vertex 35.9917 -49.1439 4
    endloop
  endfacet
  facet normal -0.659406 0.751787 0
    outer loop
      vertex 35.8737 -49.2474 4
      vertex 35.9917 -49.1439 0
      vertex 35.8737 -49.2474 0
    endloop
  endfacet
  facet normal 0.980891 0.194557 0
    outer loop
      vertex 33.9703 -48.5367 4
      vertex 33.9535 -48.452 0
      vertex 33.9535 -48.452 4
    endloop
  endfacet
  facet normal 0.980891 0.194557 0
    outer loop
      vertex 33.9535 -48.452 0
      vertex 33.9703 -48.5367 4
      vertex 33.9703 -48.5367 0
    endloop
  endfacet
  facet normal 0.555582 -0.831462 0
    outer loop
      vertex 34.4127 -47.3434 0
      vertex 34.5432 -47.2562 4
      vertex 34.4127 -47.3434 4
    endloop
  endfacet
  facet normal 0.555582 -0.831462 0
    outer loop
      vertex 34.5432 -47.2562 4
      vertex 34.4127 -47.3434 0
      vertex 34.5432 -47.2562 0
    endloop
  endfacet
  facet normal 0.896961 -0.44211 0
    outer loop
      vertex 34.0346 -47.8362 4
      vertex 34.104 -47.6954 0
      vertex 34.104 -47.6954 4
    endloop
  endfacet
  facet normal 0.896961 -0.44211 0
    outer loop
      vertex 34.104 -47.6954 0
      vertex 34.0346 -47.8362 4
      vertex 34.0346 -47.8362 0
    endloop
  endfacet
  facet normal 0.831462 -0.555582 0
    outer loop
      vertex 34.104 -47.6954 4
      vertex 34.1912 -47.5649 0
      vertex 34.1912 -47.5649 4
    endloop
  endfacet
  facet normal 0.831462 -0.555582 0
    outer loop
      vertex 34.1912 -47.5649 0
      vertex 34.104 -47.6954 4
      vertex 34.104 -47.6954 0
    endloop
  endfacet
  facet normal -0.831462 0.555582 0
    outer loop
      vertex 49.2474 -35.8737 0
      vertex 49.3346 -35.7432 4
      vertex 49.3346 -35.7432 0
    endloop
  endfacet
  facet normal -0.831462 0.555582 0
    outer loop
      vertex 49.3346 -35.7432 4
      vertex 49.2474 -35.8737 0
      vertex 49.2474 -35.8737 4
    endloop
  endfacet
  facet normal -0.751787 0.659406 0
    outer loop
      vertex 49.1439 -35.9917 0
      vertex 49.2474 -35.8737 4
      vertex 49.2474 -35.8737 0
    endloop
  endfacet
  facet normal -0.751787 0.659406 0
    outer loop
      vertex 49.2474 -35.8737 4
      vertex 49.1439 -35.9917 0
      vertex 49.1439 -35.9917 4
    endloop
  endfacet
  facet normal -0.896961 0.44211 0
    outer loop
      vertex 49.3346 -35.7432 0
      vertex 49.404 -35.6024 4
      vertex 49.404 -35.6024 0
    endloop
  endfacet
  facet normal -0.896961 0.44211 0
    outer loop
      vertex 49.404 -35.6024 4
      vertex 49.3346 -35.7432 0
      vertex 49.3346 -35.7432 4
    endloop
  endfacet
  facet normal -0.321194 0.947013 0
    outer loop
      vertex 48.7546 -36.2519 0
      vertex 48.606 -36.3023 4
      vertex 48.7546 -36.2519 4
    endloop
  endfacet
  facet normal -0.321194 0.947013 0
    outer loop
      vertex 48.606 -36.3023 4
      vertex 48.7546 -36.2519 0
      vertex 48.606 -36.3023 0
    endloop
  endfacet
  facet normal 0.442622 0.896708 -0
    outer loop
      vertex 47.8362 -36.2519 0
      vertex 47.6954 -36.1824 4
      vertex 47.8362 -36.2519 4
    endloop
  endfacet
  facet normal 0.442622 0.896708 0
    outer loop
      vertex 47.6954 -36.1824 4
      vertex 47.8362 -36.2519 0
      vertex 47.6954 -36.1824 0
    endloop
  endfacet
  facet normal -0.946819 0.321766 0
    outer loop
      vertex 49.404 -35.6024 0
      vertex 49.4545 -35.4538 4
      vertex 49.4545 -35.4538 0
    endloop
  endfacet
  facet normal -0.946819 0.321766 0
    outer loop
      vertex 49.4545 -35.4538 4
      vertex 49.404 -35.6024 0
      vertex 49.404 -35.6024 4
    endloop
  endfacet
  facet normal 0.321194 0.947013 -0
    outer loop
      vertex 47.9848 -36.3023 0
      vertex 47.8362 -36.2519 4
      vertex 47.9848 -36.3023 4
    endloop
  endfacet
  facet normal 0.321194 0.947013 0
    outer loop
      vertex 47.8362 -36.2519 4
      vertex 47.9848 -36.3023 0
      vertex 47.8362 -36.2519 0
    endloop
  endfacet
  facet normal -0.997844 0.0656309 0
    outer loop
      vertex 49.4851 -35.2998 0
      vertex 49.4954 -35.1432 4
      vertex 49.4954 -35.1432 0
    endloop
  endfacet
  facet normal -0.997844 0.0656309 0
    outer loop
      vertex 49.4954 -35.1432 4
      vertex 49.4851 -35.2998 0
      vertex 49.4851 -35.2998 4
    endloop
  endfacet
  facet normal 0.0656309 0.997844 -0
    outer loop
      vertex 48.2954 -36.3432 0
      vertex 48.1388 -36.3329 4
      vertex 48.2954 -36.3432 4
    endloop
  endfacet
  facet normal 0.0656309 0.997844 0
    outer loop
      vertex 48.1388 -36.3329 4
      vertex 48.2954 -36.3432 0
      vertex 48.1388 -36.3329 0
    endloop
  endfacet
  facet normal -0.0656309 -0.997844 0
    outer loop
      vertex 48.2954 -33.9432 0
      vertex 48.452 -33.9535 4
      vertex 48.2954 -33.9432 4
    endloop
  endfacet
  facet normal -0.0656309 -0.997844 -0
    outer loop
      vertex 48.452 -33.9535 4
      vertex 48.2954 -33.9432 0
      vertex 48.452 -33.9535 0
    endloop
  endfacet
  facet normal -0.194891 0.980825 0
    outer loop
      vertex 48.606 -36.3023 0
      vertex 48.452 -36.3329 4
      vertex 48.606 -36.3023 4
    endloop
  endfacet
  facet normal -0.194891 0.980825 0
    outer loop
      vertex 48.452 -36.3329 4
      vertex 48.606 -36.3023 0
      vertex 48.452 -36.3329 0
    endloop
  endfacet
  facet normal 0.555582 -0.831462 0
    outer loop
      vertex 47.5649 -34.1912 0
      vertex 47.6954 -34.104 4
      vertex 47.5649 -34.1912 4
    endloop
  endfacet
  facet normal 0.555582 -0.831462 0
    outer loop
      vertex 47.6954 -34.104 4
      vertex 47.5649 -34.1912 0
      vertex 47.6954 -34.104 0
    endloop
  endfacet
  facet normal 0.980825 0.194891 0
    outer loop
      vertex 47.1363 -35.4538 4
      vertex 47.1057 -35.2998 0
      vertex 47.1057 -35.2998 4
    endloop
  endfacet
  facet normal 0.980825 0.194891 0
    outer loop
      vertex 47.1057 -35.2998 0
      vertex 47.1363 -35.4538 4
      vertex 47.1363 -35.4538 0
    endloop
  endfacet
  facet normal -0.442622 0.896708 0
    outer loop
      vertex 48.8954 -36.1824 0
      vertex 48.7546 -36.2519 4
      vertex 48.8954 -36.1824 4
    endloop
  endfacet
  facet normal -0.442622 0.896708 0
    outer loop
      vertex 48.7546 -36.2519 4
      vertex 48.8954 -36.1824 0
      vertex 48.7546 -36.2519 0
    endloop
  endfacet
  facet normal -0.659406 0.751787 0
    outer loop
      vertex 49.1439 -35.9917 0
      vertex 49.0259 -36.0952 4
      vertex 49.1439 -35.9917 4
    endloop
  endfacet
  facet normal -0.659406 0.751787 0
    outer loop
      vertex 49.0259 -36.0952 4
      vertex 49.1439 -35.9917 0
      vertex 49.0259 -36.0952 0
    endloop
  endfacet
  facet normal 0.980825 -0.194891 0
    outer loop
      vertex 47.1057 -34.9866 4
      vertex 47.1363 -34.8326 0
      vertex 47.1363 -34.8326 4
    endloop
  endfacet
  facet normal 0.980825 -0.194891 0
    outer loop
      vertex 47.1363 -34.8326 0
      vertex 47.1057 -34.9866 4
      vertex 47.1057 -34.9866 0
    endloop
  endfacet
  facet normal -0.997844 -0.0656309 0
    outer loop
      vertex 49.4954 -35.1432 0
      vertex 49.4851 -34.9866 4
      vertex 49.4851 -34.9866 0
    endloop
  endfacet
  facet normal -0.997844 -0.0656309 0
    outer loop
      vertex 49.4851 -34.9866 4
      vertex 49.4954 -35.1432 0
      vertex 49.4954 -35.1432 4
    endloop
  endfacet
  facet normal 0.0656309 -0.997844 0
    outer loop
      vertex 48.1388 -33.9535 0
      vertex 48.2954 -33.9432 4
      vertex 48.1388 -33.9535 4
    endloop
  endfacet
  facet normal 0.0656309 -0.997844 0
    outer loop
      vertex 48.2954 -33.9432 4
      vertex 48.1388 -33.9535 0
      vertex 48.2954 -33.9432 0
    endloop
  endfacet
  facet normal -0.980825 0.194891 0
    outer loop
      vertex 49.4545 -35.4538 0
      vertex 49.4851 -35.2998 4
      vertex 49.4851 -35.2998 0
    endloop
  endfacet
  facet normal -0.980825 0.194891 0
    outer loop
      vertex 49.4851 -35.2998 4
      vertex 49.4545 -35.4538 0
      vertex 49.4545 -35.4538 4
    endloop
  endfacet
  facet normal 0.831462 -0.555582 0
    outer loop
      vertex 47.2562 -34.5432 4
      vertex 47.3434 -34.4127 0
      vertex 47.3434 -34.4127 4
    endloop
  endfacet
  facet normal 0.831462 -0.555582 0
    outer loop
      vertex 47.3434 -34.4127 0
      vertex 47.2562 -34.5432 4
      vertex 47.2562 -34.5432 0
    endloop
  endfacet
  facet normal -0.0656309 0.997844 0
    outer loop
      vertex 48.452 -36.3329 0
      vertex 48.2954 -36.3432 4
      vertex 48.452 -36.3329 4
    endloop
  endfacet
  facet normal -0.0656309 0.997844 0
    outer loop
      vertex 48.2954 -36.3432 4
      vertex 48.452 -36.3329 0
      vertex 48.2954 -36.3432 0
    endloop
  endfacet
  facet normal 0.555582 0.831462 -0
    outer loop
      vertex 47.6954 -36.1824 0
      vertex 47.5649 -36.0952 4
      vertex 47.6954 -36.1824 4
    endloop
  endfacet
  facet normal 0.555582 0.831462 0
    outer loop
      vertex 47.5649 -36.0952 4
      vertex 47.6954 -36.1824 0
      vertex 47.5649 -36.0952 0
    endloop
  endfacet
  facet normal 0.659406 0.751787 -0
    outer loop
      vertex 47.5649 -36.0952 0
      vertex 47.4469 -35.9917 4
      vertex 47.5649 -36.0952 4
    endloop
  endfacet
  facet normal 0.659406 0.751787 0
    outer loop
      vertex 47.4469 -35.9917 4
      vertex 47.5649 -36.0952 0
      vertex 47.4469 -35.9917 0
    endloop
  endfacet
  facet normal 0.659406 -0.751787 0
    outer loop
      vertex 47.4469 -34.2947 0
      vertex 47.5649 -34.1912 4
      vertex 47.4469 -34.2947 4
    endloop
  endfacet
  facet normal 0.659406 -0.751787 0
    outer loop
      vertex 47.5649 -34.1912 4
      vertex 47.4469 -34.2947 0
      vertex 47.5649 -34.1912 0
    endloop
  endfacet
  facet normal 0.947013 -0.321194 0
    outer loop
      vertex 47.1363 -34.8326 4
      vertex 47.1867 -34.684 0
      vertex 47.1867 -34.684 4
    endloop
  endfacet
  facet normal 0.947013 -0.321194 0
    outer loop
      vertex 47.1867 -34.684 0
      vertex 47.1363 -34.8326 4
      vertex 47.1363 -34.8326 0
    endloop
  endfacet
  facet normal 0.896708 0.442622 0
    outer loop
      vertex 47.2562 -35.7432 4
      vertex 47.1867 -35.6024 0
      vertex 47.1867 -35.6024 4
    endloop
  endfacet
  facet normal 0.896708 0.442622 0
    outer loop
      vertex 47.1867 -35.6024 0
      vertex 47.2562 -35.7432 4
      vertex 47.2562 -35.7432 0
    endloop
  endfacet
  facet normal 0.947013 0.321194 0
    outer loop
      vertex 47.1867 -35.6024 4
      vertex 47.1363 -35.4538 0
      vertex 47.1363 -35.4538 4
    endloop
  endfacet
  facet normal 0.947013 0.321194 0
    outer loop
      vertex 47.1363 -35.4538 0
      vertex 47.1867 -35.6024 4
      vertex 47.1867 -35.6024 0
    endloop
  endfacet
  facet normal 0.44211 -0.896961 0
    outer loop
      vertex 47.6954 -34.104 0
      vertex 47.8362 -34.0346 4
      vertex 47.6954 -34.104 4
    endloop
  endfacet
  facet normal 0.44211 -0.896961 0
    outer loop
      vertex 47.8362 -34.0346 4
      vertex 47.6954 -34.104 0
      vertex 47.8362 -34.0346 0
    endloop
  endfacet
  facet normal 0.751787 -0.659406 0
    outer loop
      vertex 47.3434 -34.4127 4
      vertex 47.4469 -34.2947 0
      vertex 47.4469 -34.2947 4
    endloop
  endfacet
  facet normal 0.751787 -0.659406 0
    outer loop
      vertex 47.4469 -34.2947 0
      vertex 47.3434 -34.4127 4
      vertex 47.3434 -34.4127 0
    endloop
  endfacet
  facet normal -0.555582 0.831462 0
    outer loop
      vertex 49.0259 -36.0952 0
      vertex 48.8954 -36.1824 4
      vertex 49.0259 -36.0952 4
    endloop
  endfacet
  facet normal -0.555582 0.831462 0
    outer loop
      vertex 48.8954 -36.1824 4
      vertex 49.0259 -36.0952 0
      vertex 48.8954 -36.1824 0
    endloop
  endfacet
  facet normal 0.997844 0.0656309 0
    outer loop
      vertex 47.1057 -35.2998 4
      vertex 47.0954 -35.1432 0
      vertex 47.0954 -35.1432 4
    endloop
  endfacet
  facet normal 0.997844 0.0656309 0
    outer loop
      vertex 47.0954 -35.1432 0
      vertex 47.1057 -35.2998 4
      vertex 47.1057 -35.2998 0
    endloop
  endfacet
  facet normal -0.980891 -0.194557 0
    outer loop
      vertex 49.4851 -34.9866 0
      vertex 49.4683 -34.9019 4
      vertex 49.4683 -34.9019 0
    endloop
  endfacet
  facet normal -0.980891 -0.194557 0
    outer loop
      vertex 49.4683 -34.9019 4
      vertex 49.4851 -34.9866 0
      vertex 49.4851 -34.9866 4
    endloop
  endfacet
  facet normal 0.831462 0.555582 0
    outer loop
      vertex 47.3434 -35.8737 4
      vertex 47.2562 -35.7432 0
      vertex 47.2562 -35.7432 4
    endloop
  endfacet
  facet normal 0.831462 0.555582 0
    outer loop
      vertex 47.2562 -35.7432 0
      vertex 47.3434 -35.8737 4
      vertex 47.3434 -35.8737 0
    endloop
  endfacet
  facet normal 0.896708 -0.442622 0
    outer loop
      vertex 47.1867 -34.684 4
      vertex 47.2562 -34.5432 0
      vertex 47.2562 -34.5432 4
    endloop
  endfacet
  facet normal 0.896708 -0.442622 0
    outer loop
      vertex 47.2562 -34.5432 0
      vertex 47.1867 -34.684 4
      vertex 47.1867 -34.684 0
    endloop
  endfacet
  facet normal -0.194557 -0.980891 0
    outer loop
      vertex 48.452 -33.9535 0
      vertex 48.5367 -33.9703 4
      vertex 48.452 -33.9535 4
    endloop
  endfacet
  facet normal -0.194557 -0.980891 -0
    outer loop
      vertex 48.5367 -33.9703 4
      vertex 48.452 -33.9535 0
      vertex 48.5367 -33.9703 0
    endloop
  endfacet
  facet normal 0.997844 -0.0656309 0
    outer loop
      vertex 47.0954 -35.1432 4
      vertex 47.1057 -34.9866 0
      vertex 47.1057 -34.9866 4
    endloop
  endfacet
  facet normal 0.997844 -0.0656309 0
    outer loop
      vertex 47.1057 -34.9866 0
      vertex 47.0954 -35.1432 4
      vertex 47.0954 -35.1432 0
    endloop
  endfacet
  facet normal 0.194891 0.980825 -0
    outer loop
      vertex 48.1388 -36.3329 0
      vertex 47.9848 -36.3023 4
      vertex 48.1388 -36.3329 4
    endloop
  endfacet
  facet normal 0.194891 0.980825 0
    outer loop
      vertex 47.9848 -36.3023 4
      vertex 48.1388 -36.3329 0
      vertex 47.9848 -36.3023 0
    endloop
  endfacet
  facet normal 0.321766 -0.946819 0
    outer loop
      vertex 47.8362 -34.0346 0
      vertex 47.9848 -33.9841 4
      vertex 47.8362 -34.0346 4
    endloop
  endfacet
  facet normal 0.321766 -0.946819 0
    outer loop
      vertex 47.9848 -33.9841 4
      vertex 47.8362 -34.0346 0
      vertex 47.9848 -33.9841 0
    endloop
  endfacet
  facet normal 0.194891 -0.980825 0
    outer loop
      vertex 47.9848 -33.9841 0
      vertex 48.1388 -33.9535 4
      vertex 47.9848 -33.9841 4
    endloop
  endfacet
  facet normal 0.194891 -0.980825 0
    outer loop
      vertex 48.1388 -33.9535 4
      vertex 47.9848 -33.9841 0
      vertex 48.1388 -33.9535 0
    endloop
  endfacet
  facet normal 0.751787 0.659406 0
    outer loop
      vertex 47.4469 -35.9917 4
      vertex 47.3434 -35.8737 0
      vertex 47.3434 -35.8737 4
    endloop
  endfacet
  facet normal 0.751787 0.659406 0
    outer loop
      vertex 47.3434 -35.8737 0
      vertex 47.4469 -35.9917 4
      vertex 47.4469 -35.9917 0
    endloop
  endfacet
  facet normal -0.137942 0.137942 0.980788
    outer loop
      vertex 48.8061 47.6432 2.0539
      vertex 20.1034 17.7975 2.21467
      vertex 49.3777 47.0717 2.21467
    endloop
  endfacet
  facet normal -0.137953 0.137953 0.980784
    outer loop
      vertex 20.1034 17.7975 2.21467
      vertex 48.8061 47.6432 2.0539
      vertex 19.5319 18.369 2.0539
    endloop
  endfacet
  facet normal 0.0462504 -0.0462504 0.997859
    outer loop
      vertex 47.6432 48.8061 2.0539
      vertex 18.9505 18.9505 2
      vertex 48.2247 48.2247 2
    endloop
  endfacet
  facet normal 0.0462504 -0.0462504 0.997859
    outer loop
      vertex 18.9505 18.9505 2
      vertex 47.6432 48.8061 2.0539
      vertex 18.369 19.5319 2.0539
    endloop
  endfacet
  facet normal -0.707197 -0.707016 0.000644807
    outer loop
      vertex 48.8061 47.6432 2.0539
      vertex 49.9295 46.5199 2.47956
      vertex 48.2247 48.2247 2
    endloop
  endfacet
  facet normal -0.707107 -0.707107 0
    outer loop
      vertex 45.5128 50.9366 3.30187
      vertex 46.5199 49.9295 2.47956
      vertex 45.0747 51.3747 3.84523
    endloop
  endfacet
  facet normal -0.227286 0.227287 0.946933
    outer loop
      vertex 49.3777 47.0717 2.21467
      vertex 20.6552 17.2457 2.47956
      vertex 49.9295 46.5199 2.47956
    endloop
  endfacet
  facet normal -0.227286 0.227287 0.946933
    outer loop
      vertex 20.6552 17.2457 2.47956
      vertex 49.3777 47.0717 2.21467
      vertex 20.1034 17.7975 2.21467
    endloop
  endfacet
  facet normal 0.137942 -0.137942 0.980788
    outer loop
      vertex 47.0717 49.3777 2.21467
      vertex 18.369 19.5319 2.0539
      vertex 47.6432 48.8061 2.0539
    endloop
  endfacet
  facet normal 0.137954 -0.137953 0.980784
    outer loop
      vertex 18.369 19.5319 2.0539
      vertex 47.0717 49.3777 2.21467
      vertex 17.7975 20.1034 2.21467
    endloop
  endfacet
  facet normal 0.227287 -0.227286 0.946933
    outer loop
      vertex 46.5199 49.9295 2.47956
      vertex 17.7975 20.1034 2.21467
      vertex 47.0717 49.3777 2.21467
    endloop
  endfacet
  facet normal 0.227287 -0.227286 0.946933
    outer loop
      vertex 17.7975 20.1034 2.21467
      vertex 46.5199 49.9295 2.47956
      vertex 17.2457 20.6552 2.47956
    endloop
  endfacet
  facet normal 0.707107 0.707107 0.000456876
    outer loop
      vertex 22.1005 15.8005 3.84523
      vertex 15.8005 22.1005 3.84523
      vertex 15.7045 22.1964 4
    endloop
  endfacet
  facet normal 0.707107 0.707107 -5.17773e-05
    outer loop
      vertex 15.8005 22.1005 3.84523
      vertex 20.6552 17.2457 2.47956
      vertex 17.2457 20.6552 2.47956
    endloop
  endfacet
  facet normal 0.707107 0.707107 -5.17773e-05
    outer loop
      vertex 15.8005 22.1005 3.84523
      vertex 22.1005 15.8005 3.84523
      vertex 20.6552 17.2457 2.47956
    endloop
  endfacet
  facet normal 0.707107 0.707107 0.000456876
    outer loop
      vertex 22.1005 15.8005 3.84523
      vertex 15.7045 22.1964 4
      vertex 22.1964 15.7045 4
    endloop
  endfacet
  facet normal 0.312754 -0.312753 0.896867
    outer loop
      vertex 45.9973 50.4521 2.84404
      vertex 17.2457 20.6552 2.47956
      vertex 46.5199 49.9295 2.47956
    endloop
  endfacet
  facet normal 0.312754 -0.312753 0.896867
    outer loop
      vertex 17.2457 20.6552 2.47956
      vertex 45.9973 50.4521 2.84404
      vertex 16.7231 21.1778 2.84404
    endloop
  endfacet
  facet normal 0.707187 0.707026 -0.00042486
    outer loop
      vertex 20.6552 17.2457 2.47956
      vertex 19.5319 18.369 2.0539
      vertex 18.9505 18.9505 2
    endloop
  endfacet
  facet normal -0.707107 -0.707107 0
    outer loop
      vertex 50.9366 45.5128 3.30187
      vertex 51.3747 45.0747 3.84523
      vertex 49.9295 46.5199 2.47956
    endloop
  endfacet
  facet normal -0.312753 0.312754 0.896867
    outer loop
      vertex 49.9295 46.5199 2.47956
      vertex 21.1778 16.7231 2.84404
      vertex 50.4521 45.9973 2.84404
    endloop
  endfacet
  facet normal -0.312753 0.312754 0.896867
    outer loop
      vertex 21.1778 16.7231 2.84404
      vertex 49.9295 46.5199 2.47956
      vertex 20.6552 17.2457 2.47956
    endloop
  endfacet
  facet normal -0.466235 0.466235 0.751831
    outer loop
      vertex 50.9366 45.5128 3.30187
      vertex 22.1005 15.8005 3.84523
      vertex 51.3747 45.0747 3.84523
    endloop
  endfacet
  facet normal -0.466235 0.466235 0.751831
    outer loop
      vertex 22.1005 15.8005 3.84523
      vertex 50.9366 45.5128 3.30187
      vertex 21.6624 16.2386 3.30187
    endloop
  endfacet
  facet normal -0.707107 -0.707107 0
    outer loop
      vertex 48.2247 48.2247 2
      vertex 49.9295 46.5199 2.47956
      vertex 46.5199 49.9295 2.47956
    endloop
  endfacet
  facet normal -0.707016 -0.707197 0.000644807
    outer loop
      vertex 47.6432 48.8061 2.0539
      vertex 48.2247 48.2247 2
      vertex 46.5199 49.9295 2.47956
    endloop
  endfacet
  facet normal 0.707107 0.707107 0
    outer loop
      vertex 20.6552 17.2457 2.47956
      vertex 20.1034 17.7975 2.21467
      vertex 19.5319 18.369 2.0539
    endloop
  endfacet
  facet normal 0.707026 0.707187 -0.00042486
    outer loop
      vertex 18.9505 18.9505 2
      vertex 18.369 19.5319 2.0539
      vertex 17.2457 20.6552 2.47956
    endloop
  endfacet
  facet normal 0.706901 0.707312 -0.000589809
    outer loop
      vertex 17.2457 20.6552 2.47956
      vertex 16.7231 21.1778 2.84404
      vertex 16.2386 21.6624 3.30187
    endloop
  endfacet
  facet normal -0.0462504 0.0462504 0.997859
    outer loop
      vertex 48.2247 48.2247 2
      vertex 19.5319 18.369 2.0539
      vertex 48.8061 47.6432 2.0539
    endloop
  endfacet
  facet normal -0.0462504 0.0462504 0.997859
    outer loop
      vertex 19.5319 18.369 2.0539
      vertex 48.2247 48.2247 2
      vertex 18.9505 18.9505 2
    endloop
  endfacet
  facet normal 0.707209 0.707004 0.000165668
    outer loop
      vertex 17.2457 20.6552 2.47956
      vertex 16.2386 21.6624 3.30187
      vertex 15.8005 22.1005 3.84523
    endloop
  endfacet
  facet normal -0.707107 -0.707107 -8.07952e-14
    outer loop
      vertex 50.4521 45.9973 2.84404
      vertex 50.9366 45.5128 3.30187
      vertex 49.9295 46.5199 2.47956
    endloop
  endfacet
  facet normal -0.707256 -0.706957 -0.000622448
    outer loop
      vertex 47.0717 49.3777 2.21467
      vertex 47.6432 48.8061 2.0539
      vertex 46.5199 49.9295 2.47956
    endloop
  endfacet
  facet normal -0.707107 -0.707107 -8.07952e-14
    outer loop
      vertex 45.9973 50.4521 2.84404
      vertex 46.5199 49.9295 2.47956
      vertex 45.5128 50.9366 3.30187
    endloop
  endfacet
  facet normal 0.707107 0.707107 0
    outer loop
      vertex 18.369 19.5319 2.0539
      vertex 17.7975 20.1034 2.21467
      vertex 17.2457 20.6552 2.47956
    endloop
  endfacet
  facet normal -0.706957 -0.707256 -0.000622448
    outer loop
      vertex 49.3777 47.0717 2.21467
      vertex 49.9295 46.5199 2.47956
      vertex 48.8061 47.6432 2.0539
    endloop
  endfacet
  facet normal 0.707107 0.707107 0.000147449
    outer loop
      vertex 20.6552 17.2457 2.47956
      vertex 18.9505 18.9505 2
      vertex 17.2457 20.6552 2.47956
    endloop
  endfacet
  facet normal -0.392849 0.392849 0.831468
    outer loop
      vertex 50.4521 45.9973 2.84404
      vertex 21.6624 16.2386 3.30187
      vertex 50.9366 45.5128 3.30187
    endloop
  endfacet
  facet normal -0.392821 0.392822 0.831494
    outer loop
      vertex 21.6624 16.2386 3.30187
      vertex 50.4521 45.9973 2.84404
      vertex 21.1778 16.7231 2.84404
    endloop
  endfacet
  facet normal 0.39285 -0.392849 0.831468
    outer loop
      vertex 45.5128 50.9366 3.30187
      vertex 16.7231 21.1778 2.84404
      vertex 45.9973 50.4521 2.84404
    endloop
  endfacet
  facet normal 0.392821 -0.392821 0.831494
    outer loop
      vertex 16.7231 21.1778 2.84404
      vertex 45.5128 50.9366 3.30187
      vertex 16.2386 21.6624 3.30187
    endloop
  endfacet
  facet normal 0.531572 -0.531572 0.659442
    outer loop
      vertex 44.9787 51.4707 4
      vertex 15.8005 22.1005 3.84523
      vertex 45.0747 51.3747 3.84523
    endloop
  endfacet
  facet normal 0.531693 -0.531691 0.659247
    outer loop
      vertex 15.8005 22.1005 3.84523
      vertex 44.9787 51.4707 4
      vertex 15.7045 22.1964 4
    endloop
  endfacet
  facet normal 0.466235 -0.466235 0.751831
    outer loop
      vertex 45.0747 51.3747 3.84523
      vertex 16.2386 21.6624 3.30187
      vertex 45.5128 50.9366 3.30187
    endloop
  endfacet
  facet normal 0.466235 -0.466235 0.751831
    outer loop
      vertex 16.2386 21.6624 3.30187
      vertex 45.0747 51.3747 3.84523
      vertex 15.8005 22.1005 3.84523
    endloop
  endfacet
  facet normal 0.707312 0.706901 -0.000589809
    outer loop
      vertex 21.6624 16.2386 3.30187
      vertex 21.1778 16.7231 2.84404
      vertex 20.6552 17.2457 2.47956
    endloop
  endfacet
  facet normal -0.707107 -0.707107 0
    outer loop
      vertex 49.9295 46.5199 2.47956
      vertex 45.0747 51.3747 3.84523
      vertex 46.5199 49.9295 2.47956
    endloop
  endfacet
  facet normal -0.707107 -0.707107 0
    outer loop
      vertex 51.3747 45.0747 3.84523
      vertex 45.0747 51.3747 3.84523
      vertex 49.9295 46.5199 2.47956
    endloop
  endfacet
  facet normal -0.707107 -0.707107 3.24469e-14
    outer loop
      vertex 45.0747 51.3747 3.84523
      vertex 51.3747 45.0747 3.84523
      vertex 44.9787 51.4707 4
    endloop
  endfacet
  facet normal -0.707107 -0.707107 3.00028e-14
    outer loop
      vertex 44.9787 51.4707 4
      vertex 51.3747 45.0747 3.84523
      vertex 51.4707 44.9787 4
    endloop
  endfacet
  facet normal 0.707004 0.707209 0.000165668
    outer loop
      vertex 22.1005 15.8005 3.84523
      vertex 21.6624 16.2386 3.30187
      vertex 20.6552 17.2457 2.47956
    endloop
  endfacet
  facet normal -0.531571 0.531573 0.659442
    outer loop
      vertex 51.3747 45.0747 3.84523
      vertex 22.1964 15.7045 4
      vertex 51.4707 44.9787 4
    endloop
  endfacet
  facet normal -0.531692 0.531692 0.659247
    outer loop
      vertex 22.1964 15.7045 4
      vertex 51.3747 45.0747 3.84523
      vertex 22.1005 15.8005 3.84523
    endloop
  endfacet
  facet normal 0.0462504 0.0462504 0.997859
    outer loop
      vertex -48.2247 48.2247 2
      vertex -19.5319 18.369 2.0539
      vertex -18.9505 18.9505 2
    endloop
  endfacet
  facet normal 0.0462504 0.0462504 0.997859
    outer loop
      vertex -19.5319 18.369 2.0539
      vertex -48.2247 48.2247 2
      vertex -48.8061 47.6432 2.0539
    endloop
  endfacet
  facet normal 0.707016 -0.707197 0.000644807
    outer loop
      vertex -47.6432 48.8061 2.0539
      vertex -46.5199 49.9295 2.47956
      vertex -48.2247 48.2247 2
    endloop
  endfacet
  facet normal 0.707107 -0.707107 0
    outer loop
      vertex -50.9366 45.5128 3.30187
      vertex -49.9295 46.5199 2.47956
      vertex -51.3747 45.0747 3.84523
    endloop
  endfacet
  facet normal -0.227287 -0.227286 0.946933
    outer loop
      vertex -46.5199 49.9295 2.47956
      vertex -17.7975 20.1034 2.21467
      vertex -17.2457 20.6552 2.47956
    endloop
  endfacet
  facet normal -0.227287 -0.227286 0.946933
    outer loop
      vertex -17.7975 20.1034 2.21467
      vertex -46.5199 49.9295 2.47956
      vertex -47.0717 49.3777 2.21467
    endloop
  endfacet
  facet normal 0.137953 0.137953 0.980784
    outer loop
      vertex -48.8061 47.6432 2.0539
      vertex -20.1034 17.7975 2.21467
      vertex -19.5319 18.369 2.0539
    endloop
  endfacet
  facet normal 0.137942 0.137942 0.980788
    outer loop
      vertex -20.1034 17.7975 2.21467
      vertex -48.8061 47.6432 2.0539
      vertex -49.3777 47.0717 2.21467
    endloop
  endfacet
  facet normal 0.227286 0.227287 0.946933
    outer loop
      vertex -49.3777 47.0717 2.21467
      vertex -20.6552 17.2457 2.47956
      vertex -20.1034 17.7975 2.21467
    endloop
  endfacet
  facet normal 0.227286 0.227287 0.946933
    outer loop
      vertex -20.6552 17.2457 2.47956
      vertex -49.3777 47.0717 2.21467
      vertex -49.9295 46.5199 2.47956
    endloop
  endfacet
  facet normal -0.531693 -0.531691 0.659247
    outer loop
      vertex -44.9787 51.4707 4
      vertex -15.8005 22.1005 3.84523
      vertex -15.7045 22.1964 4
    endloop
  endfacet
  facet normal -0.531572 -0.531572 0.659442
    outer loop
      vertex -15.8005 22.1005 3.84523
      vertex -44.9787 51.4707 4
      vertex -45.0747 51.3747 3.84523
    endloop
  endfacet
  facet normal 0.312753 0.312754 0.896867
    outer loop
      vertex -49.9295 46.5199 2.47956
      vertex -21.1778 16.7231 2.84404
      vertex -20.6552 17.2457 2.47956
    endloop
  endfacet
  facet normal 0.312753 0.312754 0.896867
    outer loop
      vertex -21.1778 16.7231 2.84404
      vertex -49.9295 46.5199 2.47956
      vertex -50.4521 45.9973 2.84404
    endloop
  endfacet
  facet normal -0.707026 0.707187 -0.00042486
    outer loop
      vertex -17.2457 20.6552 2.47956
      vertex -18.369 19.5319 2.0539
      vertex -18.9505 18.9505 2
    endloop
  endfacet
  facet normal 0.707107 -0.707107 0
    outer loop
      vertex -45.5128 50.9366 3.30187
      vertex -45.0747 51.3747 3.84523
      vertex -46.5199 49.9295 2.47956
    endloop
  endfacet
  facet normal -0.312754 -0.312753 0.896867
    outer loop
      vertex -45.9973 50.4521 2.84404
      vertex -17.2457 20.6552 2.47956
      vertex -16.7231 21.1778 2.84404
    endloop
  endfacet
  facet normal -0.312754 -0.312753 0.896867
    outer loop
      vertex -17.2457 20.6552 2.47956
      vertex -45.9973 50.4521 2.84404
      vertex -46.5199 49.9295 2.47956
    endloop
  endfacet
  facet normal -0.466235 -0.466235 0.751831
    outer loop
      vertex -45.0747 51.3747 3.84523
      vertex -16.2386 21.6624 3.30187
      vertex -15.8005 22.1005 3.84523
    endloop
  endfacet
  facet normal -0.466235 -0.466235 0.751831
    outer loop
      vertex -16.2386 21.6624 3.30187
      vertex -45.0747 51.3747 3.84523
      vertex -45.5128 50.9366 3.30187
    endloop
  endfacet
  facet normal -0.137954 -0.137953 0.980784
    outer loop
      vertex -47.0717 49.3777 2.21467
      vertex -18.369 19.5319 2.0539
      vertex -17.7975 20.1034 2.21467
    endloop
  endfacet
  facet normal -0.137942 -0.137942 0.980788
    outer loop
      vertex -18.369 19.5319 2.0539
      vertex -47.0717 49.3777 2.21467
      vertex -47.6432 48.8061 2.0539
    endloop
  endfacet
  facet normal 0.707107 -0.707107 0
    outer loop
      vertex -48.2247 48.2247 2
      vertex -46.5199 49.9295 2.47956
      vertex -49.9295 46.5199 2.47956
    endloop
  endfacet
  facet normal 0.707197 -0.707016 0.000644807
    outer loop
      vertex -48.8061 47.6432 2.0539
      vertex -48.2247 48.2247 2
      vertex -49.9295 46.5199 2.47956
    endloop
  endfacet
  facet normal -0.707107 0.707107 0
    outer loop
      vertex -17.2457 20.6552 2.47956
      vertex -17.7975 20.1034 2.21467
      vertex -18.369 19.5319 2.0539
    endloop
  endfacet
  facet normal -0.707187 0.707026 -0.00042486
    outer loop
      vertex -18.9505 18.9505 2
      vertex -19.5319 18.369 2.0539
      vertex -20.6552 17.2457 2.47956
    endloop
  endfacet
  facet normal -0.707312 0.706901 -0.000589809
    outer loop
      vertex -20.6552 17.2457 2.47956
      vertex -21.1778 16.7231 2.84404
      vertex -21.6624 16.2386 3.30187
    endloop
  endfacet
  facet normal -0.0462504 -0.0462504 0.997859
    outer loop
      vertex -47.6432 48.8061 2.0539
      vertex -18.9505 18.9505 2
      vertex -18.369 19.5319 2.0539
    endloop
  endfacet
  facet normal -0.0462504 -0.0462504 0.997859
    outer loop
      vertex -18.9505 18.9505 2
      vertex -47.6432 48.8061 2.0539
      vertex -48.2247 48.2247 2
    endloop
  endfacet
  facet normal -0.707004 0.707209 0.000165668
    outer loop
      vertex -20.6552 17.2457 2.47956
      vertex -21.6624 16.2386 3.30187
      vertex -22.1005 15.8005 3.84523
    endloop
  endfacet
  facet normal 0.707107 -0.707107 -8.07952e-14
    outer loop
      vertex -45.9973 50.4521 2.84404
      vertex -45.5128 50.9366 3.30187
      vertex -46.5199 49.9295 2.47956
    endloop
  endfacet
  facet normal 0.706957 -0.707256 -0.000622448
    outer loop
      vertex -49.3777 47.0717 2.21467
      vertex -48.8061 47.6432 2.0539
      vertex -49.9295 46.5199 2.47956
    endloop
  endfacet
  facet normal 0.707107 -0.707107 -8.07952e-14
    outer loop
      vertex -50.4521 45.9973 2.84404
      vertex -49.9295 46.5199 2.47956
      vertex -50.9366 45.5128 3.30187
    endloop
  endfacet
  facet normal -0.707107 0.707107 0
    outer loop
      vertex -19.5319 18.369 2.0539
      vertex -20.1034 17.7975 2.21467
      vertex -20.6552 17.2457 2.47956
    endloop
  endfacet
  facet normal 0.707256 -0.706957 -0.000622448
    outer loop
      vertex -47.0717 49.3777 2.21467
      vertex -46.5199 49.9295 2.47956
      vertex -47.6432 48.8061 2.0539
    endloop
  endfacet
  facet normal -0.707107 0.707107 0.000147449
    outer loop
      vertex -17.2457 20.6552 2.47956
      vertex -18.9505 18.9505 2
      vertex -20.6552 17.2457 2.47956
    endloop
  endfacet
  facet normal -0.392821 -0.392821 0.831494
    outer loop
      vertex -45.5128 50.9366 3.30187
      vertex -16.7231 21.1778 2.84404
      vertex -16.2386 21.6624 3.30187
    endloop
  endfacet
  facet normal -0.39285 -0.392849 0.831468
    outer loop
      vertex -16.7231 21.1778 2.84404
      vertex -45.5128 50.9366 3.30187
      vertex -45.9973 50.4521 2.84404
    endloop
  endfacet
  facet normal 0.392821 0.392822 0.831494
    outer loop
      vertex -50.4521 45.9973 2.84404
      vertex -21.6624 16.2386 3.30187
      vertex -21.1778 16.7231 2.84404
    endloop
  endfacet
  facet normal 0.392849 0.392849 0.831468
    outer loop
      vertex -21.6624 16.2386 3.30187
      vertex -50.4521 45.9973 2.84404
      vertex -50.9366 45.5128 3.30187
    endloop
  endfacet
  facet normal 0.466235 0.466235 0.751831
    outer loop
      vertex -50.9366 45.5128 3.30187
      vertex -22.1005 15.8005 3.84523
      vertex -21.6624 16.2386 3.30187
    endloop
  endfacet
  facet normal 0.466235 0.466235 0.751831
    outer loop
      vertex -22.1005 15.8005 3.84523
      vertex -50.9366 45.5128 3.30187
      vertex -51.3747 45.0747 3.84523
    endloop
  endfacet
  facet normal -0.707107 0.707107 -5.17773e-05
    outer loop
      vertex -20.6552 17.2457 2.47956
      vertex -15.8005 22.1005 3.84523
      vertex -17.2457 20.6552 2.47956
    endloop
  endfacet
  facet normal -0.707107 0.707107 -5.17773e-05
    outer loop
      vertex -22.1005 15.8005 3.84523
      vertex -15.8005 22.1005 3.84523
      vertex -20.6552 17.2457 2.47956
    endloop
  endfacet
  facet normal -0.707107 0.707107 0.000456876
    outer loop
      vertex -15.8005 22.1005 3.84523
      vertex -22.1005 15.8005 3.84523
      vertex -15.7045 22.1964 4
    endloop
  endfacet
  facet normal -0.707107 0.707107 0.000456876
    outer loop
      vertex -15.7045 22.1964 4
      vertex -22.1005 15.8005 3.84523
      vertex -22.1964 15.7045 4
    endloop
  endfacet
  facet normal -0.706901 0.707312 -0.000589809
    outer loop
      vertex -16.2386 21.6624 3.30187
      vertex -16.7231 21.1778 2.84404
      vertex -17.2457 20.6552 2.47956
    endloop
  endfacet
  facet normal 0.531692 0.531692 0.659247
    outer loop
      vertex -51.3747 45.0747 3.84523
      vertex -22.1964 15.7045 4
      vertex -22.1005 15.8005 3.84523
    endloop
  endfacet
  facet normal 0.531571 0.531573 0.659442
    outer loop
      vertex -22.1964 15.7045 4
      vertex -51.3747 45.0747 3.84523
      vertex -51.4707 44.9787 4
    endloop
  endfacet
  facet normal 0.707107 -0.707107 3.09171e-14
    outer loop
      vertex -51.3747 45.0747 3.84523
      vertex -45.0747 51.3747 3.84523
      vertex -44.9787 51.4707 4
    endloop
  endfacet
  facet normal 0.707107 -0.707107 0
    outer loop
      vertex -45.0747 51.3747 3.84523
      vertex -49.9295 46.5199 2.47956
      vertex -46.5199 49.9295 2.47956
    endloop
  endfacet
  facet normal 0.707107 -0.707107 0
    outer loop
      vertex -45.0747 51.3747 3.84523
      vertex -51.3747 45.0747 3.84523
      vertex -49.9295 46.5199 2.47956
    endloop
  endfacet
  facet normal 0.707107 -0.707107 3.24249e-14
    outer loop
      vertex -51.3747 45.0747 3.84523
      vertex -44.9787 51.4707 4
      vertex -51.4707 44.9787 4
    endloop
  endfacet
  facet normal -0.707209 0.707004 0.000165668
    outer loop
      vertex -15.8005 22.1005 3.84523
      vertex -16.2386 21.6624 3.30187
      vertex -17.2457 20.6552 2.47956
    endloop
  endfacet
  facet normal 0.707197 0.707016 0.000644807
    outer loop
      vertex -48.2247 -48.2247 2
      vertex -48.8061 -47.6432 2.0539
      vertex -49.9295 -46.5199 2.47956
    endloop
  endfacet
  facet normal -0.0462504 0.0462504 0.997859
    outer loop
      vertex -18.9505 -18.9505 2
      vertex -47.6432 -48.8061 2.0539
      vertex -18.369 -19.5319 2.0539
    endloop
  endfacet
  facet normal -0.0462504 0.0462504 0.997859
    outer loop
      vertex -47.6432 -48.8061 2.0539
      vertex -18.9505 -18.9505 2
      vertex -48.2247 -48.2247 2
    endloop
  endfacet
  facet normal 0.466235 -0.466235 0.751831
    outer loop
      vertex -22.1005 -15.8005 3.84523
      vertex -50.9366 -45.5128 3.30187
      vertex -21.6624 -16.2386 3.30187
    endloop
  endfacet
  facet normal 0.466235 -0.466235 0.751831
    outer loop
      vertex -50.9366 -45.5128 3.30187
      vertex -22.1005 -15.8005 3.84523
      vertex -51.3747 -45.0747 3.84523
    endloop
  endfacet
  facet normal 0.707107 0.707107 0
    outer loop
      vertex -45.0747 -51.3747 3.84523
      vertex -45.5128 -50.9366 3.30187
      vertex -46.5199 -49.9295 2.47956
    endloop
  endfacet
  facet normal 0.531692 -0.531692 0.659247
    outer loop
      vertex -22.1964 -15.7045 4
      vertex -51.3747 -45.0747 3.84523
      vertex -22.1005 -15.8005 3.84523
    endloop
  endfacet
  facet normal 0.531571 -0.531573 0.659442
    outer loop
      vertex -51.3747 -45.0747 3.84523
      vertex -22.1964 -15.7045 4
      vertex -51.4707 -44.9787 4
    endloop
  endfacet
  facet normal -0.707187 -0.707026 -0.00042486
    outer loop
      vertex -19.5319 -18.369 2.0539
      vertex -18.9505 -18.9505 2
      vertex -20.6552 -17.2457 2.47956
    endloop
  endfacet
  facet normal 0.707107 0.707107 0
    outer loop
      vertex -49.9295 -46.5199 2.47956
      vertex -50.9366 -45.5128 3.30187
      vertex -51.3747 -45.0747 3.84523
    endloop
  endfacet
  facet normal 0.137953 -0.137953 0.980784
    outer loop
      vertex -20.1034 -17.7975 2.21467
      vertex -48.8061 -47.6432 2.0539
      vertex -19.5319 -18.369 2.0539
    endloop
  endfacet
  facet normal 0.137942 -0.137942 0.980788
    outer loop
      vertex -48.8061 -47.6432 2.0539
      vertex -20.1034 -17.7975 2.21467
      vertex -49.3777 -47.0717 2.21467
    endloop
  endfacet
  facet normal 0.707107 0.707107 0
    outer loop
      vertex -46.5199 -49.9295 2.47956
      vertex -48.2247 -48.2247 2
      vertex -49.9295 -46.5199 2.47956
    endloop
  endfacet
  facet normal 0.707016 0.707197 0.000644807
    outer loop
      vertex -46.5199 -49.9295 2.47956
      vertex -47.6432 -48.8061 2.0539
      vertex -48.2247 -48.2247 2
    endloop
  endfacet
  facet normal -0.707107 -0.707107 0
    outer loop
      vertex -20.1034 -17.7975 2.21467
      vertex -19.5319 -18.369 2.0539
      vertex -20.6552 -17.2457 2.47956
    endloop
  endfacet
  facet normal -0.707026 -0.707187 -0.00042486
    outer loop
      vertex -18.369 -19.5319 2.0539
      vertex -17.2457 -20.6552 2.47956
      vertex -18.9505 -18.9505 2
    endloop
  endfacet
  facet normal -0.706901 -0.707312 -0.000589809
    outer loop
      vertex -16.7231 -21.1778 2.84404
      vertex -16.2386 -21.6624 3.30187
      vertex -17.2457 -20.6552 2.47956
    endloop
  endfacet
  facet normal 0.0462504 -0.0462504 0.997859
    outer loop
      vertex -19.5319 -18.369 2.0539
      vertex -48.2247 -48.2247 2
      vertex -18.9505 -18.9505 2
    endloop
  endfacet
  facet normal 0.0462504 -0.0462504 0.997859
    outer loop
      vertex -48.2247 -48.2247 2
      vertex -19.5319 -18.369 2.0539
      vertex -48.8061 -47.6432 2.0539
    endloop
  endfacet
  facet normal -0.707209 -0.707004 0.000165668
    outer loop
      vertex -16.2386 -21.6624 3.30187
      vertex -15.8005 -22.1005 3.84523
      vertex -17.2457 -20.6552 2.47956
    endloop
  endfacet
  facet normal 0.707107 0.707107 -8.01689e-14
    outer loop
      vertex -49.9295 -46.5199 2.47956
      vertex -50.4521 -45.9973 2.84404
      vertex -50.9366 -45.5128 3.30187
    endloop
  endfacet
  facet normal 0.707256 0.706957 -0.000622448
    outer loop
      vertex -46.5199 -49.9295 2.47956
      vertex -47.0717 -49.3777 2.21467
      vertex -47.6432 -48.8061 2.0539
    endloop
  endfacet
  facet normal -0.137954 0.137953 0.980784
    outer loop
      vertex -18.369 -19.5319 2.0539
      vertex -47.0717 -49.3777 2.21467
      vertex -17.7975 -20.1034 2.21467
    endloop
  endfacet
  facet normal -0.137942 0.137942 0.980788
    outer loop
      vertex -47.0717 -49.3777 2.21467
      vertex -18.369 -19.5319 2.0539
      vertex -47.6432 -48.8061 2.0539
    endloop
  endfacet
  facet normal -0.312754 0.312753 0.896867
    outer loop
      vertex -17.2457 -20.6552 2.47956
      vertex -45.9973 -50.4521 2.84404
      vertex -16.7231 -21.1778 2.84404
    endloop
  endfacet
  facet normal -0.312754 0.312753 0.896867
    outer loop
      vertex -45.9973 -50.4521 2.84404
      vertex -17.2457 -20.6552 2.47956
      vertex -46.5199 -49.9295 2.47956
    endloop
  endfacet
  facet normal 0.707107 0.707107 -8.07952e-14
    outer loop
      vertex -45.5128 -50.9366 3.30187
      vertex -45.9973 -50.4521 2.84404
      vertex -46.5199 -49.9295 2.47956
    endloop
  endfacet
  facet normal -0.227287 0.227286 0.946933
    outer loop
      vertex -17.7975 -20.1034 2.21467
      vertex -46.5199 -49.9295 2.47956
      vertex -17.2457 -20.6552 2.47956
    endloop
  endfacet
  facet normal -0.227287 0.227286 0.946933
    outer loop
      vertex -46.5199 -49.9295 2.47956
      vertex -17.7975 -20.1034 2.21467
      vertex -47.0717 -49.3777 2.21467
    endloop
  endfacet
  facet normal -0.707107 -0.707107 0
    outer loop
      vertex -17.7975 -20.1034 2.21467
      vertex -17.2457 -20.6552 2.47956
      vertex -18.369 -19.5319 2.0539
    endloop
  endfacet
  facet normal 0.706957 0.707256 -0.000622448
    outer loop
      vertex -48.8061 -47.6432 2.0539
      vertex -49.3777 -47.0717 2.21467
      vertex -49.9295 -46.5199 2.47956
    endloop
  endfacet
  facet normal -0.707107 -0.707107 0.000147449
    outer loop
      vertex -18.9505 -18.9505 2
      vertex -17.2457 -20.6552 2.47956
      vertex -20.6552 -17.2457 2.47956
    endloop
  endfacet
  facet normal 0.392821 -0.392822 0.831494
    outer loop
      vertex -21.6624 -16.2386 3.30187
      vertex -50.4521 -45.9973 2.84404
      vertex -21.1778 -16.7231 2.84404
    endloop
  endfacet
  facet normal 0.392849 -0.392849 0.831468
    outer loop
      vertex -50.4521 -45.9973 2.84404
      vertex -21.6624 -16.2386 3.30187
      vertex -50.9366 -45.5128 3.30187
    endloop
  endfacet
  facet normal -0.392821 0.392821 0.831494
    outer loop
      vertex -16.7231 -21.1778 2.84404
      vertex -45.5128 -50.9366 3.30187
      vertex -16.2386 -21.6624 3.30187
    endloop
  endfacet
  facet normal -0.39285 0.392849 0.831468
    outer loop
      vertex -45.5128 -50.9366 3.30187
      vertex -16.7231 -21.1778 2.84404
      vertex -45.9973 -50.4521 2.84404
    endloop
  endfacet
  facet normal 0.227286 -0.227287 0.946933
    outer loop
      vertex -20.6552 -17.2457 2.47956
      vertex -49.3777 -47.0717 2.21467
      vertex -20.1034 -17.7975 2.21467
    endloop
  endfacet
  facet normal 0.227286 -0.227287 0.946933
    outer loop
      vertex -49.3777 -47.0717 2.21467
      vertex -20.6552 -17.2457 2.47956
      vertex -49.9295 -46.5199 2.47956
    endloop
  endfacet
  facet normal -0.466235 0.466235 0.751831
    outer loop
      vertex -16.2386 -21.6624 3.30187
      vertex -45.0747 -51.3747 3.84523
      vertex -15.8005 -22.1005 3.84523
    endloop
  endfacet
  facet normal -0.466235 0.466235 0.751831
    outer loop
      vertex -45.0747 -51.3747 3.84523
      vertex -16.2386 -21.6624 3.30187
      vertex -45.5128 -50.9366 3.30187
    endloop
  endfacet
  facet normal 0.707107 0.707107 3.09171e-14
    outer loop
      vertex -45.0747 -51.3747 3.84523
      vertex -51.3747 -45.0747 3.84523
      vertex -51.4707 -44.9787 4
    endloop
  endfacet
  facet normal 0.707107 0.707107 0
    outer loop
      vertex -51.3747 -45.0747 3.84523
      vertex -46.5199 -49.9295 2.47956
      vertex -49.9295 -46.5199 2.47956
    endloop
  endfacet
  facet normal 0.707107 0.707107 0
    outer loop
      vertex -51.3747 -45.0747 3.84523
      vertex -45.0747 -51.3747 3.84523
      vertex -46.5199 -49.9295 2.47956
    endloop
  endfacet
  facet normal 0.707107 0.707107 3.24249e-14
    outer loop
      vertex -45.0747 -51.3747 3.84523
      vertex -51.4707 -44.9787 4
      vertex -44.9787 -51.4707 4
    endloop
  endfacet
  facet normal -0.707107 -0.707107 -5.17773e-05
    outer loop
      vertex -17.2457 -20.6552 2.47956
      vertex -22.1005 -15.8005 3.84523
      vertex -20.6552 -17.2457 2.47956
    endloop
  endfacet
  facet normal -0.707107 -0.707107 -5.17773e-05
    outer loop
      vertex -15.8005 -22.1005 3.84523
      vertex -22.1005 -15.8005 3.84523
      vertex -17.2457 -20.6552 2.47956
    endloop
  endfacet
  facet normal -0.707107 -0.707107 0.000456876
    outer loop
      vertex -22.1005 -15.8005 3.84523
      vertex -15.8005 -22.1005 3.84523
      vertex -22.1964 -15.7045 4
    endloop
  endfacet
  facet normal -0.707107 -0.707107 0.000456876
    outer loop
      vertex -22.1964 -15.7045 4
      vertex -15.8005 -22.1005 3.84523
      vertex -15.7045 -22.1964 4
    endloop
  endfacet
  facet normal 0.312753 -0.312754 0.896867
    outer loop
      vertex -21.1778 -16.7231 2.84404
      vertex -49.9295 -46.5199 2.47956
      vertex -20.6552 -17.2457 2.47956
    endloop
  endfacet
  facet normal 0.312753 -0.312754 0.896867
    outer loop
      vertex -49.9295 -46.5199 2.47956
      vertex -21.1778 -16.7231 2.84404
      vertex -50.4521 -45.9973 2.84404
    endloop
  endfacet
  facet normal -0.707312 -0.706901 -0.000589809
    outer loop
      vertex -21.1778 -16.7231 2.84404
      vertex -20.6552 -17.2457 2.47956
      vertex -21.6624 -16.2386 3.30187
    endloop
  endfacet
  facet normal -0.531693 0.531691 0.659247
    outer loop
      vertex -15.8005 -22.1005 3.84523
      vertex -44.9787 -51.4707 4
      vertex -15.7045 -22.1964 4
    endloop
  endfacet
  facet normal -0.531572 0.531572 0.659442
    outer loop
      vertex -44.9787 -51.4707 4
      vertex -15.8005 -22.1005 3.84523
      vertex -45.0747 -51.3747 3.84523
    endloop
  endfacet
  facet normal -0.707004 -0.707209 0.000165668
    outer loop
      vertex -21.6624 -16.2386 3.30187
      vertex -20.6552 -17.2457 2.47956
      vertex -22.1005 -15.8005 3.84523
    endloop
  endfacet
  facet normal 0.137942 0.137942 0.980788
    outer loop
      vertex 18.369 -19.5319 2.0539
      vertex 47.0717 -49.3777 2.21467
      vertex 47.6432 -48.8061 2.0539
    endloop
  endfacet
  facet normal 0.137954 0.137953 0.980784
    outer loop
      vertex 47.0717 -49.3777 2.21467
      vertex 18.369 -19.5319 2.0539
      vertex 17.7975 -20.1034 2.21467
    endloop
  endfacet
  facet normal -0.707016 0.707197 0.000644807
    outer loop
      vertex 48.2247 -48.2247 2
      vertex 47.6432 -48.8061 2.0539
      vertex 46.5199 -49.9295 2.47956
    endloop
  endfacet
  facet normal -0.0462504 -0.0462504 0.997859
    outer loop
      vertex 19.5319 -18.369 2.0539
      vertex 48.2247 -48.2247 2
      vertex 48.8061 -47.6432 2.0539
    endloop
  endfacet
  facet normal -0.0462504 -0.0462504 0.997859
    outer loop
      vertex 48.2247 -48.2247 2
      vertex 19.5319 -18.369 2.0539
      vertex 18.9505 -18.9505 2
    endloop
  endfacet
  facet normal 0.466235 0.466235 0.751831
    outer loop
      vertex 16.2386 -21.6624 3.30187
      vertex 45.0747 -51.3747 3.84523
      vertex 45.5128 -50.9366 3.30187
    endloop
  endfacet
  facet normal 0.466235 0.466235 0.751831
    outer loop
      vertex 45.0747 -51.3747 3.84523
      vertex 16.2386 -21.6624 3.30187
      vertex 15.8005 -22.1005 3.84523
    endloop
  endfacet
  facet normal -0.707107 0.707107 0
    outer loop
      vertex 51.3747 -45.0747 3.84523
      vertex 50.9366 -45.5128 3.30187
      vertex 49.9295 -46.5199 2.47956
    endloop
  endfacet
  facet normal 0.227287 0.227286 0.946933
    outer loop
      vertex 17.7975 -20.1034 2.21467
      vertex 46.5199 -49.9295 2.47956
      vertex 47.0717 -49.3777 2.21467
    endloop
  endfacet
  facet normal 0.227287 0.227286 0.946933
    outer loop
      vertex 46.5199 -49.9295 2.47956
      vertex 17.7975 -20.1034 2.21467
      vertex 17.2457 -20.6552 2.47956
    endloop
  endfacet
  facet normal 0.707026 -0.707187 -0.00042486
    outer loop
      vertex 18.369 -19.5319 2.0539
      vertex 18.9505 -18.9505 2
      vertex 17.2457 -20.6552 2.47956
    endloop
  endfacet
  facet normal -0.707107 0.707107 0
    outer loop
      vertex 46.5199 -49.9295 2.47956
      vertex 45.5128 -50.9366 3.30187
      vertex 45.0747 -51.3747 3.84523
    endloop
  endfacet
  facet normal -0.707107 0.707107 0
    outer loop
      vertex 49.9295 -46.5199 2.47956
      vertex 48.2247 -48.2247 2
      vertex 46.5199 -49.9295 2.47956
    endloop
  endfacet
  facet normal -0.707197 0.707016 0.000644807
    outer loop
      vertex 49.9295 -46.5199 2.47956
      vertex 48.8061 -47.6432 2.0539
      vertex 48.2247 -48.2247 2
    endloop
  endfacet
  facet normal 0.707107 -0.707107 0
    outer loop
      vertex 17.7975 -20.1034 2.21467
      vertex 18.369 -19.5319 2.0539
      vertex 17.2457 -20.6552 2.47956
    endloop
  endfacet
  facet normal 0.707187 -0.707026 -0.00042486
    outer loop
      vertex 19.5319 -18.369 2.0539
      vertex 20.6552 -17.2457 2.47956
      vertex 18.9505 -18.9505 2
    endloop
  endfacet
  facet normal 0.707312 -0.706901 -0.000589809
    outer loop
      vertex 21.1778 -16.7231 2.84404
      vertex 21.6624 -16.2386 3.30187
      vertex 20.6552 -17.2457 2.47956
    endloop
  endfacet
  facet normal 0.0462504 0.0462504 0.997859
    outer loop
      vertex 18.9505 -18.9505 2
      vertex 47.6432 -48.8061 2.0539
      vertex 48.2247 -48.2247 2
    endloop
  endfacet
  facet normal 0.0462504 0.0462504 0.997859
    outer loop
      vertex 47.6432 -48.8061 2.0539
      vertex 18.9505 -18.9505 2
      vertex 18.369 -19.5319 2.0539
    endloop
  endfacet
  facet normal 0.707004 -0.707209 0.000165668
    outer loop
      vertex 21.6624 -16.2386 3.30187
      vertex 22.1005 -15.8005 3.84523
      vertex 20.6552 -17.2457 2.47956
    endloop
  endfacet
  facet normal -0.707107 0.707107 -8.01689e-14
    outer loop
      vertex 46.5199 -49.9295 2.47956
      vertex 45.9973 -50.4521 2.84404
      vertex 45.5128 -50.9366 3.30187
    endloop
  endfacet
  facet normal -0.706957 0.707256 -0.000622448
    outer loop
      vertex 49.9295 -46.5199 2.47956
      vertex 49.3777 -47.0717 2.21467
      vertex 48.8061 -47.6432 2.0539
    endloop
  endfacet
  facet normal -0.137942 -0.137942 0.980788
    outer loop
      vertex 20.1034 -17.7975 2.21467
      vertex 48.8061 -47.6432 2.0539
      vertex 49.3777 -47.0717 2.21467
    endloop
  endfacet
  facet normal -0.137953 -0.137953 0.980784
    outer loop
      vertex 48.8061 -47.6432 2.0539
      vertex 20.1034 -17.7975 2.21467
      vertex 19.5319 -18.369 2.0539
    endloop
  endfacet
  facet normal -0.312753 -0.312754 0.896867
    outer loop
      vertex 21.1778 -16.7231 2.84404
      vertex 49.9295 -46.5199 2.47956
      vertex 50.4521 -45.9973 2.84404
    endloop
  endfacet
  facet normal -0.312753 -0.312754 0.896867
    outer loop
      vertex 49.9295 -46.5199 2.47956
      vertex 21.1778 -16.7231 2.84404
      vertex 20.6552 -17.2457 2.47956
    endloop
  endfacet
  facet normal -0.707107 0.707107 -8.07952e-14
    outer loop
      vertex 50.9366 -45.5128 3.30187
      vertex 50.4521 -45.9973 2.84404
      vertex 49.9295 -46.5199 2.47956
    endloop
  endfacet
  facet normal -0.227286 -0.227287 0.946933
    outer loop
      vertex 20.6552 -17.2457 2.47956
      vertex 49.3777 -47.0717 2.21467
      vertex 49.9295 -46.5199 2.47956
    endloop
  endfacet
  facet normal -0.227286 -0.227287 0.946933
    outer loop
      vertex 49.3777 -47.0717 2.21467
      vertex 20.6552 -17.2457 2.47956
      vertex 20.1034 -17.7975 2.21467
    endloop
  endfacet
  facet normal 0.707107 -0.707107 0
    outer loop
      vertex 20.1034 -17.7975 2.21467
      vertex 20.6552 -17.2457 2.47956
      vertex 19.5319 -18.369 2.0539
    endloop
  endfacet
  facet normal -0.707256 0.706957 -0.000622448
    outer loop
      vertex 47.6432 -48.8061 2.0539
      vertex 47.0717 -49.3777 2.21467
      vertex 46.5199 -49.9295 2.47956
    endloop
  endfacet
  facet normal 0.707107 -0.707107 0.000147449
    outer loop
      vertex 18.9505 -18.9505 2
      vertex 20.6552 -17.2457 2.47956
      vertex 17.2457 -20.6552 2.47956
    endloop
  endfacet
  facet normal 0.531572 0.531572 0.659442
    outer loop
      vertex 15.8005 -22.1005 3.84523
      vertex 44.9787 -51.4707 4
      vertex 45.0747 -51.3747 3.84523
    endloop
  endfacet
  facet normal 0.531693 0.531691 0.659247
    outer loop
      vertex 44.9787 -51.4707 4
      vertex 15.8005 -22.1005 3.84523
      vertex 15.7045 -22.1964 4
    endloop
  endfacet
  facet normal 0.39285 0.392849 0.831468
    outer loop
      vertex 16.7231 -21.1778 2.84404
      vertex 45.5128 -50.9366 3.30187
      vertex 45.9973 -50.4521 2.84404
    endloop
  endfacet
  facet normal 0.392821 0.392821 0.831494
    outer loop
      vertex 45.5128 -50.9366 3.30187
      vertex 16.7231 -21.1778 2.84404
      vertex 16.2386 -21.6624 3.30187
    endloop
  endfacet
  facet normal -0.392849 -0.392849 0.831468
    outer loop
      vertex 21.6624 -16.2386 3.30187
      vertex 50.4521 -45.9973 2.84404
      vertex 50.9366 -45.5128 3.30187
    endloop
  endfacet
  facet normal -0.392821 -0.392822 0.831494
    outer loop
      vertex 50.4521 -45.9973 2.84404
      vertex 21.6624 -16.2386 3.30187
      vertex 21.1778 -16.7231 2.84404
    endloop
  endfacet
  facet normal -0.531571 -0.531573 0.659442
    outer loop
      vertex 22.1964 -15.7045 4
      vertex 51.3747 -45.0747 3.84523
      vertex 51.4707 -44.9787 4
    endloop
  endfacet
  facet normal -0.531692 -0.531692 0.659247
    outer loop
      vertex 51.3747 -45.0747 3.84523
      vertex 22.1964 -15.7045 4
      vertex 22.1005 -15.8005 3.84523
    endloop
  endfacet
  facet normal -0.466235 -0.466235 0.751831
    outer loop
      vertex 22.1005 -15.8005 3.84523
      vertex 50.9366 -45.5128 3.30187
      vertex 51.3747 -45.0747 3.84523
    endloop
  endfacet
  facet normal -0.466235 -0.466235 0.751831
    outer loop
      vertex 50.9366 -45.5128 3.30187
      vertex 22.1005 -15.8005 3.84523
      vertex 21.6624 -16.2386 3.30187
    endloop
  endfacet
  facet normal -0.707107 0.707107 0
    outer loop
      vertex 46.5199 -49.9295 2.47956
      vertex 51.3747 -45.0747 3.84523
      vertex 49.9295 -46.5199 2.47956
    endloop
  endfacet
  facet normal -0.707107 0.707107 0
    outer loop
      vertex 45.0747 -51.3747 3.84523
      vertex 51.3747 -45.0747 3.84523
      vertex 46.5199 -49.9295 2.47956
    endloop
  endfacet
  facet normal -0.707107 0.707107 3.24469e-14
    outer loop
      vertex 51.3747 -45.0747 3.84523
      vertex 45.0747 -51.3747 3.84523
      vertex 51.4707 -44.9787 4
    endloop
  endfacet
  facet normal -0.707107 0.707107 3.00028e-14
    outer loop
      vertex 51.4707 -44.9787 4
      vertex 45.0747 -51.3747 3.84523
      vertex 44.9787 -51.4707 4
    endloop
  endfacet
  facet normal 0.312754 0.312753 0.896867
    outer loop
      vertex 17.2457 -20.6552 2.47956
      vertex 45.9973 -50.4521 2.84404
      vertex 46.5199 -49.9295 2.47956
    endloop
  endfacet
  facet normal 0.312754 0.312753 0.896867
    outer loop
      vertex 45.9973 -50.4521 2.84404
      vertex 17.2457 -20.6552 2.47956
      vertex 16.7231 -21.1778 2.84404
    endloop
  endfacet
  facet normal 0.706901 -0.707312 -0.000589809
    outer loop
      vertex 16.7231 -21.1778 2.84404
      vertex 17.2457 -20.6552 2.47956
      vertex 16.2386 -21.6624 3.30187
    endloop
  endfacet
  facet normal 0.707107 -0.707107 0.000456876
    outer loop
      vertex 15.8005 -22.1005 3.84523
      vertex 22.1005 -15.8005 3.84523
      vertex 22.1964 -15.7045 4
    endloop
  endfacet
  facet normal 0.707107 -0.707107 -5.17773e-05
    outer loop
      vertex 22.1005 -15.8005 3.84523
      vertex 17.2457 -20.6552 2.47956
      vertex 20.6552 -17.2457 2.47956
    endloop
  endfacet
  facet normal 0.707107 -0.707107 -5.17773e-05
    outer loop
      vertex 22.1005 -15.8005 3.84523
      vertex 15.8005 -22.1005 3.84523
      vertex 17.2457 -20.6552 2.47956
    endloop
  endfacet
  facet normal 0.707107 -0.707107 0.000456876
    outer loop
      vertex 15.8005 -22.1005 3.84523
      vertex 22.1964 -15.7045 4
      vertex 15.7045 -22.1964 4
    endloop
  endfacet
  facet normal 0.707209 -0.707004 0.000165668
    outer loop
      vertex 16.2386 -21.6624 3.30187
      vertex 17.2457 -20.6552 2.47956
      vertex 15.8005 -22.1005 3.84523
    endloop
  endfacet
endsolid OpenSCAD_Model
