solid OpenSCAD_Model
  facet normal -0.0656183 0.997845 0
    outer loop
      vertex -7.84337 -10.4897 0
      vertex -8 -10.5 4
      vertex -7.84337 -10.4897 4
    endloop
  endfacet
  facet normal -0.0656183 0.997845 0
    outer loop
      vertex -8 -10.5 4
      vertex -7.84337 -10.4897 0
      vertex -8 -10.5 0
    endloop
  endfacet
  facet normal -0.980788 -0.195075 0
    outer loop
      vertex -6.81027 -9.14337 0
      vertex -6.84089 -8.98942 4
      vertex -6.84089 -8.98942 0
    endloop
  endfacet
  facet normal -0.980788 -0.195075 0
    outer loop
      vertex -6.84089 -8.98942 4
      vertex -6.81027 -9.14337 0
      vertex -6.81027 -9.14337 4
    endloop
  endfacet
  facet normal -0.997857 -0.065428 0
    outer loop
      vertex -6.8 -9.3 0
      vertex -6.81027 -9.14337 4
      vertex -6.81027 -9.14337 0
    endloop
  endfacet
  facet normal -0.997857 -0.065428 0
    outer loop
      vertex -6.81027 -9.14337 4
      vertex -6.8 -9.3 0
      vertex -6.8 -9.3 4
    endloop
  endfacet
  facet normal -0.946943 -0.321402 0
    outer loop
      vertex -6.84089 -8.98942 0
      vertex -6.89134 -8.84078 4
      vertex -6.89134 -8.84078 0
    endloop
  endfacet
  facet normal -0.946943 -0.321402 0
    outer loop
      vertex -6.89134 -8.84078 4
      vertex -6.84089 -8.98942 0
      vertex -6.84089 -8.98942 4
    endloop
  endfacet
  facet normal 0.997857 0.065428 0
    outer loop
      vertex -9.18973 -9.45663 4
      vertex -9.2 -9.3 0
      vertex -9.2 -9.3 4
    endloop
  endfacet
  facet normal 0.997857 0.065428 0
    outer loop
      vertex -9.2 -9.3 0
      vertex -9.18973 -9.45663 4
      vertex -9.18973 -9.45663 0
    endloop
  endfacet
  facet normal -0.555553 0.831481 0
    outer loop
      vertex -7.26949 -10.252 0
      vertex -7.4 -10.3392 4
      vertex -7.26949 -10.252 4
    endloop
  endfacet
  facet normal -0.555553 0.831481 0
    outer loop
      vertex -7.4 -10.3392 4
      vertex -7.26949 -10.252 0
      vertex -7.4 -10.3392 0
    endloop
  endfacet
  facet normal -0.195075 -0.980788 0
    outer loop
      vertex -7.84337 -8.11027 0
      vertex -7.68942 -8.14089 4
      vertex -7.84337 -8.11027 4
    endloop
  endfacet
  facet normal -0.195075 -0.980788 -0
    outer loop
      vertex -7.68942 -8.14089 4
      vertex -7.84337 -8.11027 0
      vertex -7.68942 -8.14089 0
    endloop
  endfacet
  facet normal -0.751874 -0.659307 0
    outer loop
      vertex -7.04798 -8.56949 0
      vertex -7.15147 -8.45147 4
      vertex -7.15147 -8.45147 0
    endloop
  endfacet
  facet normal -0.751874 -0.659307 0
    outer loop
      vertex -7.15147 -8.45147 4
      vertex -7.04798 -8.56949 0
      vertex -7.04798 -8.56949 4
    endloop
  endfacet
  facet normal 0.751874 -0.659307 0
    outer loop
      vertex -8.95202 -8.56949 4
      vertex -8.84853 -8.45147 0
      vertex -8.84853 -8.45147 4
    endloop
  endfacet
  facet normal 0.751874 -0.659307 0
    outer loop
      vertex -8.84853 -8.45147 0
      vertex -8.95202 -8.56949 4
      vertex -8.95202 -8.56949 0
    endloop
  endfacet
  facet normal 0.831452 -0.555597 0
    outer loop
      vertex -9.03923 -8.7 4
      vertex -8.95202 -8.56949 0
      vertex -8.95202 -8.56949 4
    endloop
  endfacet
  facet normal 0.831452 -0.555597 0
    outer loop
      vertex -8.95202 -8.56949 0
      vertex -9.03923 -8.7 4
      vertex -9.03923 -8.7 0
    endloop
  endfacet
  facet normal 0.065428 -0.997857 0
    outer loop
      vertex -8.15663 -8.11027 0
      vertex -8 -8.1 4
      vertex -8.15663 -8.11027 4
    endloop
  endfacet
  facet normal 0.065428 -0.997857 0
    outer loop
      vertex -8 -8.1 4
      vertex -8.15663 -8.11027 0
      vertex -8 -8.1 0
    endloop
  endfacet
  facet normal 0.194952 0.980813 -0
    outer loop
      vertex -8.15663 -10.4897 0
      vertex -8.31058 -10.4591 4
      vertex -8.15663 -10.4897 4
    endloop
  endfacet
  facet normal 0.194952 0.980813 0
    outer loop
      vertex -8.31058 -10.4591 4
      vertex -8.15663 -10.4897 0
      vertex -8.31058 -10.4591 0
    endloop
  endfacet
  facet normal -0.442314 -0.89686 0
    outer loop
      vertex -7.54078 -8.19134 0
      vertex -7.4 -8.26077 4
      vertex -7.54078 -8.19134 4
    endloop
  endfacet
  facet normal -0.442314 -0.89686 -0
    outer loop
      vertex -7.4 -8.26077 4
      vertex -7.54078 -8.19134 0
      vertex -7.4 -8.26077 0
    endloop
  endfacet
  facet normal -0.89686 0.442314 0
    outer loop
      vertex -6.96077 -9.9 0
      vertex -6.89134 -9.75922 4
      vertex -6.89134 -9.75922 0
    endloop
  endfacet
  facet normal -0.89686 0.442314 0
    outer loop
      vertex -6.89134 -9.75922 4
      vertex -6.96077 -9.9 0
      vertex -6.96077 -9.9 4
    endloop
  endfacet
  facet normal -0.831452 -0.555597 0
    outer loop
      vertex -6.96077 -8.7 0
      vertex -7.04798 -8.56949 4
      vertex -7.04798 -8.56949 0
    endloop
  endfacet
  facet normal -0.831452 -0.555597 0
    outer loop
      vertex -7.04798 -8.56949 4
      vertex -6.96077 -8.7 0
      vertex -6.96077 -8.7 4
    endloop
  endfacet
  facet normal -0.89686 -0.442314 0
    outer loop
      vertex -6.89134 -8.84078 0
      vertex -6.96077 -8.7 4
      vertex -6.96077 -8.7 0
    endloop
  endfacet
  facet normal -0.89686 -0.442314 0
    outer loop
      vertex -6.96077 -8.7 4
      vertex -6.89134 -8.84078 0
      vertex -6.89134 -8.84078 4
    endloop
  endfacet
  facet normal -0.065428 -0.997857 0
    outer loop
      vertex -8 -8.1 0
      vertex -7.84337 -8.11027 4
      vertex -8 -8.1 4
    endloop
  endfacet
  facet normal -0.065428 -0.997857 -0
    outer loop
      vertex -7.84337 -8.11027 4
      vertex -8 -8.1 0
      vertex -7.84337 -8.11027 0
    endloop
  endfacet
  facet normal 0.831432 0.555626 0
    outer loop
      vertex -8.95202 -10.0305 4
      vertex -9.03923 -9.9 0
      vertex -9.03923 -9.9 4
    endloop
  endfacet
  facet normal 0.831432 0.555626 0
    outer loop
      vertex -9.03923 -9.9 0
      vertex -8.95202 -10.0305 4
      vertex -8.95202 -10.0305 0
    endloop
  endfacet
  facet normal 0.997857 -0.065428 0
    outer loop
      vertex -9.2 -9.3 4
      vertex -9.18973 -9.14337 0
      vertex -9.18973 -9.14337 4
    endloop
  endfacet
  facet normal 0.997857 -0.065428 0
    outer loop
      vertex -9.18973 -9.14337 0
      vertex -9.2 -9.3 4
      vertex -9.2 -9.3 0
    endloop
  endfacet
  facet normal 0.442314 -0.89686 0
    outer loop
      vertex -8.6 -8.26077 0
      vertex -8.45922 -8.19134 4
      vertex -8.6 -8.26077 4
    endloop
  endfacet
  facet normal 0.442314 -0.89686 0
    outer loop
      vertex -8.45922 -8.19134 4
      vertex -8.6 -8.26077 0
      vertex -8.45922 -8.19134 0
    endloop
  endfacet
  facet normal 0.751818 0.65937 0
    outer loop
      vertex -8.84853 -10.1485 4
      vertex -8.95202 -10.0305 0
      vertex -8.95202 -10.0305 4
    endloop
  endfacet
  facet normal 0.751818 0.65937 0
    outer loop
      vertex -8.95202 -10.0305 0
      vertex -8.84853 -10.1485 4
      vertex -8.84853 -10.1485 0
    endloop
  endfacet
  facet normal -0.751818 0.65937 0
    outer loop
      vertex -7.15147 -10.1485 0
      vertex -7.04798 -10.0305 4
      vertex -7.04798 -10.0305 0
    endloop
  endfacet
  facet normal -0.751818 0.65937 0
    outer loop
      vertex -7.04798 -10.0305 4
      vertex -7.15147 -10.1485 0
      vertex -7.15147 -10.1485 4
    endloop
  endfacet
  facet normal 0.659343 0.751842 -0
    outer loop
      vertex -8.73051 -10.252 0
      vertex -8.84853 -10.1485 4
      vertex -8.73051 -10.252 4
    endloop
  endfacet
  facet normal 0.659343 0.751842 0
    outer loop
      vertex -8.84853 -10.1485 4
      vertex -8.73051 -10.252 0
      vertex -8.84853 -10.1485 0
    endloop
  endfacet
  facet normal -0.659343 0.751842 0
    outer loop
      vertex -7.15147 -10.1485 0
      vertex -7.26949 -10.252 4
      vertex -7.15147 -10.1485 4
    endloop
  endfacet
  facet normal -0.659343 0.751842 0
    outer loop
      vertex -7.26949 -10.252 4
      vertex -7.15147 -10.1485 0
      vertex -7.26949 -10.252 0
    endloop
  endfacet
  facet normal 0.946923 -0.32146 0
    outer loop
      vertex -9.15911 -8.98942 4
      vertex -9.10865 -8.84078 0
      vertex -9.10865 -8.84078 4
    endloop
  endfacet
  facet normal 0.946923 -0.32146 0
    outer loop
      vertex -9.10865 -8.84078 0
      vertex -9.15911 -8.98942 4
      vertex -9.15911 -8.98942 0
    endloop
  endfacet
  facet normal -0.946943 0.321402 0
    outer loop
      vertex -6.89134 -9.75922 0
      vertex -6.84089 -9.61058 4
      vertex -6.84089 -9.61058 0
    endloop
  endfacet
  facet normal -0.946943 0.321402 0
    outer loop
      vertex -6.84089 -9.61058 4
      vertex -6.89134 -9.75922 0
      vertex -6.89134 -9.75922 4
    endloop
  endfacet
  facet normal -0.321402 -0.946943 0
    outer loop
      vertex -7.68942 -8.14089 0
      vertex -7.54078 -8.19134 4
      vertex -7.68942 -8.14089 4
    endloop
  endfacet
  facet normal -0.321402 -0.946943 -0
    outer loop
      vertex -7.54078 -8.19134 4
      vertex -7.68942 -8.14089 0
      vertex -7.54078 -8.19134 0
    endloop
  endfacet
  facet normal -0.831432 0.555626 0
    outer loop
      vertex -7.04798 -10.0305 0
      vertex -6.96077 -9.9 4
      vertex -6.96077 -9.9 0
    endloop
  endfacet
  facet normal -0.831432 0.555626 0
    outer loop
      vertex -6.96077 -9.9 4
      vertex -7.04798 -10.0305 0
      vertex -7.04798 -10.0305 4
    endloop
  endfacet
  facet normal -0.555597 -0.831452 0
    outer loop
      vertex -7.4 -8.26077 0
      vertex -7.26949 -8.34798 4
      vertex -7.4 -8.26077 4
    endloop
  endfacet
  facet normal -0.555597 -0.831452 -0
    outer loop
      vertex -7.26949 -8.34798 4
      vertex -7.4 -8.26077 0
      vertex -7.26949 -8.34798 0
    endloop
  endfacet
  facet normal 0.555597 -0.831452 0
    outer loop
      vertex -8.73051 -8.34798 0
      vertex -8.6 -8.26077 4
      vertex -8.73051 -8.34798 4
    endloop
  endfacet
  facet normal 0.555597 -0.831452 0
    outer loop
      vertex -8.6 -8.26077 4
      vertex -8.73051 -8.34798 0
      vertex -8.6 -8.26077 0
    endloop
  endfacet
  facet normal -0.659307 -0.751874 0
    outer loop
      vertex -7.26949 -8.34798 0
      vertex -7.15147 -8.45147 4
      vertex -7.26949 -8.34798 4
    endloop
  endfacet
  facet normal -0.659307 -0.751874 -0
    outer loop
      vertex -7.15147 -8.45147 4
      vertex -7.26949 -8.34798 0
      vertex -7.15147 -8.45147 0
    endloop
  endfacet
  facet normal 0.195075 -0.980788 0
    outer loop
      vertex -8.31058 -8.14089 0
      vertex -8.15663 -8.11027 4
      vertex -8.31058 -8.14089 4
    endloop
  endfacet
  facet normal 0.195075 -0.980788 0
    outer loop
      vertex -8.15663 -8.11027 4
      vertex -8.31058 -8.14089 0
      vertex -8.15663 -8.11027 0
    endloop
  endfacet
  facet normal 0.321402 -0.946943 0
    outer loop
      vertex -8.45922 -8.19134 0
      vertex -8.31058 -8.14089 4
      vertex -8.45922 -8.19134 4
    endloop
  endfacet
  facet normal 0.321402 -0.946943 0
    outer loop
      vertex -8.31058 -8.14089 4
      vertex -8.45922 -8.19134 0
      vertex -8.31058 -8.14089 0
    endloop
  endfacet
  facet normal -0.442673 0.896683 0
    outer loop
      vertex -7.4 -10.3392 0
      vertex -7.54078 -10.4087 4
      vertex -7.4 -10.3392 4
    endloop
  endfacet
  facet normal -0.442673 0.896683 0
    outer loop
      vertex -7.54078 -10.4087 4
      vertex -7.4 -10.3392 0
      vertex -7.54078 -10.4087 0
    endloop
  endfacet
  facet normal 0.896885 0.442263 0
    outer loop
      vertex -9.03923 -9.9 4
      vertex -9.10865 -9.75922 0
      vertex -9.10865 -9.75922 4
    endloop
  endfacet
  facet normal 0.896885 0.442263 0
    outer loop
      vertex -9.10865 -9.75922 0
      vertex -9.03923 -9.9 4
      vertex -9.03923 -9.9 0
    endloop
  endfacet
  facet normal 0.0656183 0.997845 -0
    outer loop
      vertex -8 -10.5 0
      vertex -8.15663 -10.4897 4
      vertex -8 -10.5 4
    endloop
  endfacet
  facet normal 0.0656183 0.997845 0
    outer loop
      vertex -8.15663 -10.4897 4
      vertex -8 -10.5 0
      vertex -8.15663 -10.4897 0
    endloop
  endfacet
  facet normal 0.896885 -0.442263 0
    outer loop
      vertex -9.10865 -8.84078 4
      vertex -9.03923 -8.7 0
      vertex -9.03923 -8.7 4
    endloop
  endfacet
  facet normal 0.896885 -0.442263 0
    outer loop
      vertex -9.03923 -8.7 0
      vertex -9.10865 -8.84078 4
      vertex -9.10865 -8.84078 0
    endloop
  endfacet
  facet normal 0.659307 -0.751874 0
    outer loop
      vertex -8.84853 -8.45147 0
      vertex -8.73051 -8.34798 4
      vertex -8.84853 -8.45147 4
    endloop
  endfacet
  facet normal 0.659307 -0.751874 0
    outer loop
      vertex -8.73051 -8.34798 4
      vertex -8.84853 -8.45147 0
      vertex -8.73051 -8.34798 0
    endloop
  endfacet
  facet normal -0.980788 0.195075 0
    outer loop
      vertex -6.84089 -9.61058 0
      vertex -6.81027 -9.45663 4
      vertex -6.81027 -9.45663 0
    endloop
  endfacet
  facet normal -0.980788 0.195075 0
    outer loop
      vertex -6.81027 -9.45663 4
      vertex -6.84089 -9.61058 0
      vertex -6.84089 -9.61058 4
    endloop
  endfacet
  facet normal -0.997857 0.065428 0
    outer loop
      vertex -6.81027 -9.45663 0
      vertex -6.8 -9.3 4
      vertex -6.8 -9.3 0
    endloop
  endfacet
  facet normal -0.997857 0.065428 0
    outer loop
      vertex -6.8 -9.3 4
      vertex -6.81027 -9.45663 0
      vertex -6.81027 -9.45663 4
    endloop
  endfacet
  facet normal 0.555553 0.831481 -0
    outer loop
      vertex -8.6 -10.3392 0
      vertex -8.73051 -10.252 4
      vertex -8.6 -10.3392 4
    endloop
  endfacet
  facet normal 0.555553 0.831481 0
    outer loop
      vertex -8.73051 -10.252 4
      vertex -8.6 -10.3392 0
      vertex -8.73051 -10.252 0
    endloop
  endfacet
  facet normal -0.194952 0.980813 0
    outer loop
      vertex -7.68942 -10.4591 0
      vertex -7.84337 -10.4897 4
      vertex -7.68942 -10.4591 4
    endloop
  endfacet
  facet normal -0.194952 0.980813 0
    outer loop
      vertex -7.84337 -10.4897 4
      vertex -7.68942 -10.4591 0
      vertex -7.84337 -10.4897 0
    endloop
  endfacet
  facet normal 0.980788 -0.195075 0
    outer loop
      vertex -9.18973 -9.14337 4
      vertex -9.15911 -8.98942 0
      vertex -9.15911 -8.98942 4
    endloop
  endfacet
  facet normal 0.980788 -0.195075 0
    outer loop
      vertex -9.15911 -8.98942 0
      vertex -9.18973 -9.14337 4
      vertex -9.18973 -9.14337 0
    endloop
  endfacet
  facet normal 0.442673 0.896683 -0
    outer loop
      vertex -8.45922 -10.4087 0
      vertex -8.6 -10.3392 4
      vertex -8.45922 -10.4087 4
    endloop
  endfacet
  facet normal 0.442673 0.896683 0
    outer loop
      vertex -8.6 -10.3392 4
      vertex -8.45922 -10.4087 0
      vertex -8.6 -10.3392 0
    endloop
  endfacet
  facet normal -0.321117 0.94704 0
    outer loop
      vertex -7.54078 -10.4087 0
      vertex -7.68942 -10.4591 4
      vertex -7.54078 -10.4087 4
    endloop
  endfacet
  facet normal -0.321117 0.94704 0
    outer loop
      vertex -7.68942 -10.4591 4
      vertex -7.54078 -10.4087 0
      vertex -7.68942 -10.4591 0
    endloop
  endfacet
  facet normal 0.321117 0.94704 -0
    outer loop
      vertex -8.31058 -10.4591 0
      vertex -8.45922 -10.4087 4
      vertex -8.31058 -10.4591 4
    endloop
  endfacet
  facet normal 0.321117 0.94704 0
    outer loop
      vertex -8.45922 -10.4087 4
      vertex -8.31058 -10.4591 0
      vertex -8.45922 -10.4087 0
    endloop
  endfacet
  facet normal 0.946923 0.32146 0
    outer loop
      vertex -9.10865 -9.75922 4
      vertex -9.15911 -9.61058 0
      vertex -9.15911 -9.61058 4
    endloop
  endfacet
  facet normal 0.946923 0.32146 0
    outer loop
      vertex -9.15911 -9.61058 0
      vertex -9.10865 -9.75922 4
      vertex -9.10865 -9.75922 0
    endloop
  endfacet
  facet normal 0.980788 0.195075 0
    outer loop
      vertex -9.15911 -9.61058 4
      vertex -9.18973 -9.45663 0
      vertex -9.18973 -9.45663 4
    endloop
  endfacet
  facet normal 0.980788 0.195075 0
    outer loop
      vertex -9.18973 -9.45663 0
      vertex -9.15911 -9.61058 4
      vertex -9.15911 -9.61058 0
    endloop
  endfacet
  facet normal -0.980788 -0.195075 0
    outer loop
      vertex -6.81027 9.45663 0
      vertex -6.84089 9.61058 4
      vertex -6.84089 9.61058 0
    endloop
  endfacet
  facet normal -0.980788 -0.195075 0
    outer loop
      vertex -6.84089 9.61058 4
      vertex -6.81027 9.45663 0
      vertex -6.81027 9.45663 4
    endloop
  endfacet
  facet normal -0.997857 -0.065428 0
    outer loop
      vertex -6.8 9.3 0
      vertex -6.81027 9.45663 4
      vertex -6.81027 9.45663 0
    endloop
  endfacet
  facet normal -0.997857 -0.065428 0
    outer loop
      vertex -6.81027 9.45663 4
      vertex -6.8 9.3 0
      vertex -6.8 9.3 4
    endloop
  endfacet
  facet normal -0.946943 -0.321402 0
    outer loop
      vertex -6.84089 9.61058 0
      vertex -6.89134 9.75922 4
      vertex -6.89134 9.75922 0
    endloop
  endfacet
  facet normal -0.946943 -0.321402 0
    outer loop
      vertex -6.89134 9.75922 4
      vertex -6.84089 9.61058 0
      vertex -6.84089 9.61058 4
    endloop
  endfacet
  facet normal -0.831432 -0.555626 0
    outer loop
      vertex -6.96077 9.9 0
      vertex -7.04798 10.0305 4
      vertex -7.04798 10.0305 0
    endloop
  endfacet
  facet normal -0.831432 -0.555626 0
    outer loop
      vertex -7.04798 10.0305 4
      vertex -6.96077 9.9 0
      vertex -6.96077 9.9 4
    endloop
  endfacet
  facet normal 0.946923 0.32146 0
    outer loop
      vertex -9.10865 8.84078 4
      vertex -9.15911 8.98942 0
      vertex -9.15911 8.98942 4
    endloop
  endfacet
  facet normal 0.946923 0.32146 0
    outer loop
      vertex -9.15911 8.98942 0
      vertex -9.10865 8.84078 4
      vertex -9.10865 8.84078 0
    endloop
  endfacet
  facet normal -0.89686 0.442314 0
    outer loop
      vertex -6.96077 8.7 0
      vertex -6.89134 8.84078 4
      vertex -6.89134 8.84078 0
    endloop
  endfacet
  facet normal -0.89686 0.442314 0
    outer loop
      vertex -6.89134 8.84078 4
      vertex -6.96077 8.7 0
      vertex -6.96077 8.7 4
    endloop
  endfacet
  facet normal -0.321402 0.946943 0
    outer loop
      vertex -7.54078 8.19134 0
      vertex -7.68942 8.14089 4
      vertex -7.54078 8.19134 4
    endloop
  endfacet
  facet normal -0.321402 0.946943 0
    outer loop
      vertex -7.68942 8.14089 4
      vertex -7.54078 8.19134 0
      vertex -7.68942 8.14089 0
    endloop
  endfacet
  facet normal -0.89686 -0.442314 0
    outer loop
      vertex -6.89134 9.75922 0
      vertex -6.96077 9.9 4
      vertex -6.96077 9.9 0
    endloop
  endfacet
  facet normal -0.89686 -0.442314 0
    outer loop
      vertex -6.96077 9.9 4
      vertex -6.89134 9.75922 0
      vertex -6.89134 9.75922 4
    endloop
  endfacet
  facet normal -0.442314 0.89686 0
    outer loop
      vertex -7.4 8.26077 0
      vertex -7.54078 8.19134 4
      vertex -7.4 8.26077 4
    endloop
  endfacet
  facet normal -0.442314 0.89686 0
    outer loop
      vertex -7.54078 8.19134 4
      vertex -7.4 8.26077 0
      vertex -7.54078 8.19134 0
    endloop
  endfacet
  facet normal -0.751818 -0.65937 0
    outer loop
      vertex -7.04798 10.0305 0
      vertex -7.15147 10.1485 4
      vertex -7.15147 10.1485 0
    endloop
  endfacet
  facet normal -0.751818 -0.65937 0
    outer loop
      vertex -7.15147 10.1485 4
      vertex -7.04798 10.0305 0
      vertex -7.04798 10.0305 4
    endloop
  endfacet
  facet normal -0.659307 0.751874 0
    outer loop
      vertex -7.15147 8.45147 0
      vertex -7.26949 8.34798 4
      vertex -7.15147 8.45147 4
    endloop
  endfacet
  facet normal -0.659307 0.751874 0
    outer loop
      vertex -7.26949 8.34798 4
      vertex -7.15147 8.45147 0
      vertex -7.26949 8.34798 0
    endloop
  endfacet
  facet normal 0.659343 -0.751842 0
    outer loop
      vertex -8.84853 10.1485 0
      vertex -8.73051 10.252 4
      vertex -8.84853 10.1485 4
    endloop
  endfacet
  facet normal 0.659343 -0.751842 0
    outer loop
      vertex -8.73051 10.252 4
      vertex -8.84853 10.1485 0
      vertex -8.73051 10.252 0
    endloop
  endfacet
  facet normal 0.442673 -0.896683 0
    outer loop
      vertex -8.6 10.3392 0
      vertex -8.45922 10.4087 4
      vertex -8.6 10.3392 4
    endloop
  endfacet
  facet normal 0.442673 -0.896683 0
    outer loop
      vertex -8.45922 10.4087 4
      vertex -8.6 10.3392 0
      vertex -8.45922 10.4087 0
    endloop
  endfacet
  facet normal -0.831452 0.555597 0
    outer loop
      vertex -7.04798 8.56949 0
      vertex -6.96077 8.7 4
      vertex -6.96077 8.7 0
    endloop
  endfacet
  facet normal -0.831452 0.555597 0
    outer loop
      vertex -6.96077 8.7 4
      vertex -7.04798 8.56949 0
      vertex -7.04798 8.56949 4
    endloop
  endfacet
  facet normal 0.442314 0.89686 -0
    outer loop
      vertex -8.45922 8.19134 0
      vertex -8.6 8.26077 4
      vertex -8.45922 8.19134 4
    endloop
  endfacet
  facet normal 0.442314 0.89686 0
    outer loop
      vertex -8.6 8.26077 4
      vertex -8.45922 8.19134 0
      vertex -8.6 8.26077 0
    endloop
  endfacet
  facet normal 0.980788 -0.195075 0
    outer loop
      vertex -9.18973 9.45663 4
      vertex -9.15911 9.61058 0
      vertex -9.15911 9.61058 4
    endloop
  endfacet
  facet normal 0.980788 -0.195075 0
    outer loop
      vertex -9.15911 9.61058 0
      vertex -9.18973 9.45663 4
      vertex -9.18973 9.45663 0
    endloop
  endfacet
  facet normal -0.321117 -0.94704 0
    outer loop
      vertex -7.68942 10.4591 0
      vertex -7.54078 10.4087 4
      vertex -7.68942 10.4591 4
    endloop
  endfacet
  facet normal -0.321117 -0.94704 -0
    outer loop
      vertex -7.54078 10.4087 4
      vertex -7.68942 10.4591 0
      vertex -7.54078 10.4087 0
    endloop
  endfacet
  facet normal 0.555597 0.831452 -0
    outer loop
      vertex -8.6 8.26077 0
      vertex -8.73051 8.34798 4
      vertex -8.6 8.26077 4
    endloop
  endfacet
  facet normal 0.555597 0.831452 0
    outer loop
      vertex -8.73051 8.34798 4
      vertex -8.6 8.26077 0
      vertex -8.73051 8.34798 0
    endloop
  endfacet
  facet normal -0.0656183 -0.997845 0
    outer loop
      vertex -8 10.5 0
      vertex -7.84337 10.4897 4
      vertex -8 10.5 4
    endloop
  endfacet
  facet normal -0.0656183 -0.997845 -0
    outer loop
      vertex -7.84337 10.4897 4
      vertex -8 10.5 0
      vertex -7.84337 10.4897 0
    endloop
  endfacet
  facet normal -0.442673 -0.896683 0
    outer loop
      vertex -7.54078 10.4087 0
      vertex -7.4 10.3392 4
      vertex -7.54078 10.4087 4
    endloop
  endfacet
  facet normal -0.442673 -0.896683 -0
    outer loop
      vertex -7.4 10.3392 4
      vertex -7.54078 10.4087 0
      vertex -7.4 10.3392 0
    endloop
  endfacet
  facet normal -0.946943 0.321402 0
    outer loop
      vertex -6.89134 8.84078 0
      vertex -6.84089 8.98942 4
      vertex -6.84089 8.98942 0
    endloop
  endfacet
  facet normal -0.946943 0.321402 0
    outer loop
      vertex -6.84089 8.98942 4
      vertex -6.89134 8.84078 0
      vertex -6.89134 8.84078 4
    endloop
  endfacet
  facet normal -0.997857 0.065428 0
    outer loop
      vertex -6.81027 9.14337 0
      vertex -6.8 9.3 4
      vertex -6.8 9.3 0
    endloop
  endfacet
  facet normal -0.997857 0.065428 0
    outer loop
      vertex -6.8 9.3 4
      vertex -6.81027 9.14337 0
      vertex -6.81027 9.14337 4
    endloop
  endfacet
  facet normal 0.831452 0.555597 0
    outer loop
      vertex -8.95202 8.56949 4
      vertex -9.03923 8.7 0
      vertex -9.03923 8.7 4
    endloop
  endfacet
  facet normal 0.831452 0.555597 0
    outer loop
      vertex -9.03923 8.7 0
      vertex -8.95202 8.56949 4
      vertex -8.95202 8.56949 0
    endloop
  endfacet
  facet normal -0.659343 -0.751842 0
    outer loop
      vertex -7.26949 10.252 0
      vertex -7.15147 10.1485 4
      vertex -7.26949 10.252 4
    endloop
  endfacet
  facet normal -0.659343 -0.751842 -0
    outer loop
      vertex -7.15147 10.1485 4
      vertex -7.26949 10.252 0
      vertex -7.15147 10.1485 0
    endloop
  endfacet
  facet normal 0.751818 -0.65937 0
    outer loop
      vertex -8.95202 10.0305 4
      vertex -8.84853 10.1485 0
      vertex -8.84853 10.1485 4
    endloop
  endfacet
  facet normal 0.751818 -0.65937 0
    outer loop
      vertex -8.84853 10.1485 0
      vertex -8.95202 10.0305 4
      vertex -8.95202 10.0305 0
    endloop
  endfacet
  facet normal 0.980788 0.195075 0
    outer loop
      vertex -9.15911 8.98942 4
      vertex -9.18973 9.14337 0
      vertex -9.18973 9.14337 4
    endloop
  endfacet
  facet normal 0.980788 0.195075 0
    outer loop
      vertex -9.18973 9.14337 0
      vertex -9.15911 8.98942 4
      vertex -9.15911 8.98942 0
    endloop
  endfacet
  facet normal -0.751874 0.659307 0
    outer loop
      vertex -7.15147 8.45147 0
      vertex -7.04798 8.56949 4
      vertex -7.04798 8.56949 0
    endloop
  endfacet
  facet normal -0.751874 0.659307 0
    outer loop
      vertex -7.04798 8.56949 4
      vertex -7.15147 8.45147 0
      vertex -7.15147 8.45147 4
    endloop
  endfacet
  facet normal -0.195075 0.980788 0
    outer loop
      vertex -7.68942 8.14089 0
      vertex -7.84337 8.11027 4
      vertex -7.68942 8.14089 4
    endloop
  endfacet
  facet normal -0.195075 0.980788 0
    outer loop
      vertex -7.84337 8.11027 4
      vertex -7.68942 8.14089 0
      vertex -7.84337 8.11027 0
    endloop
  endfacet
  facet normal -0.065428 0.997857 0
    outer loop
      vertex -7.84337 8.11027 0
      vertex -8 8.1 4
      vertex -7.84337 8.11027 4
    endloop
  endfacet
  facet normal -0.065428 0.997857 0
    outer loop
      vertex -8 8.1 4
      vertex -7.84337 8.11027 0
      vertex -8 8.1 0
    endloop
  endfacet
  facet normal 0.997857 -0.065428 0
    outer loop
      vertex -9.2 9.3 4
      vertex -9.18973 9.45663 0
      vertex -9.18973 9.45663 4
    endloop
  endfacet
  facet normal 0.997857 -0.065428 0
    outer loop
      vertex -9.18973 9.45663 0
      vertex -9.2 9.3 4
      vertex -9.2 9.3 0
    endloop
  endfacet
  facet normal 0.0656183 -0.997845 0
    outer loop
      vertex -8.15663 10.4897 0
      vertex -8 10.5 4
      vertex -8.15663 10.4897 4
    endloop
  endfacet
  facet normal 0.0656183 -0.997845 0
    outer loop
      vertex -8 10.5 4
      vertex -8.15663 10.4897 0
      vertex -8 10.5 0
    endloop
  endfacet
  facet normal 0.896885 0.442263 0
    outer loop
      vertex -9.03923 8.7 4
      vertex -9.10865 8.84078 0
      vertex -9.10865 8.84078 4
    endloop
  endfacet
  facet normal 0.896885 0.442263 0
    outer loop
      vertex -9.10865 8.84078 0
      vertex -9.03923 8.7 4
      vertex -9.03923 8.7 0
    endloop
  endfacet
  facet normal 0.321117 -0.94704 0
    outer loop
      vertex -8.45922 10.4087 0
      vertex -8.31058 10.4591 4
      vertex -8.45922 10.4087 4
    endloop
  endfacet
  facet normal 0.321117 -0.94704 0
    outer loop
      vertex -8.31058 10.4591 4
      vertex -8.45922 10.4087 0
      vertex -8.31058 10.4591 0
    endloop
  endfacet
  facet normal 0.946923 -0.32146 0
    outer loop
      vertex -9.15911 9.61058 4
      vertex -9.10865 9.75922 0
      vertex -9.10865 9.75922 4
    endloop
  endfacet
  facet normal 0.946923 -0.32146 0
    outer loop
      vertex -9.10865 9.75922 0
      vertex -9.15911 9.61058 4
      vertex -9.15911 9.61058 0
    endloop
  endfacet
  facet normal 0.997857 0.065428 0
    outer loop
      vertex -9.18973 9.14337 4
      vertex -9.2 9.3 0
      vertex -9.2 9.3 4
    endloop
  endfacet
  facet normal 0.997857 0.065428 0
    outer loop
      vertex -9.2 9.3 0
      vertex -9.18973 9.14337 4
      vertex -9.18973 9.14337 0
    endloop
  endfacet
  facet normal -0.555553 -0.831481 0
    outer loop
      vertex -7.4 10.3392 0
      vertex -7.26949 10.252 4
      vertex -7.4 10.3392 4
    endloop
  endfacet
  facet normal -0.555553 -0.831481 -0
    outer loop
      vertex -7.26949 10.252 4
      vertex -7.4 10.3392 0
      vertex -7.26949 10.252 0
    endloop
  endfacet
  facet normal -0.980788 0.195075 0
    outer loop
      vertex -6.84089 8.98942 0
      vertex -6.81027 9.14337 4
      vertex -6.81027 9.14337 0
    endloop
  endfacet
  facet normal -0.980788 0.195075 0
    outer loop
      vertex -6.81027 9.14337 4
      vertex -6.84089 8.98942 0
      vertex -6.84089 8.98942 4
    endloop
  endfacet
  facet normal 0.659307 0.751874 -0
    outer loop
      vertex -8.73051 8.34798 0
      vertex -8.84853 8.45147 4
      vertex -8.73051 8.34798 4
    endloop
  endfacet
  facet normal 0.659307 0.751874 0
    outer loop
      vertex -8.84853 8.45147 4
      vertex -8.73051 8.34798 0
      vertex -8.84853 8.45147 0
    endloop
  endfacet
  facet normal 0.194952 -0.980813 0
    outer loop
      vertex -8.31058 10.4591 0
      vertex -8.15663 10.4897 4
      vertex -8.31058 10.4591 4
    endloop
  endfacet
  facet normal 0.194952 -0.980813 0
    outer loop
      vertex -8.15663 10.4897 4
      vertex -8.31058 10.4591 0
      vertex -8.15663 10.4897 0
    endloop
  endfacet
  facet normal 0.195075 0.980788 -0
    outer loop
      vertex -8.15663 8.11027 0
      vertex -8.31058 8.14089 4
      vertex -8.15663 8.11027 4
    endloop
  endfacet
  facet normal 0.195075 0.980788 0
    outer loop
      vertex -8.31058 8.14089 4
      vertex -8.15663 8.11027 0
      vertex -8.31058 8.14089 0
    endloop
  endfacet
  facet normal 0.321402 0.946943 -0
    outer loop
      vertex -8.31058 8.14089 0
      vertex -8.45922 8.19134 4
      vertex -8.31058 8.14089 4
    endloop
  endfacet
  facet normal 0.321402 0.946943 0
    outer loop
      vertex -8.45922 8.19134 4
      vertex -8.31058 8.14089 0
      vertex -8.45922 8.19134 0
    endloop
  endfacet
  facet normal 0.555553 -0.831481 0
    outer loop
      vertex -8.73051 10.252 0
      vertex -8.6 10.3392 4
      vertex -8.73051 10.252 4
    endloop
  endfacet
  facet normal 0.555553 -0.831481 0
    outer loop
      vertex -8.6 10.3392 4
      vertex -8.73051 10.252 0
      vertex -8.6 10.3392 0
    endloop
  endfacet
  facet normal -0.194952 -0.980813 0
    outer loop
      vertex -7.84337 10.4897 0
      vertex -7.68942 10.4591 4
      vertex -7.84337 10.4897 4
    endloop
  endfacet
  facet normal -0.194952 -0.980813 -0
    outer loop
      vertex -7.68942 10.4591 4
      vertex -7.84337 10.4897 0
      vertex -7.68942 10.4591 0
    endloop
  endfacet
  facet normal 0.751874 0.659307 0
    outer loop
      vertex -8.84853 8.45147 4
      vertex -8.95202 8.56949 0
      vertex -8.95202 8.56949 4
    endloop
  endfacet
  facet normal 0.751874 0.659307 0
    outer loop
      vertex -8.95202 8.56949 0
      vertex -8.84853 8.45147 4
      vertex -8.84853 8.45147 0
    endloop
  endfacet
  facet normal -0.555597 0.831452 0
    outer loop
      vertex -7.26949 8.34798 0
      vertex -7.4 8.26077 4
      vertex -7.26949 8.34798 4
    endloop
  endfacet
  facet normal -0.555597 0.831452 0
    outer loop
      vertex -7.4 8.26077 4
      vertex -7.26949 8.34798 0
      vertex -7.4 8.26077 0
    endloop
  endfacet
  facet normal 0.896885 -0.442263 0
    outer loop
      vertex -9.10865 9.75922 4
      vertex -9.03923 9.9 0
      vertex -9.03923 9.9 4
    endloop
  endfacet
  facet normal 0.896885 -0.442263 0
    outer loop
      vertex -9.03923 9.9 0
      vertex -9.10865 9.75922 4
      vertex -9.10865 9.75922 0
    endloop
  endfacet
  facet normal 0.831432 -0.555626 0
    outer loop
      vertex -9.03923 9.9 4
      vertex -8.95202 10.0305 0
      vertex -8.95202 10.0305 4
    endloop
  endfacet
  facet normal 0.831432 -0.555626 0
    outer loop
      vertex -8.95202 10.0305 0
      vertex -9.03923 9.9 4
      vertex -9.03923 9.9 0
    endloop
  endfacet
  facet normal 0.065428 0.997857 -0
    outer loop
      vertex -8 8.1 0
      vertex -8.15663 8.11027 4
      vertex -8 8.1 4
    endloop
  endfacet
  facet normal 0.065428 0.997857 0
    outer loop
      vertex -8.15663 8.11027 4
      vertex -8 8.1 0
      vertex -8.15663 8.11027 0
    endloop
  endfacet
  facet normal -0.980777 -0.19513 0
    outer loop
      vertex 1.68546 -9.2781 0
      vertex 1.64207 -9.06001 4
      vertex 1.64207 -9.06001 0
    endloop
  endfacet
  facet normal -0.980777 -0.19513 0
    outer loop
      vertex 1.64207 -9.06001 4
      vertex 1.68546 -9.2781 0
      vertex 1.68546 -9.2781 4
    endloop
  endfacet
  facet normal -0.99786 -0.0653848 0
    outer loop
      vertex 1.7 -9.5 0
      vertex 1.68546 -9.2781 4
      vertex 1.68546 -9.2781 0
    endloop
  endfacet
  facet normal -0.99786 -0.0653848 0
    outer loop
      vertex 1.68546 -9.2781 4
      vertex 1.7 -9.5 0
      vertex 1.7 -9.5 4
    endloop
  endfacet
  facet normal -0.0652074 0.997872 0
    outer loop
      vertex 0.221894 -11.1855 0
      vertex 0 -11.2 4
      vertex 0.221894 -11.1855 4
    endloop
  endfacet
  facet normal -0.0652074 0.997872 0
    outer loop
      vertex 0 -11.2 4
      vertex 0.221894 -11.1855 0
      vertex 0 -11.2 0
    endloop
  endfacet
  facet normal 0.659342 -0.751844 0
    outer loop
      vertex -1.20208 -8.29792 0
      vertex -1.03489 -8.1513 4
      vertex -1.20208 -8.29792 4
    endloop
  endfacet
  facet normal 0.659342 -0.751844 0
    outer loop
      vertex -1.03489 -8.1513 4
      vertex -1.20208 -8.29792 0
      vertex -1.03489 -8.1513 0
    endloop
  endfacet
  facet normal 0.831483 0.555551 0
    outer loop
      vertex -1.3487 -10.5349 4
      vertex -1.47224 -10.35 0
      vertex -1.47224 -10.35 4
    endloop
  endfacet
  facet normal 0.831483 0.555551 0
    outer loop
      vertex -1.47224 -10.35 0
      vertex -1.3487 -10.5349 4
      vertex -1.3487 -10.5349 0
    endloop
  endfacet
  facet normal 0.195167 0.98077 -0
    outer loop
      vertex -0.221894 -11.1855 0
      vertex -0.439992 -11.1421 4
      vertex -0.221894 -11.1855 4
    endloop
  endfacet
  facet normal 0.195167 0.98077 0
    outer loop
      vertex -0.439992 -11.1421 4
      vertex -0.221894 -11.1855 0
      vertex -0.439992 -11.1421 0
    endloop
  endfacet
  facet normal -0.659342 -0.751844 0
    outer loop
      vertex 1.03489 -8.1513 0
      vertex 1.20208 -8.29792 4
      vertex 1.03489 -8.1513 4
    endloop
  endfacet
  facet normal -0.659342 -0.751844 -0
    outer loop
      vertex 1.20208 -8.29792 4
      vertex 1.03489 -8.1513 0
      vertex 1.20208 -8.29792 0
    endloop
  endfacet
  facet normal -0.946947 0.321389 0
    outer loop
      vertex 1.57059 -10.1506 0
      vertex 1.64207 -9.93999 4
      vertex 1.64207 -9.93999 0
    endloop
  endfacet
  facet normal -0.946947 0.321389 0
    outer loop
      vertex 1.64207 -9.93999 4
      vertex 1.57059 -10.1506 0
      vertex 1.57059 -10.1506 4
    endloop
  endfacet
  facet normal -0.751863 0.659319 0
    outer loop
      vertex 1.20208 -10.7021 0
      vertex 1.3487 -10.5349 4
      vertex 1.3487 -10.5349 0
    endloop
  endfacet
  facet normal -0.751863 0.659319 0
    outer loop
      vertex 1.3487 -10.5349 4
      vertex 1.20208 -10.7021 0
      vertex 1.20208 -10.7021 4
    endloop
  endfacet
  facet normal -0.751844 -0.659342 0
    outer loop
      vertex 1.3487 -8.46511 0
      vertex 1.20208 -8.29792 4
      vertex 1.20208 -8.29792 0
    endloop
  endfacet
  facet normal -0.751844 -0.659342 0
    outer loop
      vertex 1.20208 -8.29792 4
      vertex 1.3487 -8.46511 0
      vertex 1.3487 -8.46511 4
    endloop
  endfacet
  facet normal 0.946947 0.321389 0
    outer loop
      vertex -1.57059 -10.1506 4
      vertex -1.64207 -9.93999 0
      vertex -1.64207 -9.93999 4
    endloop
  endfacet
  facet normal 0.946947 0.321389 0
    outer loop
      vertex -1.64207 -9.93999 0
      vertex -1.57059 -10.1506 4
      vertex -1.57059 -10.1506 0
    endloop
  endfacet
  facet normal -0.321526 0.946901 0
    outer loop
      vertex 0.650561 -11.0706 0
      vertex 0.439992 -11.1421 4
      vertex 0.650561 -11.0706 4
    endloop
  endfacet
  facet normal -0.321526 0.946901 0
    outer loop
      vertex 0.439992 -11.1421 4
      vertex 0.650561 -11.0706 0
      vertex 0.439992 -11.1421 0
    endloop
  endfacet
  facet normal 0.0652074 0.997872 -0
    outer loop
      vertex 0 -11.2 0
      vertex -0.221894 -11.1855 4
      vertex 0 -11.2 4
    endloop
  endfacet
  facet normal 0.0652074 0.997872 0
    outer loop
      vertex -0.221894 -11.1855 4
      vertex 0 -11.2 0
      vertex -0.221894 -11.1855 0
    endloop
  endfacet
  facet normal 0.321405 -0.946942 0
    outer loop
      vertex -0.650561 -7.9294 0
      vertex -0.439992 -7.85793 4
      vertex -0.650561 -7.9294 4
    endloop
  endfacet
  facet normal 0.321405 -0.946942 0
    outer loop
      vertex -0.439992 -7.85793 4
      vertex -0.650561 -7.9294 0
      vertex -0.439992 -7.85793 0
    endloop
  endfacet
  facet normal -0.946929 -0.321444 0
    outer loop
      vertex 1.64207 -9.06001 0
      vertex 1.57059 -8.84944 4
      vertex 1.57059 -8.84944 0
    endloop
  endfacet
  facet normal -0.946929 -0.321444 0
    outer loop
      vertex 1.57059 -8.84944 4
      vertex 1.64207 -9.06001 0
      vertex 1.64207 -9.06001 4
    endloop
  endfacet
  facet normal 0.751844 -0.659342 0
    outer loop
      vertex -1.3487 -8.46511 4
      vertex -1.20208 -8.29792 0
      vertex -1.20208 -8.29792 4
    endloop
  endfacet
  facet normal 0.751844 -0.659342 0
    outer loop
      vertex -1.20208 -8.29792 0
      vertex -1.3487 -8.46511 4
      vertex -1.3487 -8.46511 0
    endloop
  endfacet
  facet normal 0.442463 0.896787 -0
    outer loop
      vertex -0.650561 -11.0706 0
      vertex -0.849999 -10.9722 4
      vertex -0.650561 -11.0706 4
    endloop
  endfacet
  facet normal 0.442463 0.896787 0
    outer loop
      vertex -0.849999 -10.9722 4
      vertex -0.650561 -11.0706 0
      vertex -0.849999 -10.9722 0
    endloop
  endfacet
  facet normal 0.0653866 -0.99786 0
    outer loop
      vertex -0.221894 -7.81454 0
      vertex 0 -7.8 4
      vertex -0.221894 -7.81454 4
    endloop
  endfacet
  facet normal 0.0653866 -0.99786 0
    outer loop
      vertex 0 -7.8 4
      vertex -0.221894 -7.81454 0
      vertex 0 -7.8 0
    endloop
  endfacet
  facet normal -0.896843 0.442349 0
    outer loop
      vertex 1.47224 -10.35 0
      vertex 1.57059 -10.1506 4
      vertex 1.57059 -10.1506 0
    endloop
  endfacet
  facet normal -0.896843 0.442349 0
    outer loop
      vertex 1.57059 -10.1506 4
      vertex 1.47224 -10.35 0
      vertex 1.47224 -10.35 4
    endloop
  endfacet
  facet normal -0.555445 0.831553 0
    outer loop
      vertex 1.03489 -10.8487 0
      vertex 0.849999 -10.9722 4
      vertex 1.03489 -10.8487 4
    endloop
  endfacet
  facet normal -0.555445 0.831553 0
    outer loop
      vertex 0.849999 -10.9722 4
      vertex 1.03489 -10.8487 0
      vertex 0.849999 -10.9722 0
    endloop
  endfacet
  facet normal 0.980779 0.195122 0
    outer loop
      vertex -1.64207 -9.93999 4
      vertex -1.68546 -9.72189 0
      vertex -1.68546 -9.72189 4
    endloop
  endfacet
  facet normal 0.980779 0.195122 0
    outer loop
      vertex -1.68546 -9.72189 0
      vertex -1.64207 -9.93999 4
      vertex -1.64207 -9.93999 0
    endloop
  endfacet
  facet normal -0.195123 -0.980779 0
    outer loop
      vertex 0.221894 -7.81454 0
      vertex 0.439992 -7.85793 4
      vertex 0.221894 -7.81454 4
    endloop
  endfacet
  facet normal -0.195123 -0.980779 -0
    outer loop
      vertex 0.439992 -7.85793 4
      vertex 0.221894 -7.81454 0
      vertex 0.439992 -7.85793 0
    endloop
  endfacet
  facet normal -0.831469 -0.555572 0
    outer loop
      vertex 1.47224 -8.65 0
      vertex 1.3487 -8.46511 4
      vertex 1.3487 -8.46511 0
    endloop
  endfacet
  facet normal -0.831469 -0.555572 0
    outer loop
      vertex 1.3487 -8.46511 4
      vertex 1.47224 -8.65 0
      vertex 1.47224 -8.65 4
    endloop
  endfacet
  facet normal -0.99786 0.0653877 0
    outer loop
      vertex 1.68546 -9.72189 0
      vertex 1.7 -9.5 4
      vertex 1.7 -9.5 0
    endloop
  endfacet
  facet normal -0.99786 0.0653877 0
    outer loop
      vertex 1.7 -9.5 4
      vertex 1.68546 -9.72189 0
      vertex 1.68546 -9.72189 4
    endloop
  endfacet
  facet normal -0.321405 -0.946942 0
    outer loop
      vertex 0.439992 -7.85793 0
      vertex 0.650561 -7.9294 4
      vertex 0.439992 -7.85793 4
    endloop
  endfacet
  facet normal -0.321405 -0.946942 -0
    outer loop
      vertex 0.650561 -7.9294 4
      vertex 0.439992 -7.85793 0
      vertex 0.650561 -7.9294 0
    endloop
  endfacet
  facet normal -0.55557 -0.83147 0
    outer loop
      vertex 0.849999 -8.02776 0
      vertex 1.03489 -8.1513 4
      vertex 0.849999 -8.02776 4
    endloop
  endfacet
  facet normal -0.55557 -0.83147 -0
    outer loop
      vertex 1.03489 -8.1513 4
      vertex 0.849999 -8.02776 0
      vertex 1.03489 -8.1513 0
    endloop
  endfacet
  facet normal 0.195123 -0.980779 0
    outer loop
      vertex -0.439992 -7.85793 0
      vertex -0.221894 -7.81454 4
      vertex -0.439992 -7.85793 4
    endloop
  endfacet
  facet normal 0.195123 -0.980779 0
    outer loop
      vertex -0.221894 -7.81454 4
      vertex -0.439992 -7.85793 0
      vertex -0.221894 -7.81454 0
    endloop
  endfacet
  facet normal -0.659291 0.751888 0
    outer loop
      vertex 1.20208 -10.7021 0
      vertex 1.03489 -10.8487 4
      vertex 1.20208 -10.7021 4
    endloop
  endfacet
  facet normal -0.659291 0.751888 0
    outer loop
      vertex 1.03489 -10.8487 4
      vertex 1.20208 -10.7021 0
      vertex 1.03489 -10.8487 0
    endloop
  endfacet
  facet normal 0.896878 -0.442278 0
    outer loop
      vertex -1.57059 -8.84944 4
      vertex -1.47224 -8.65 0
      vertex -1.47224 -8.65 4
    endloop
  endfacet
  facet normal 0.896878 -0.442278 0
    outer loop
      vertex -1.47224 -8.65 0
      vertex -1.57059 -8.84944 4
      vertex -1.57059 -8.84944 0
    endloop
  endfacet
  facet normal -0.980779 0.195122 0
    outer loop
      vertex 1.64207 -9.93999 0
      vertex 1.68546 -9.72189 4
      vertex 1.68546 -9.72189 0
    endloop
  endfacet
  facet normal -0.980779 0.195122 0
    outer loop
      vertex 1.68546 -9.72189 4
      vertex 1.64207 -9.93999 0
      vertex 1.64207 -9.93999 4
    endloop
  endfacet
  facet normal -0.195167 0.98077 0
    outer loop
      vertex 0.439992 -11.1421 0
      vertex 0.221894 -11.1855 4
      vertex 0.439992 -11.1421 4
    endloop
  endfacet
  facet normal -0.195167 0.98077 0
    outer loop
      vertex 0.221894 -11.1855 4
      vertex 0.439992 -11.1421 0
      vertex 0.221894 -11.1855 0
    endloop
  endfacet
  facet normal 0.659291 0.751888 -0
    outer loop
      vertex -1.03489 -10.8487 0
      vertex -1.20208 -10.7021 4
      vertex -1.03489 -10.8487 4
    endloop
  endfacet
  facet normal 0.659291 0.751888 0
    outer loop
      vertex -1.20208 -10.7021 4
      vertex -1.03489 -10.8487 0
      vertex -1.20208 -10.7021 0
    endloop
  endfacet
  facet normal 0.751863 0.659319 0
    outer loop
      vertex -1.20208 -10.7021 4
      vertex -1.3487 -10.5349 0
      vertex -1.3487 -10.5349 4
    endloop
  endfacet
  facet normal 0.751863 0.659319 0
    outer loop
      vertex -1.3487 -10.5349 0
      vertex -1.20208 -10.7021 4
      vertex -1.20208 -10.7021 0
    endloop
  endfacet
  facet normal -0.0653866 -0.99786 0
    outer loop
      vertex 0 -7.8 0
      vertex 0.221894 -7.81454 4
      vertex 0 -7.8 4
    endloop
  endfacet
  facet normal -0.0653866 -0.99786 -0
    outer loop
      vertex 0.221894 -7.81454 4
      vertex 0 -7.8 0
      vertex 0.221894 -7.81454 0
    endloop
  endfacet
  facet normal -0.442318 -0.896858 0
    outer loop
      vertex 0.650561 -7.9294 0
      vertex 0.849999 -8.02776 4
      vertex 0.650561 -7.9294 4
    endloop
  endfacet
  facet normal -0.442318 -0.896858 -0
    outer loop
      vertex 0.849999 -8.02776 4
      vertex 0.650561 -7.9294 0
      vertex 0.849999 -8.02776 0
    endloop
  endfacet
  facet normal -0.831483 0.555551 0
    outer loop
      vertex 1.3487 -10.5349 0
      vertex 1.47224 -10.35 4
      vertex 1.47224 -10.35 0
    endloop
  endfacet
  facet normal -0.831483 0.555551 0
    outer loop
      vertex 1.47224 -10.35 4
      vertex 1.3487 -10.5349 0
      vertex 1.3487 -10.5349 4
    endloop
  endfacet
  facet normal 0.99786 0.0653877 0
    outer loop
      vertex -1.68546 -9.72189 4
      vertex -1.7 -9.5 0
      vertex -1.7 -9.5 4
    endloop
  endfacet
  facet normal 0.99786 0.0653877 0
    outer loop
      vertex -1.7 -9.5 0
      vertex -1.68546 -9.72189 4
      vertex -1.68546 -9.72189 0
    endloop
  endfacet
  facet normal -0.442463 0.896787 0
    outer loop
      vertex 0.849999 -10.9722 0
      vertex 0.650561 -11.0706 4
      vertex 0.849999 -10.9722 4
    endloop
  endfacet
  facet normal -0.442463 0.896787 0
    outer loop
      vertex 0.650561 -11.0706 4
      vertex 0.849999 -10.9722 0
      vertex 0.650561 -11.0706 0
    endloop
  endfacet
  facet normal 0.980777 -0.19513 0
    outer loop
      vertex -1.68546 -9.2781 4
      vertex -1.64207 -9.06001 0
      vertex -1.64207 -9.06001 4
    endloop
  endfacet
  facet normal 0.980777 -0.19513 0
    outer loop
      vertex -1.64207 -9.06001 0
      vertex -1.68546 -9.2781 4
      vertex -1.68546 -9.2781 0
    endloop
  endfacet
  facet normal 0.896843 0.442349 0
    outer loop
      vertex -1.47224 -10.35 4
      vertex -1.57059 -10.1506 0
      vertex -1.57059 -10.1506 4
    endloop
  endfacet
  facet normal 0.896843 0.442349 0
    outer loop
      vertex -1.57059 -10.1506 0
      vertex -1.47224 -10.35 4
      vertex -1.47224 -10.35 0
    endloop
  endfacet
  facet normal 0.946929 -0.321444 0
    outer loop
      vertex -1.64207 -9.06001 4
      vertex -1.57059 -8.84944 0
      vertex -1.57059 -8.84944 4
    endloop
  endfacet
  facet normal 0.946929 -0.321444 0
    outer loop
      vertex -1.57059 -8.84944 0
      vertex -1.64207 -9.06001 4
      vertex -1.64207 -9.06001 0
    endloop
  endfacet
  facet normal -0.896878 -0.442278 0
    outer loop
      vertex 1.57059 -8.84944 0
      vertex 1.47224 -8.65 4
      vertex 1.47224 -8.65 0
    endloop
  endfacet
  facet normal -0.896878 -0.442278 0
    outer loop
      vertex 1.47224 -8.65 4
      vertex 1.57059 -8.84944 0
      vertex 1.57059 -8.84944 4
    endloop
  endfacet
  facet normal 0.99786 -0.0653848 0
    outer loop
      vertex -1.7 -9.5 4
      vertex -1.68546 -9.2781 0
      vertex -1.68546 -9.2781 4
    endloop
  endfacet
  facet normal 0.99786 -0.0653848 0
    outer loop
      vertex -1.68546 -9.2781 0
      vertex -1.7 -9.5 4
      vertex -1.7 -9.5 0
    endloop
  endfacet
  facet normal 0.321526 0.946901 -0
    outer loop
      vertex -0.439992 -11.1421 0
      vertex -0.650561 -11.0706 4
      vertex -0.439992 -11.1421 4
    endloop
  endfacet
  facet normal 0.321526 0.946901 0
    outer loop
      vertex -0.650561 -11.0706 4
      vertex -0.439992 -11.1421 0
      vertex -0.650561 -11.0706 0
    endloop
  endfacet
  facet normal 0.442318 -0.896858 0
    outer loop
      vertex -0.849999 -8.02776 0
      vertex -0.650561 -7.9294 4
      vertex -0.849999 -8.02776 4
    endloop
  endfacet
  facet normal 0.442318 -0.896858 0
    outer loop
      vertex -0.650561 -7.9294 4
      vertex -0.849999 -8.02776 0
      vertex -0.650561 -7.9294 0
    endloop
  endfacet
  facet normal 0.55557 -0.83147 0
    outer loop
      vertex -1.03489 -8.1513 0
      vertex -0.849999 -8.02776 4
      vertex -1.03489 -8.1513 4
    endloop
  endfacet
  facet normal 0.55557 -0.83147 0
    outer loop
      vertex -0.849999 -8.02776 4
      vertex -1.03489 -8.1513 0
      vertex -0.849999 -8.02776 0
    endloop
  endfacet
  facet normal 0.831469 -0.555572 0
    outer loop
      vertex -1.47224 -8.65 4
      vertex -1.3487 -8.46511 0
      vertex -1.3487 -8.46511 4
    endloop
  endfacet
  facet normal 0.831469 -0.555572 0
    outer loop
      vertex -1.3487 -8.46511 0
      vertex -1.47224 -8.65 4
      vertex -1.47224 -8.65 0
    endloop
  endfacet
  facet normal 0.555445 0.831553 -0
    outer loop
      vertex -0.849999 -10.9722 0
      vertex -1.03489 -10.8487 4
      vertex -0.849999 -10.9722 4
    endloop
  endfacet
  facet normal 0.555445 0.831553 0
    outer loop
      vertex -1.03489 -10.8487 4
      vertex -0.849999 -10.9722 0
      vertex -1.03489 -10.8487 0
    endloop
  endfacet
  facet normal -0.980779 -0.195122 0
    outer loop
      vertex 1.68546 9.72189 0
      vertex 1.64207 9.93999 4
      vertex 1.64207 9.93999 0
    endloop
  endfacet
  facet normal -0.980779 -0.195122 0
    outer loop
      vertex 1.64207 9.93999 4
      vertex 1.68546 9.72189 0
      vertex 1.68546 9.72189 4
    endloop
  endfacet
  facet normal -0.99786 -0.0653877 0
    outer loop
      vertex 1.7 9.5 0
      vertex 1.68546 9.72189 4
      vertex 1.68546 9.72189 0
    endloop
  endfacet
  facet normal -0.99786 -0.0653877 0
    outer loop
      vertex 1.68546 9.72189 4
      vertex 1.7 9.5 0
      vertex 1.7 9.5 4
    endloop
  endfacet
  facet normal 0.442463 -0.896787 0
    outer loop
      vertex -0.849999 10.9722 0
      vertex -0.650561 11.0706 4
      vertex -0.849999 10.9722 4
    endloop
  endfacet
  facet normal 0.442463 -0.896787 0
    outer loop
      vertex -0.650561 11.0706 4
      vertex -0.849999 10.9722 0
      vertex -0.650561 11.0706 0
    endloop
  endfacet
  facet normal -0.555445 -0.831553 0
    outer loop
      vertex 0.849999 10.9722 0
      vertex 1.03489 10.8487 4
      vertex 0.849999 10.9722 4
    endloop
  endfacet
  facet normal -0.555445 -0.831553 -0
    outer loop
      vertex 1.03489 10.8487 4
      vertex 0.849999 10.9722 0
      vertex 1.03489 10.8487 0
    endloop
  endfacet
  facet normal 0.659291 -0.751888 0
    outer loop
      vertex -1.20208 10.7021 0
      vertex -1.03489 10.8487 4
      vertex -1.20208 10.7021 4
    endloop
  endfacet
  facet normal 0.659291 -0.751888 0
    outer loop
      vertex -1.03489 10.8487 4
      vertex -1.20208 10.7021 0
      vertex -1.03489 10.8487 0
    endloop
  endfacet
  facet normal -0.321405 0.946942 0
    outer loop
      vertex 0.650561 7.9294 0
      vertex 0.439992 7.85793 4
      vertex 0.650561 7.9294 4
    endloop
  endfacet
  facet normal -0.321405 0.946942 0
    outer loop
      vertex 0.439992 7.85793 4
      vertex 0.650561 7.9294 0
      vertex 0.439992 7.85793 0
    endloop
  endfacet
  facet normal -0.831469 0.555572 0
    outer loop
      vertex 1.3487 8.46511 0
      vertex 1.47224 8.65 4
      vertex 1.47224 8.65 0
    endloop
  endfacet
  facet normal -0.831469 0.555572 0
    outer loop
      vertex 1.47224 8.65 4
      vertex 1.3487 8.46511 0
      vertex 1.3487 8.46511 4
    endloop
  endfacet
  facet normal -0.946929 0.321444 0
    outer loop
      vertex 1.57059 8.84944 0
      vertex 1.64207 9.06001 4
      vertex 1.64207 9.06001 0
    endloop
  endfacet
  facet normal -0.946929 0.321444 0
    outer loop
      vertex 1.64207 9.06001 4
      vertex 1.57059 8.84944 0
      vertex 1.57059 8.84944 4
    endloop
  endfacet
  facet normal -0.321526 -0.946901 0
    outer loop
      vertex 0.439992 11.1421 0
      vertex 0.650561 11.0706 4
      vertex 0.439992 11.1421 4
    endloop
  endfacet
  facet normal -0.321526 -0.946901 -0
    outer loop
      vertex 0.650561 11.0706 4
      vertex 0.439992 11.1421 0
      vertex 0.650561 11.0706 0
    endloop
  endfacet
  facet normal -0.195167 -0.98077 0
    outer loop
      vertex 0.221894 11.1855 0
      vertex 0.439992 11.1421 4
      vertex 0.221894 11.1855 4
    endloop
  endfacet
  facet normal -0.195167 -0.98077 -0
    outer loop
      vertex 0.439992 11.1421 4
      vertex 0.221894 11.1855 0
      vertex 0.439992 11.1421 0
    endloop
  endfacet
  facet normal 0.555445 -0.831553 0
    outer loop
      vertex -1.03489 10.8487 0
      vertex -0.849999 10.9722 4
      vertex -1.03489 10.8487 4
    endloop
  endfacet
  facet normal 0.555445 -0.831553 0
    outer loop
      vertex -0.849999 10.9722 4
      vertex -1.03489 10.8487 0
      vertex -0.849999 10.9722 0
    endloop
  endfacet
  facet normal -0.896878 0.442278 0
    outer loop
      vertex 1.47224 8.65 0
      vertex 1.57059 8.84944 4
      vertex 1.57059 8.84944 0
    endloop
  endfacet
  facet normal -0.896878 0.442278 0
    outer loop
      vertex 1.57059 8.84944 4
      vertex 1.47224 8.65 0
      vertex 1.47224 8.65 4
    endloop
  endfacet
  facet normal -0.659291 -0.751888 0
    outer loop
      vertex 1.03489 10.8487 0
      vertex 1.20208 10.7021 4
      vertex 1.03489 10.8487 4
    endloop
  endfacet
  facet normal -0.659291 -0.751888 -0
    outer loop
      vertex 1.20208 10.7021 4
      vertex 1.03489 10.8487 0
      vertex 1.20208 10.7021 0
    endloop
  endfacet
  facet normal -0.55557 0.83147 0
    outer loop
      vertex 1.03489 8.1513 0
      vertex 0.849999 8.02776 4
      vertex 1.03489 8.1513 4
    endloop
  endfacet
  facet normal -0.55557 0.83147 0
    outer loop
      vertex 0.849999 8.02776 4
      vertex 1.03489 8.1513 0
      vertex 0.849999 8.02776 0
    endloop
  endfacet
  facet normal -0.442463 -0.896787 0
    outer loop
      vertex 0.650561 11.0706 0
      vertex 0.849999 10.9722 4
      vertex 0.650561 11.0706 4
    endloop
  endfacet
  facet normal -0.442463 -0.896787 -0
    outer loop
      vertex 0.849999 10.9722 4
      vertex 0.650561 11.0706 0
      vertex 0.849999 10.9722 0
    endloop
  endfacet
  facet normal 0.99786 -0.0653877 0
    outer loop
      vertex -1.7 9.5 4
      vertex -1.68546 9.72189 0
      vertex -1.68546 9.72189 4
    endloop
  endfacet
  facet normal 0.99786 -0.0653877 0
    outer loop
      vertex -1.68546 9.72189 0
      vertex -1.7 9.5 4
      vertex -1.7 9.5 0
    endloop
  endfacet
  facet normal 0.659342 0.751844 -0
    outer loop
      vertex -1.03489 8.1513 0
      vertex -1.20208 8.29792 4
      vertex -1.03489 8.1513 4
    endloop
  endfacet
  facet normal 0.659342 0.751844 0
    outer loop
      vertex -1.20208 8.29792 4
      vertex -1.03489 8.1513 0
      vertex -1.20208 8.29792 0
    endloop
  endfacet
  facet normal 0.751844 0.659342 0
    outer loop
      vertex -1.20208 8.29792 4
      vertex -1.3487 8.46511 0
      vertex -1.3487 8.46511 4
    endloop
  endfacet
  facet normal 0.751844 0.659342 0
    outer loop
      vertex -1.3487 8.46511 0
      vertex -1.20208 8.29792 4
      vertex -1.20208 8.29792 0
    endloop
  endfacet
  facet normal 0.831469 0.555572 0
    outer loop
      vertex -1.3487 8.46511 4
      vertex -1.47224 8.65 0
      vertex -1.47224 8.65 4
    endloop
  endfacet
  facet normal 0.831469 0.555572 0
    outer loop
      vertex -1.47224 8.65 0
      vertex -1.3487 8.46511 4
      vertex -1.3487 8.46511 0
    endloop
  endfacet
  facet normal -0.831483 -0.555551 0
    outer loop
      vertex 1.47224 10.35 0
      vertex 1.3487 10.5349 4
      vertex 1.3487 10.5349 0
    endloop
  endfacet
  facet normal -0.831483 -0.555551 0
    outer loop
      vertex 1.3487 10.5349 4
      vertex 1.47224 10.35 0
      vertex 1.47224 10.35 4
    endloop
  endfacet
  facet normal -0.195123 0.980779 0
    outer loop
      vertex 0.439992 7.85793 0
      vertex 0.221894 7.81454 4
      vertex 0.439992 7.85793 4
    endloop
  endfacet
  facet normal -0.195123 0.980779 0
    outer loop
      vertex 0.221894 7.81454 4
      vertex 0.439992 7.85793 0
      vertex 0.221894 7.81454 0
    endloop
  endfacet
  facet normal -0.980777 0.19513 0
    outer loop
      vertex 1.64207 9.06001 0
      vertex 1.68546 9.2781 4
      vertex 1.68546 9.2781 0
    endloop
  endfacet
  facet normal -0.980777 0.19513 0
    outer loop
      vertex 1.68546 9.2781 4
      vertex 1.64207 9.06001 0
      vertex 1.64207 9.06001 4
    endloop
  endfacet
  facet normal 0.946929 0.321444 0
    outer loop
      vertex -1.57059 8.84944 4
      vertex -1.64207 9.06001 0
      vertex -1.64207 9.06001 4
    endloop
  endfacet
  facet normal 0.946929 0.321444 0
    outer loop
      vertex -1.64207 9.06001 0
      vertex -1.57059 8.84944 4
      vertex -1.57059 8.84944 0
    endloop
  endfacet
  facet normal -0.442318 0.896858 0
    outer loop
      vertex 0.849999 8.02776 0
      vertex 0.650561 7.9294 4
      vertex 0.849999 8.02776 4
    endloop
  endfacet
  facet normal -0.442318 0.896858 0
    outer loop
      vertex 0.650561 7.9294 4
      vertex 0.849999 8.02776 0
      vertex 0.650561 7.9294 0
    endloop
  endfacet
  facet normal -0.0652074 -0.997872 0
    outer loop
      vertex 0 11.2 0
      vertex 0.221894 11.1855 4
      vertex 0 11.2 4
    endloop
  endfacet
  facet normal -0.0652074 -0.997872 -0
    outer loop
      vertex 0.221894 11.1855 4
      vertex 0 11.2 0
      vertex 0.221894 11.1855 0
    endloop
  endfacet
  facet normal 0.321526 -0.946901 0
    outer loop
      vertex -0.650561 11.0706 0
      vertex -0.439992 11.1421 4
      vertex -0.650561 11.0706 4
    endloop
  endfacet
  facet normal 0.321526 -0.946901 0
    outer loop
      vertex -0.439992 11.1421 4
      vertex -0.650561 11.0706 0
      vertex -0.439992 11.1421 0
    endloop
  endfacet
  facet normal 0.195167 -0.98077 0
    outer loop
      vertex -0.439992 11.1421 0
      vertex -0.221894 11.1855 4
      vertex -0.439992 11.1421 4
    endloop
  endfacet
  facet normal 0.195167 -0.98077 0
    outer loop
      vertex -0.221894 11.1855 4
      vertex -0.439992 11.1421 0
      vertex -0.221894 11.1855 0
    endloop
  endfacet
  facet normal -0.896843 -0.442349 0
    outer loop
      vertex 1.57059 10.1506 0
      vertex 1.47224 10.35 4
      vertex 1.47224 10.35 0
    endloop
  endfacet
  facet normal -0.896843 -0.442349 0
    outer loop
      vertex 1.47224 10.35 4
      vertex 1.57059 10.1506 0
      vertex 1.57059 10.1506 4
    endloop
  endfacet
  facet normal -0.99786 0.0653848 0
    outer loop
      vertex 1.68546 9.2781 0
      vertex 1.7 9.5 4
      vertex 1.7 9.5 0
    endloop
  endfacet
  facet normal -0.99786 0.0653848 0
    outer loop
      vertex 1.7 9.5 4
      vertex 1.68546 9.2781 0
      vertex 1.68546 9.2781 4
    endloop
  endfacet
  facet normal -0.0653866 0.99786 0
    outer loop
      vertex 0.221894 7.81454 0
      vertex 0 7.8 4
      vertex 0.221894 7.81454 4
    endloop
  endfacet
  facet normal -0.0653866 0.99786 0
    outer loop
      vertex 0 7.8 4
      vertex 0.221894 7.81454 0
      vertex 0 7.8 0
    endloop
  endfacet
  facet normal -0.751863 -0.659319 0
    outer loop
      vertex 1.3487 10.5349 0
      vertex 1.20208 10.7021 4
      vertex 1.20208 10.7021 0
    endloop
  endfacet
  facet normal -0.751863 -0.659319 0
    outer loop
      vertex 1.20208 10.7021 4
      vertex 1.3487 10.5349 0
      vertex 1.3487 10.5349 4
    endloop
  endfacet
  facet normal 0.99786 0.0653848 0
    outer loop
      vertex -1.68546 9.2781 4
      vertex -1.7 9.5 0
      vertex -1.7 9.5 4
    endloop
  endfacet
  facet normal 0.99786 0.0653848 0
    outer loop
      vertex -1.7 9.5 0
      vertex -1.68546 9.2781 4
      vertex -1.68546 9.2781 0
    endloop
  endfacet
  facet normal -0.751844 0.659342 0
    outer loop
      vertex 1.20208 8.29792 0
      vertex 1.3487 8.46511 4
      vertex 1.3487 8.46511 0
    endloop
  endfacet
  facet normal -0.751844 0.659342 0
    outer loop
      vertex 1.3487 8.46511 4
      vertex 1.20208 8.29792 0
      vertex 1.20208 8.29792 4
    endloop
  endfacet
  facet normal 0.751863 -0.659319 0
    outer loop
      vertex -1.3487 10.5349 4
      vertex -1.20208 10.7021 0
      vertex -1.20208 10.7021 4
    endloop
  endfacet
  facet normal 0.751863 -0.659319 0
    outer loop
      vertex -1.20208 10.7021 0
      vertex -1.3487 10.5349 4
      vertex -1.3487 10.5349 0
    endloop
  endfacet
  facet normal 0.831483 -0.555551 0
    outer loop
      vertex -1.47224 10.35 4
      vertex -1.3487 10.5349 0
      vertex -1.3487 10.5349 4
    endloop
  endfacet
  facet normal 0.831483 -0.555551 0
    outer loop
      vertex -1.3487 10.5349 0
      vertex -1.47224 10.35 4
      vertex -1.47224 10.35 0
    endloop
  endfacet
  facet normal 0.0652074 -0.997872 0
    outer loop
      vertex -0.221894 11.1855 0
      vertex 0 11.2 4
      vertex -0.221894 11.1855 4
    endloop
  endfacet
  facet normal 0.0652074 -0.997872 0
    outer loop
      vertex 0 11.2 4
      vertex -0.221894 11.1855 0
      vertex 0 11.2 0
    endloop
  endfacet
  facet normal 0.980777 0.19513 0
    outer loop
      vertex -1.64207 9.06001 4
      vertex -1.68546 9.2781 0
      vertex -1.68546 9.2781 4
    endloop
  endfacet
  facet normal 0.980777 0.19513 0
    outer loop
      vertex -1.68546 9.2781 0
      vertex -1.64207 9.06001 4
      vertex -1.64207 9.06001 0
    endloop
  endfacet
  facet normal 0.321405 0.946942 -0
    outer loop
      vertex -0.439992 7.85793 0
      vertex -0.650561 7.9294 4
      vertex -0.439992 7.85793 4
    endloop
  endfacet
  facet normal 0.321405 0.946942 0
    outer loop
      vertex -0.650561 7.9294 4
      vertex -0.439992 7.85793 0
      vertex -0.650561 7.9294 0
    endloop
  endfacet
  facet normal -0.946947 -0.321389 0
    outer loop
      vertex 1.64207 9.93999 0
      vertex 1.57059 10.1506 4
      vertex 1.57059 10.1506 0
    endloop
  endfacet
  facet normal -0.946947 -0.321389 0
    outer loop
      vertex 1.57059 10.1506 4
      vertex 1.64207 9.93999 0
      vertex 1.64207 9.93999 4
    endloop
  endfacet
  facet normal 0.442318 0.896858 -0
    outer loop
      vertex -0.650561 7.9294 0
      vertex -0.849999 8.02776 4
      vertex -0.650561 7.9294 4
    endloop
  endfacet
  facet normal 0.442318 0.896858 0
    outer loop
      vertex -0.849999 8.02776 4
      vertex -0.650561 7.9294 0
      vertex -0.849999 8.02776 0
    endloop
  endfacet
  facet normal 0.55557 0.83147 -0
    outer loop
      vertex -0.849999 8.02776 0
      vertex -1.03489 8.1513 4
      vertex -0.849999 8.02776 4
    endloop
  endfacet
  facet normal 0.55557 0.83147 0
    outer loop
      vertex -1.03489 8.1513 4
      vertex -0.849999 8.02776 0
      vertex -1.03489 8.1513 0
    endloop
  endfacet
  facet normal 0.0653866 0.99786 -0
    outer loop
      vertex 0 7.8 0
      vertex -0.221894 7.81454 4
      vertex 0 7.8 4
    endloop
  endfacet
  facet normal 0.0653866 0.99786 0
    outer loop
      vertex -0.221894 7.81454 4
      vertex 0 7.8 0
      vertex -0.221894 7.81454 0
    endloop
  endfacet
  facet normal 0.195123 0.980779 -0
    outer loop
      vertex -0.221894 7.81454 0
      vertex -0.439992 7.85793 4
      vertex -0.221894 7.81454 4
    endloop
  endfacet
  facet normal 0.195123 0.980779 0
    outer loop
      vertex -0.439992 7.85793 4
      vertex -0.221894 7.81454 0
      vertex -0.439992 7.85793 0
    endloop
  endfacet
  facet normal 0.896843 -0.442349 0
    outer loop
      vertex -1.57059 10.1506 4
      vertex -1.47224 10.35 0
      vertex -1.47224 10.35 4
    endloop
  endfacet
  facet normal 0.896843 -0.442349 0
    outer loop
      vertex -1.47224 10.35 0
      vertex -1.57059 10.1506 4
      vertex -1.57059 10.1506 0
    endloop
  endfacet
  facet normal 0.896878 0.442278 0
    outer loop
      vertex -1.47224 8.65 4
      vertex -1.57059 8.84944 0
      vertex -1.57059 8.84944 4
    endloop
  endfacet
  facet normal 0.896878 0.442278 0
    outer loop
      vertex -1.57059 8.84944 0
      vertex -1.47224 8.65 4
      vertex -1.47224 8.65 0
    endloop
  endfacet
  facet normal 0.980779 -0.195122 0
    outer loop
      vertex -1.68546 9.72189 4
      vertex -1.64207 9.93999 0
      vertex -1.64207 9.93999 4
    endloop
  endfacet
  facet normal 0.980779 -0.195122 0
    outer loop
      vertex -1.64207 9.93999 0
      vertex -1.68546 9.72189 4
      vertex -1.68546 9.72189 0
    endloop
  endfacet
  facet normal 0.946947 -0.321389 0
    outer loop
      vertex -1.64207 9.93999 4
      vertex -1.57059 10.1506 0
      vertex -1.57059 10.1506 4
    endloop
  endfacet
  facet normal 0.946947 -0.321389 0
    outer loop
      vertex -1.57059 10.1506 0
      vertex -1.64207 9.93999 4
      vertex -1.64207 9.93999 0
    endloop
  endfacet
  facet normal -0.659342 0.751844 0
    outer loop
      vertex 1.20208 8.29792 0
      vertex 1.03489 8.1513 4
      vertex 1.20208 8.29792 4
    endloop
  endfacet
  facet normal -0.659342 0.751844 0
    outer loop
      vertex 1.03489 8.1513 4
      vertex 1.20208 8.29792 0
      vertex 1.03489 8.1513 0
    endloop
  endfacet
  facet normal -0.980769 -0.195173 0
    outer loop
      vertex 20.6855 -9.2781 0
      vertex 20.6421 -9.06001 4
      vertex 20.6421 -9.06001 0
    endloop
  endfacet
  facet normal -0.980769 -0.195173 0
    outer loop
      vertex 20.6421 -9.06001 4
      vertex 20.6855 -9.2781 0
      vertex 20.6855 -9.2781 4
    endloop
  endfacet
  facet normal -0.997872 -0.0652057 0
    outer loop
      vertex 20.7 -9.5 0
      vertex 20.6855 -9.2781 4
      vertex 20.6855 -9.2781 0
    endloop
  endfacet
  facet normal -0.997872 -0.0652057 0
    outer loop
      vertex 20.6855 -9.2781 4
      vertex 20.7 -9.5 0
      vertex 20.7 -9.5 4
    endloop
  endfacet
  facet normal -0.0652057 0.997872 0
    outer loop
      vertex 19.2219 -11.1855 0
      vertex 19 -11.2 4
      vertex 19.2219 -11.1855 4
    endloop
  endfacet
  facet normal -0.0652057 0.997872 0
    outer loop
      vertex 19 -11.2 4
      vertex 19.2219 -11.1855 0
      vertex 19 -11.2 0
    endloop
  endfacet
  facet normal 0.659319 -0.751863 0
    outer loop
      vertex 17.7979 -8.29792 0
      vertex 17.9651 -8.1513 4
      vertex 17.7979 -8.29792 4
    endloop
  endfacet
  facet normal 0.659319 -0.751863 0
    outer loop
      vertex 17.9651 -8.1513 4
      vertex 17.7979 -8.29792 0
      vertex 17.9651 -8.1513 0
    endloop
  endfacet
  facet normal 0.831566 0.555426 0
    outer loop
      vertex 17.6513 -10.5349 4
      vertex 17.5278 -10.35 0
      vertex 17.5278 -10.35 4
    endloop
  endfacet
  facet normal 0.831566 0.555426 0
    outer loop
      vertex 17.5278 -10.35 0
      vertex 17.6513 -10.5349 4
      vertex 17.6513 -10.5349 0
    endloop
  endfacet
  facet normal 0.195165 0.98077 -0
    outer loop
      vertex 18.7781 -11.1855 0
      vertex 18.56 -11.1421 4
      vertex 18.7781 -11.1855 4
    endloop
  endfacet
  facet normal 0.195165 0.98077 0
    outer loop
      vertex 18.56 -11.1421 4
      vertex 18.7781 -11.1855 0
      vertex 18.56 -11.1421 0
    endloop
  endfacet
  facet normal -0.659319 -0.751863 0
    outer loop
      vertex 20.0349 -8.1513 0
      vertex 20.2021 -8.29792 4
      vertex 20.0349 -8.1513 4
    endloop
  endfacet
  facet normal -0.659319 -0.751863 -0
    outer loop
      vertex 20.2021 -8.29792 4
      vertex 20.0349 -8.1513 0
      vertex 20.2021 -8.29792 0
    endloop
  endfacet
  facet normal -0.94692 0.32147 0
    outer loop
      vertex 20.5706 -10.1506 0
      vertex 20.6421 -9.93999 4
      vertex 20.6421 -9.93999 0
    endloop
  endfacet
  facet normal -0.94692 0.32147 0
    outer loop
      vertex 20.6421 -9.93999 4
      vertex 20.5706 -10.1506 0
      vertex 20.5706 -10.1506 4
    endloop
  endfacet
  facet normal -0.751908 0.659268 0
    outer loop
      vertex 20.2021 -10.7021 0
      vertex 20.3487 -10.5349 4
      vertex 20.3487 -10.5349 0
    endloop
  endfacet
  facet normal -0.751908 0.659268 0
    outer loop
      vertex 20.3487 -10.5349 4
      vertex 20.2021 -10.7021 0
      vertex 20.2021 -10.7021 4
    endloop
  endfacet
  facet normal -0.751888 -0.659291 0
    outer loop
      vertex 20.3487 -8.46511 0
      vertex 20.2021 -8.29792 4
      vertex 20.2021 -8.29792 0
    endloop
  endfacet
  facet normal -0.751888 -0.659291 0
    outer loop
      vertex 20.2021 -8.29792 4
      vertex 20.3487 -8.46511 0
      vertex 20.3487 -8.46511 4
    endloop
  endfacet
  facet normal 0.94692 0.32147 0
    outer loop
      vertex 17.4294 -10.1506 4
      vertex 17.3579 -9.93999 0
      vertex 17.3579 -9.93999 4
    endloop
  endfacet
  facet normal 0.94692 0.32147 0
    outer loop
      vertex 17.3579 -9.93999 0
      vertex 17.4294 -10.1506 4
      vertex 17.4294 -10.1506 0
    endloop
  endfacet
  facet normal -0.321484 0.946915 0
    outer loop
      vertex 19.6506 -11.0706 0
      vertex 19.44 -11.1421 4
      vertex 19.6506 -11.0706 4
    endloop
  endfacet
  facet normal -0.321484 0.946915 0
    outer loop
      vertex 19.44 -11.1421 4
      vertex 19.6506 -11.0706 0
      vertex 19.44 -11.1421 0
    endloop
  endfacet
  facet normal 0.0652057 0.997872 -0
    outer loop
      vertex 19 -11.2 0
      vertex 18.7781 -11.1855 4
      vertex 19 -11.2 4
    endloop
  endfacet
  facet normal 0.0652057 0.997872 0
    outer loop
      vertex 18.7781 -11.1855 4
      vertex 19 -11.2 0
      vertex 18.7781 -11.1855 0
    endloop
  endfacet
  facet normal 0.321363 -0.946956 0
    outer loop
      vertex 18.3494 -7.9294 0
      vertex 18.56 -7.85793 4
      vertex 18.3494 -7.9294 4
    endloop
  endfacet
  facet normal 0.321363 -0.946956 0
    outer loop
      vertex 18.56 -7.85793 4
      vertex 18.3494 -7.9294 0
      vertex 18.56 -7.85793 0
    endloop
  endfacet
  facet normal -0.946901 -0.321525 0
    outer loop
      vertex 20.6421 -9.06001 0
      vertex 20.5706 -8.84944 4
      vertex 20.5706 -8.84944 0
    endloop
  endfacet
  facet normal -0.946901 -0.321525 0
    outer loop
      vertex 20.5706 -8.84944 4
      vertex 20.6421 -9.06001 0
      vertex 20.6421 -9.06001 4
    endloop
  endfacet
  facet normal 0.751888 -0.659291 0
    outer loop
      vertex 17.6513 -8.46511 4
      vertex 17.7979 -8.29792 0
      vertex 17.7979 -8.29792 4
    endloop
  endfacet
  facet normal 0.751888 -0.659291 0
    outer loop
      vertex 17.7979 -8.29792 0
      vertex 17.6513 -8.46511 4
      vertex 17.6513 -8.46511 0
    endloop
  endfacet
  facet normal 0.44253 0.896754 -0
    outer loop
      vertex 18.3494 -11.0706 0
      vertex 18.15 -10.9722 4
      vertex 18.3494 -11.0706 4
    endloop
  endfacet
  facet normal 0.44253 0.896754 0
    outer loop
      vertex 18.15 -10.9722 4
      vertex 18.3494 -11.0706 0
      vertex 18.15 -10.9722 0
    endloop
  endfacet
  facet normal 0.0653848 -0.99786 0
    outer loop
      vertex 18.7781 -7.81454 0
      vertex 19 -7.8 4
      vertex 18.7781 -7.81454 4
    endloop
  endfacet
  facet normal 0.0653848 -0.99786 0
    outer loop
      vertex 19 -7.8 4
      vertex 18.7781 -7.81454 0
      vertex 19 -7.8 0
    endloop
  endfacet
  facet normal -0.896754 0.44253 0
    outer loop
      vertex 20.4722 -10.35 0
      vertex 20.5706 -10.1506 4
      vertex 20.5706 -10.1506 0
    endloop
  endfacet
  facet normal -0.896754 0.44253 0
    outer loop
      vertex 20.5706 -10.1506 4
      vertex 20.4722 -10.35 0
      vertex 20.4722 -10.35 4
    endloop
  endfacet
  facet normal -0.555426 0.831566 0
    outer loop
      vertex 20.0349 -10.8487 0
      vertex 19.85 -10.9722 4
      vertex 20.0349 -10.8487 4
    endloop
  endfacet
  facet normal -0.555426 0.831566 0
    outer loop
      vertex 19.85 -10.9722 4
      vertex 20.0349 -10.8487 0
      vertex 19.85 -10.9722 0
    endloop
  endfacet
  facet normal 0.98077 0.195165 0
    outer loop
      vertex 17.3579 -9.93999 4
      vertex 17.3145 -9.72189 0
      vertex 17.3145 -9.72189 4
    endloop
  endfacet
  facet normal 0.98077 0.195165 0
    outer loop
      vertex 17.3145 -9.72189 0
      vertex 17.3579 -9.93999 4
      vertex 17.3579 -9.93999 0
    endloop
  endfacet
  facet normal -0.195122 -0.980779 0
    outer loop
      vertex 19.2219 -7.81454 0
      vertex 19.44 -7.85793 4
      vertex 19.2219 -7.81454 4
    endloop
  endfacet
  facet normal -0.195122 -0.980779 -0
    outer loop
      vertex 19.44 -7.85793 4
      vertex 19.2219 -7.81454 0
      vertex 19.44 -7.85793 0
    endloop
  endfacet
  facet normal -0.831552 -0.555447 0
    outer loop
      vertex 20.4722 -8.65 0
      vertex 20.3487 -8.46511 4
      vertex 20.3487 -8.46511 0
    endloop
  endfacet
  facet normal -0.831552 -0.555447 0
    outer loop
      vertex 20.3487 -8.46511 4
      vertex 20.4722 -8.65 0
      vertex 20.4722 -8.65 4
    endloop
  endfacet
  facet normal -0.997872 0.0652086 0
    outer loop
      vertex 20.6855 -9.72189 0
      vertex 20.7 -9.5 4
      vertex 20.7 -9.5 0
    endloop
  endfacet
  facet normal -0.997872 0.0652086 0
    outer loop
      vertex 20.7 -9.5 4
      vertex 20.6855 -9.72189 0
      vertex 20.6855 -9.72189 4
    endloop
  endfacet
  facet normal -0.321363 -0.946956 0
    outer loop
      vertex 19.44 -7.85793 0
      vertex 19.6506 -7.9294 4
      vertex 19.44 -7.85793 4
    endloop
  endfacet
  facet normal -0.321363 -0.946956 -0
    outer loop
      vertex 19.6506 -7.9294 4
      vertex 19.44 -7.85793 0
      vertex 19.6506 -7.9294 0
    endloop
  endfacet
  facet normal -0.555551 -0.831483 0
    outer loop
      vertex 19.85 -8.02776 0
      vertex 20.0349 -8.1513 4
      vertex 19.85 -8.02776 4
    endloop
  endfacet
  facet normal -0.555551 -0.831483 -0
    outer loop
      vertex 20.0349 -8.1513 4
      vertex 19.85 -8.02776 0
      vertex 20.0349 -8.1513 0
    endloop
  endfacet
  facet normal 0.195122 -0.980779 0
    outer loop
      vertex 18.56 -7.85793 0
      vertex 18.7781 -7.81454 4
      vertex 18.56 -7.85793 4
    endloop
  endfacet
  facet normal 0.195122 -0.980779 0
    outer loop
      vertex 18.7781 -7.81454 4
      vertex 18.56 -7.85793 0
      vertex 18.7781 -7.81454 0
    endloop
  endfacet
  facet normal -0.659268 0.751908 0
    outer loop
      vertex 20.2021 -10.7021 0
      vertex 20.0349 -10.8487 4
      vertex 20.2021 -10.7021 4
    endloop
  endfacet
  facet normal -0.659268 0.751908 0
    outer loop
      vertex 20.0349 -10.8487 4
      vertex 20.2021 -10.7021 0
      vertex 20.0349 -10.8487 0
    endloop
  endfacet
  facet normal 0.896789 -0.442459 0
    outer loop
      vertex 17.4294 -8.84944 4
      vertex 17.5278 -8.65 0
      vertex 17.5278 -8.65 4
    endloop
  endfacet
  facet normal 0.896789 -0.442459 0
    outer loop
      vertex 17.5278 -8.65 0
      vertex 17.4294 -8.84944 4
      vertex 17.4294 -8.84944 0
    endloop
  endfacet
  facet normal -0.98077 0.195165 0
    outer loop
      vertex 20.6421 -9.93999 0
      vertex 20.6855 -9.72189 4
      vertex 20.6855 -9.72189 0
    endloop
  endfacet
  facet normal -0.98077 0.195165 0
    outer loop
      vertex 20.6855 -9.72189 4
      vertex 20.6421 -9.93999 0
      vertex 20.6421 -9.93999 4
    endloop
  endfacet
  facet normal -0.195165 0.98077 0
    outer loop
      vertex 19.44 -11.1421 0
      vertex 19.2219 -11.1855 4
      vertex 19.44 -11.1421 4
    endloop
  endfacet
  facet normal -0.195165 0.98077 0
    outer loop
      vertex 19.2219 -11.1855 4
      vertex 19.44 -11.1421 0
      vertex 19.2219 -11.1855 0
    endloop
  endfacet
  facet normal 0.659268 0.751908 -0
    outer loop
      vertex 17.9651 -10.8487 0
      vertex 17.7979 -10.7021 4
      vertex 17.9651 -10.8487 4
    endloop
  endfacet
  facet normal 0.659268 0.751908 0
    outer loop
      vertex 17.7979 -10.7021 4
      vertex 17.9651 -10.8487 0
      vertex 17.7979 -10.7021 0
    endloop
  endfacet
  facet normal 0.751908 0.659268 0
    outer loop
      vertex 17.7979 -10.7021 4
      vertex 17.6513 -10.5349 0
      vertex 17.6513 -10.5349 4
    endloop
  endfacet
  facet normal 0.751908 0.659268 0
    outer loop
      vertex 17.6513 -10.5349 0
      vertex 17.7979 -10.7021 4
      vertex 17.7979 -10.7021 0
    endloop
  endfacet
  facet normal -0.0653848 -0.99786 0
    outer loop
      vertex 19 -7.8 0
      vertex 19.2219 -7.81454 4
      vertex 19 -7.8 4
    endloop
  endfacet
  facet normal -0.0653848 -0.99786 -0
    outer loop
      vertex 19.2219 -7.81454 4
      vertex 19 -7.8 0
      vertex 19.2219 -7.81454 0
    endloop
  endfacet
  facet normal -0.442386 -0.896825 0
    outer loop
      vertex 19.6506 -7.9294 0
      vertex 19.85 -8.02776 4
      vertex 19.6506 -7.9294 4
    endloop
  endfacet
  facet normal -0.442386 -0.896825 -0
    outer loop
      vertex 19.85 -8.02776 4
      vertex 19.6506 -7.9294 0
      vertex 19.85 -8.02776 0
    endloop
  endfacet
  facet normal -0.831566 0.555426 0
    outer loop
      vertex 20.3487 -10.5349 0
      vertex 20.4722 -10.35 4
      vertex 20.4722 -10.35 0
    endloop
  endfacet
  facet normal -0.831566 0.555426 0
    outer loop
      vertex 20.4722 -10.35 4
      vertex 20.3487 -10.5349 0
      vertex 20.3487 -10.5349 4
    endloop
  endfacet
  facet normal 0.997872 0.0652086 0
    outer loop
      vertex 17.3145 -9.72189 4
      vertex 17.3 -9.5 0
      vertex 17.3 -9.5 4
    endloop
  endfacet
  facet normal 0.997872 0.0652086 0
    outer loop
      vertex 17.3 -9.5 0
      vertex 17.3145 -9.72189 4
      vertex 17.3145 -9.72189 0
    endloop
  endfacet
  facet normal -0.44253 0.896754 0
    outer loop
      vertex 19.85 -10.9722 0
      vertex 19.6506 -11.0706 4
      vertex 19.85 -10.9722 4
    endloop
  endfacet
  facet normal -0.44253 0.896754 0
    outer loop
      vertex 19.6506 -11.0706 4
      vertex 19.85 -10.9722 0
      vertex 19.6506 -11.0706 0
    endloop
  endfacet
  facet normal 0.980769 -0.195173 0
    outer loop
      vertex 17.3145 -9.2781 4
      vertex 17.3579 -9.06001 0
      vertex 17.3579 -9.06001 4
    endloop
  endfacet
  facet normal 0.980769 -0.195173 0
    outer loop
      vertex 17.3579 -9.06001 0
      vertex 17.3145 -9.2781 4
      vertex 17.3145 -9.2781 0
    endloop
  endfacet
  facet normal 0.896754 0.44253 0
    outer loop
      vertex 17.5278 -10.35 4
      vertex 17.4294 -10.1506 0
      vertex 17.4294 -10.1506 4
    endloop
  endfacet
  facet normal 0.896754 0.44253 0
    outer loop
      vertex 17.4294 -10.1506 0
      vertex 17.5278 -10.35 4
      vertex 17.5278 -10.35 0
    endloop
  endfacet
  facet normal 0.946901 -0.321525 0
    outer loop
      vertex 17.3579 -9.06001 4
      vertex 17.4294 -8.84944 0
      vertex 17.4294 -8.84944 4
    endloop
  endfacet
  facet normal 0.946901 -0.321525 0
    outer loop
      vertex 17.4294 -8.84944 0
      vertex 17.3579 -9.06001 4
      vertex 17.3579 -9.06001 0
    endloop
  endfacet
  facet normal -0.896789 -0.442459 0
    outer loop
      vertex 20.5706 -8.84944 0
      vertex 20.4722 -8.65 4
      vertex 20.4722 -8.65 0
    endloop
  endfacet
  facet normal -0.896789 -0.442459 0
    outer loop
      vertex 20.4722 -8.65 4
      vertex 20.5706 -8.84944 0
      vertex 20.5706 -8.84944 4
    endloop
  endfacet
  facet normal 0.997872 -0.0652057 0
    outer loop
      vertex 17.3 -9.5 4
      vertex 17.3145 -9.2781 0
      vertex 17.3145 -9.2781 4
    endloop
  endfacet
  facet normal 0.997872 -0.0652057 0
    outer loop
      vertex 17.3145 -9.2781 0
      vertex 17.3 -9.5 4
      vertex 17.3 -9.5 0
    endloop
  endfacet
  facet normal 0.321484 0.946915 -0
    outer loop
      vertex 18.56 -11.1421 0
      vertex 18.3494 -11.0706 4
      vertex 18.56 -11.1421 4
    endloop
  endfacet
  facet normal 0.321484 0.946915 0
    outer loop
      vertex 18.3494 -11.0706 4
      vertex 18.56 -11.1421 0
      vertex 18.3494 -11.0706 0
    endloop
  endfacet
  facet normal 0.442386 -0.896825 0
    outer loop
      vertex 18.15 -8.02776 0
      vertex 18.3494 -7.9294 4
      vertex 18.15 -8.02776 4
    endloop
  endfacet
  facet normal 0.442386 -0.896825 0
    outer loop
      vertex 18.3494 -7.9294 4
      vertex 18.15 -8.02776 0
      vertex 18.3494 -7.9294 0
    endloop
  endfacet
  facet normal 0.555551 -0.831483 0
    outer loop
      vertex 17.9651 -8.1513 0
      vertex 18.15 -8.02776 4
      vertex 17.9651 -8.1513 4
    endloop
  endfacet
  facet normal 0.555551 -0.831483 0
    outer loop
      vertex 18.15 -8.02776 4
      vertex 17.9651 -8.1513 0
      vertex 18.15 -8.02776 0
    endloop
  endfacet
  facet normal 0.831552 -0.555447 0
    outer loop
      vertex 17.5278 -8.65 4
      vertex 17.6513 -8.46511 0
      vertex 17.6513 -8.46511 4
    endloop
  endfacet
  facet normal 0.831552 -0.555447 0
    outer loop
      vertex 17.6513 -8.46511 0
      vertex 17.5278 -8.65 4
      vertex 17.5278 -8.65 0
    endloop
  endfacet
  facet normal 0.555426 0.831566 -0
    outer loop
      vertex 18.15 -10.9722 0
      vertex 17.9651 -10.8487 4
      vertex 18.15 -10.9722 4
    endloop
  endfacet
  facet normal 0.555426 0.831566 0
    outer loop
      vertex 17.9651 -10.8487 4
      vertex 18.15 -10.9722 0
      vertex 17.9651 -10.8487 0
    endloop
  endfacet
  facet normal -0.98077 -0.195165 0
    outer loop
      vertex 20.6855 9.72189 0
      vertex 20.6421 9.93999 4
      vertex 20.6421 9.93999 0
    endloop
  endfacet
  facet normal -0.98077 -0.195165 0
    outer loop
      vertex 20.6421 9.93999 4
      vertex 20.6855 9.72189 0
      vertex 20.6855 9.72189 4
    endloop
  endfacet
  facet normal -0.997872 -0.0652086 0
    outer loop
      vertex 20.7 9.5 0
      vertex 20.6855 9.72189 4
      vertex 20.6855 9.72189 0
    endloop
  endfacet
  facet normal -0.997872 -0.0652086 0
    outer loop
      vertex 20.6855 9.72189 4
      vertex 20.7 9.5 0
      vertex 20.7 9.5 4
    endloop
  endfacet
  facet normal 0.44253 -0.896754 0
    outer loop
      vertex 18.15 10.9722 0
      vertex 18.3494 11.0706 4
      vertex 18.15 10.9722 4
    endloop
  endfacet
  facet normal 0.44253 -0.896754 0
    outer loop
      vertex 18.3494 11.0706 4
      vertex 18.15 10.9722 0
      vertex 18.3494 11.0706 0
    endloop
  endfacet
  facet normal -0.555426 -0.831566 0
    outer loop
      vertex 19.85 10.9722 0
      vertex 20.0349 10.8487 4
      vertex 19.85 10.9722 4
    endloop
  endfacet
  facet normal -0.555426 -0.831566 -0
    outer loop
      vertex 20.0349 10.8487 4
      vertex 19.85 10.9722 0
      vertex 20.0349 10.8487 0
    endloop
  endfacet
  facet normal 0.659268 -0.751908 0
    outer loop
      vertex 17.7979 10.7021 0
      vertex 17.9651 10.8487 4
      vertex 17.7979 10.7021 4
    endloop
  endfacet
  facet normal 0.659268 -0.751908 0
    outer loop
      vertex 17.9651 10.8487 4
      vertex 17.7979 10.7021 0
      vertex 17.9651 10.8487 0
    endloop
  endfacet
  facet normal -0.321363 0.946956 0
    outer loop
      vertex 19.6506 7.9294 0
      vertex 19.44 7.85793 4
      vertex 19.6506 7.9294 4
    endloop
  endfacet
  facet normal -0.321363 0.946956 0
    outer loop
      vertex 19.44 7.85793 4
      vertex 19.6506 7.9294 0
      vertex 19.44 7.85793 0
    endloop
  endfacet
  facet normal -0.831552 0.555447 0
    outer loop
      vertex 20.3487 8.46511 0
      vertex 20.4722 8.65 4
      vertex 20.4722 8.65 0
    endloop
  endfacet
  facet normal -0.831552 0.555447 0
    outer loop
      vertex 20.4722 8.65 4
      vertex 20.3487 8.46511 0
      vertex 20.3487 8.46511 4
    endloop
  endfacet
  facet normal -0.946901 0.321525 0
    outer loop
      vertex 20.5706 8.84944 0
      vertex 20.6421 9.06001 4
      vertex 20.6421 9.06001 0
    endloop
  endfacet
  facet normal -0.946901 0.321525 0
    outer loop
      vertex 20.6421 9.06001 4
      vertex 20.5706 8.84944 0
      vertex 20.5706 8.84944 4
    endloop
  endfacet
  facet normal -0.321484 -0.946915 0
    outer loop
      vertex 19.44 11.1421 0
      vertex 19.6506 11.0706 4
      vertex 19.44 11.1421 4
    endloop
  endfacet
  facet normal -0.321484 -0.946915 -0
    outer loop
      vertex 19.6506 11.0706 4
      vertex 19.44 11.1421 0
      vertex 19.6506 11.0706 0
    endloop
  endfacet
  facet normal -0.195165 -0.98077 0
    outer loop
      vertex 19.2219 11.1855 0
      vertex 19.44 11.1421 4
      vertex 19.2219 11.1855 4
    endloop
  endfacet
  facet normal -0.195165 -0.98077 -0
    outer loop
      vertex 19.44 11.1421 4
      vertex 19.2219 11.1855 0
      vertex 19.44 11.1421 0
    endloop
  endfacet
  facet normal 0.555426 -0.831566 0
    outer loop
      vertex 17.9651 10.8487 0
      vertex 18.15 10.9722 4
      vertex 17.9651 10.8487 4
    endloop
  endfacet
  facet normal 0.555426 -0.831566 0
    outer loop
      vertex 18.15 10.9722 4
      vertex 17.9651 10.8487 0
      vertex 18.15 10.9722 0
    endloop
  endfacet
  facet normal -0.896789 0.442459 0
    outer loop
      vertex 20.4722 8.65 0
      vertex 20.5706 8.84944 4
      vertex 20.5706 8.84944 0
    endloop
  endfacet
  facet normal -0.896789 0.442459 0
    outer loop
      vertex 20.5706 8.84944 4
      vertex 20.4722 8.65 0
      vertex 20.4722 8.65 4
    endloop
  endfacet
  facet normal -0.659268 -0.751908 0
    outer loop
      vertex 20.0349 10.8487 0
      vertex 20.2021 10.7021 4
      vertex 20.0349 10.8487 4
    endloop
  endfacet
  facet normal -0.659268 -0.751908 -0
    outer loop
      vertex 20.2021 10.7021 4
      vertex 20.0349 10.8487 0
      vertex 20.2021 10.7021 0
    endloop
  endfacet
  facet normal -0.555551 0.831483 0
    outer loop
      vertex 20.0349 8.1513 0
      vertex 19.85 8.02776 4
      vertex 20.0349 8.1513 4
    endloop
  endfacet
  facet normal -0.555551 0.831483 0
    outer loop
      vertex 19.85 8.02776 4
      vertex 20.0349 8.1513 0
      vertex 19.85 8.02776 0
    endloop
  endfacet
  facet normal -0.44253 -0.896754 0
    outer loop
      vertex 19.6506 11.0706 0
      vertex 19.85 10.9722 4
      vertex 19.6506 11.0706 4
    endloop
  endfacet
  facet normal -0.44253 -0.896754 -0
    outer loop
      vertex 19.85 10.9722 4
      vertex 19.6506 11.0706 0
      vertex 19.85 10.9722 0
    endloop
  endfacet
  facet normal 0.659319 0.751863 -0
    outer loop
      vertex 17.9651 8.1513 0
      vertex 17.7979 8.29792 4
      vertex 17.9651 8.1513 4
    endloop
  endfacet
  facet normal 0.659319 0.751863 0
    outer loop
      vertex 17.7979 8.29792 4
      vertex 17.9651 8.1513 0
      vertex 17.7979 8.29792 0
    endloop
  endfacet
  facet normal 0.751888 0.659291 0
    outer loop
      vertex 17.7979 8.29792 4
      vertex 17.6513 8.46511 0
      vertex 17.6513 8.46511 4
    endloop
  endfacet
  facet normal 0.751888 0.659291 0
    outer loop
      vertex 17.6513 8.46511 0
      vertex 17.7979 8.29792 4
      vertex 17.7979 8.29792 0
    endloop
  endfacet
  facet normal 0.831552 0.555447 0
    outer loop
      vertex 17.6513 8.46511 4
      vertex 17.5278 8.65 0
      vertex 17.5278 8.65 4
    endloop
  endfacet
  facet normal 0.831552 0.555447 0
    outer loop
      vertex 17.5278 8.65 0
      vertex 17.6513 8.46511 4
      vertex 17.6513 8.46511 0
    endloop
  endfacet
  facet normal -0.831566 -0.555426 0
    outer loop
      vertex 20.4722 10.35 0
      vertex 20.3487 10.5349 4
      vertex 20.3487 10.5349 0
    endloop
  endfacet
  facet normal -0.831566 -0.555426 0
    outer loop
      vertex 20.3487 10.5349 4
      vertex 20.4722 10.35 0
      vertex 20.4722 10.35 4
    endloop
  endfacet
  facet normal -0.195122 0.980779 0
    outer loop
      vertex 19.44 7.85793 0
      vertex 19.2219 7.81454 4
      vertex 19.44 7.85793 4
    endloop
  endfacet
  facet normal -0.195122 0.980779 0
    outer loop
      vertex 19.2219 7.81454 4
      vertex 19.44 7.85793 0
      vertex 19.2219 7.81454 0
    endloop
  endfacet
  facet normal -0.980769 0.195173 0
    outer loop
      vertex 20.6421 9.06001 0
      vertex 20.6855 9.2781 4
      vertex 20.6855 9.2781 0
    endloop
  endfacet
  facet normal -0.980769 0.195173 0
    outer loop
      vertex 20.6855 9.2781 4
      vertex 20.6421 9.06001 0
      vertex 20.6421 9.06001 4
    endloop
  endfacet
  facet normal 0.946901 0.321525 0
    outer loop
      vertex 17.4294 8.84944 4
      vertex 17.3579 9.06001 0
      vertex 17.3579 9.06001 4
    endloop
  endfacet
  facet normal 0.946901 0.321525 0
    outer loop
      vertex 17.3579 9.06001 0
      vertex 17.4294 8.84944 4
      vertex 17.4294 8.84944 0
    endloop
  endfacet
  facet normal -0.442386 0.896825 0
    outer loop
      vertex 19.85 8.02776 0
      vertex 19.6506 7.9294 4
      vertex 19.85 8.02776 4
    endloop
  endfacet
  facet normal -0.442386 0.896825 0
    outer loop
      vertex 19.6506 7.9294 4
      vertex 19.85 8.02776 0
      vertex 19.6506 7.9294 0
    endloop
  endfacet
  facet normal -0.0652057 -0.997872 0
    outer loop
      vertex 19 11.2 0
      vertex 19.2219 11.1855 4
      vertex 19 11.2 4
    endloop
  endfacet
  facet normal -0.0652057 -0.997872 -0
    outer loop
      vertex 19.2219 11.1855 4
      vertex 19 11.2 0
      vertex 19.2219 11.1855 0
    endloop
  endfacet
  facet normal 0.321484 -0.946915 0
    outer loop
      vertex 18.3494 11.0706 0
      vertex 18.56 11.1421 4
      vertex 18.3494 11.0706 4
    endloop
  endfacet
  facet normal 0.321484 -0.946915 0
    outer loop
      vertex 18.56 11.1421 4
      vertex 18.3494 11.0706 0
      vertex 18.56 11.1421 0
    endloop
  endfacet
  facet normal 0.195165 -0.98077 0
    outer loop
      vertex 18.56 11.1421 0
      vertex 18.7781 11.1855 4
      vertex 18.56 11.1421 4
    endloop
  endfacet
  facet normal 0.195165 -0.98077 0
    outer loop
      vertex 18.7781 11.1855 4
      vertex 18.56 11.1421 0
      vertex 18.7781 11.1855 0
    endloop
  endfacet
  facet normal -0.896754 -0.44253 0
    outer loop
      vertex 20.5706 10.1506 0
      vertex 20.4722 10.35 4
      vertex 20.4722 10.35 0
    endloop
  endfacet
  facet normal -0.896754 -0.44253 0
    outer loop
      vertex 20.4722 10.35 4
      vertex 20.5706 10.1506 0
      vertex 20.5706 10.1506 4
    endloop
  endfacet
  facet normal -0.997872 0.0652057 0
    outer loop
      vertex 20.6855 9.2781 0
      vertex 20.7 9.5 4
      vertex 20.7 9.5 0
    endloop
  endfacet
  facet normal -0.997872 0.0652057 0
    outer loop
      vertex 20.7 9.5 4
      vertex 20.6855 9.2781 0
      vertex 20.6855 9.2781 4
    endloop
  endfacet
  facet normal -0.0653848 0.99786 0
    outer loop
      vertex 19.2219 7.81454 0
      vertex 19 7.8 4
      vertex 19.2219 7.81454 4
    endloop
  endfacet
  facet normal -0.0653848 0.99786 0
    outer loop
      vertex 19 7.8 4
      vertex 19.2219 7.81454 0
      vertex 19 7.8 0
    endloop
  endfacet
  facet normal -0.751908 -0.659268 0
    outer loop
      vertex 20.3487 10.5349 0
      vertex 20.2021 10.7021 4
      vertex 20.2021 10.7021 0
    endloop
  endfacet
  facet normal -0.751908 -0.659268 0
    outer loop
      vertex 20.2021 10.7021 4
      vertex 20.3487 10.5349 0
      vertex 20.3487 10.5349 4
    endloop
  endfacet
  facet normal 0.997872 0.0652057 0
    outer loop
      vertex 17.3145 9.2781 4
      vertex 17.3 9.5 0
      vertex 17.3 9.5 4
    endloop
  endfacet
  facet normal 0.997872 0.0652057 0
    outer loop
      vertex 17.3 9.5 0
      vertex 17.3145 9.2781 4
      vertex 17.3145 9.2781 0
    endloop
  endfacet
  facet normal -0.751888 0.659291 0
    outer loop
      vertex 20.2021 8.29792 0
      vertex 20.3487 8.46511 4
      vertex 20.3487 8.46511 0
    endloop
  endfacet
  facet normal -0.751888 0.659291 0
    outer loop
      vertex 20.3487 8.46511 4
      vertex 20.2021 8.29792 0
      vertex 20.2021 8.29792 4
    endloop
  endfacet
  facet normal 0.751908 -0.659268 0
    outer loop
      vertex 17.6513 10.5349 4
      vertex 17.7979 10.7021 0
      vertex 17.7979 10.7021 4
    endloop
  endfacet
  facet normal 0.751908 -0.659268 0
    outer loop
      vertex 17.7979 10.7021 0
      vertex 17.6513 10.5349 4
      vertex 17.6513 10.5349 0
    endloop
  endfacet
  facet normal 0.831566 -0.555426 0
    outer loop
      vertex 17.5278 10.35 4
      vertex 17.6513 10.5349 0
      vertex 17.6513 10.5349 4
    endloop
  endfacet
  facet normal 0.831566 -0.555426 0
    outer loop
      vertex 17.6513 10.5349 0
      vertex 17.5278 10.35 4
      vertex 17.5278 10.35 0
    endloop
  endfacet
  facet normal 0.0652057 -0.997872 0
    outer loop
      vertex 18.7781 11.1855 0
      vertex 19 11.2 4
      vertex 18.7781 11.1855 4
    endloop
  endfacet
  facet normal 0.0652057 -0.997872 0
    outer loop
      vertex 19 11.2 4
      vertex 18.7781 11.1855 0
      vertex 19 11.2 0
    endloop
  endfacet
  facet normal 0.980769 0.195173 0
    outer loop
      vertex 17.3579 9.06001 4
      vertex 17.3145 9.2781 0
      vertex 17.3145 9.2781 4
    endloop
  endfacet
  facet normal 0.980769 0.195173 0
    outer loop
      vertex 17.3145 9.2781 0
      vertex 17.3579 9.06001 4
      vertex 17.3579 9.06001 0
    endloop
  endfacet
  facet normal 0.321363 0.946956 -0
    outer loop
      vertex 18.56 7.85793 0
      vertex 18.3494 7.9294 4
      vertex 18.56 7.85793 4
    endloop
  endfacet
  facet normal 0.321363 0.946956 0
    outer loop
      vertex 18.3494 7.9294 4
      vertex 18.56 7.85793 0
      vertex 18.3494 7.9294 0
    endloop
  endfacet
  facet normal -0.94692 -0.32147 0
    outer loop
      vertex 20.6421 9.93999 0
      vertex 20.5706 10.1506 4
      vertex 20.5706 10.1506 0
    endloop
  endfacet
  facet normal -0.94692 -0.32147 0
    outer loop
      vertex 20.5706 10.1506 4
      vertex 20.6421 9.93999 0
      vertex 20.6421 9.93999 4
    endloop
  endfacet
  facet normal 0.442386 0.896825 -0
    outer loop
      vertex 18.3494 7.9294 0
      vertex 18.15 8.02776 4
      vertex 18.3494 7.9294 4
    endloop
  endfacet
  facet normal 0.442386 0.896825 0
    outer loop
      vertex 18.15 8.02776 4
      vertex 18.3494 7.9294 0
      vertex 18.15 8.02776 0
    endloop
  endfacet
  facet normal 0.555551 0.831483 -0
    outer loop
      vertex 18.15 8.02776 0
      vertex 17.9651 8.1513 4
      vertex 18.15 8.02776 4
    endloop
  endfacet
  facet normal 0.555551 0.831483 0
    outer loop
      vertex 17.9651 8.1513 4
      vertex 18.15 8.02776 0
      vertex 17.9651 8.1513 0
    endloop
  endfacet
  facet normal 0.195122 0.980779 -0
    outer loop
      vertex 18.7781 7.81454 0
      vertex 18.56 7.85793 4
      vertex 18.7781 7.81454 4
    endloop
  endfacet
  facet normal 0.195122 0.980779 0
    outer loop
      vertex 18.56 7.85793 4
      vertex 18.7781 7.81454 0
      vertex 18.56 7.85793 0
    endloop
  endfacet
  facet normal 0.896754 -0.44253 0
    outer loop
      vertex 17.4294 10.1506 4
      vertex 17.5278 10.35 0
      vertex 17.5278 10.35 4
    endloop
  endfacet
  facet normal 0.896754 -0.44253 0
    outer loop
      vertex 17.5278 10.35 0
      vertex 17.4294 10.1506 4
      vertex 17.4294 10.1506 0
    endloop
  endfacet
  facet normal 0.0653848 0.99786 -0
    outer loop
      vertex 19 7.8 0
      vertex 18.7781 7.81454 4
      vertex 19 7.8 4
    endloop
  endfacet
  facet normal 0.0653848 0.99786 0
    outer loop
      vertex 18.7781 7.81454 4
      vertex 19 7.8 0
      vertex 18.7781 7.81454 0
    endloop
  endfacet
  facet normal 0.896789 0.442459 0
    outer loop
      vertex 17.5278 8.65 4
      vertex 17.4294 8.84944 0
      vertex 17.4294 8.84944 4
    endloop
  endfacet
  facet normal 0.896789 0.442459 0
    outer loop
      vertex 17.4294 8.84944 0
      vertex 17.5278 8.65 4
      vertex 17.5278 8.65 0
    endloop
  endfacet
  facet normal 0.997872 -0.0652086 0
    outer loop
      vertex 17.3 9.5 4
      vertex 17.3145 9.72189 0
      vertex 17.3145 9.72189 4
    endloop
  endfacet
  facet normal 0.997872 -0.0652086 0
    outer loop
      vertex 17.3145 9.72189 0
      vertex 17.3 9.5 4
      vertex 17.3 9.5 0
    endloop
  endfacet
  facet normal 0.98077 -0.195165 0
    outer loop
      vertex 17.3145 9.72189 4
      vertex 17.3579 9.93999 0
      vertex 17.3579 9.93999 4
    endloop
  endfacet
  facet normal 0.98077 -0.195165 0
    outer loop
      vertex 17.3579 9.93999 0
      vertex 17.3145 9.72189 4
      vertex 17.3145 9.72189 0
    endloop
  endfacet
  facet normal 0.94692 -0.32147 0
    outer loop
      vertex 17.3579 9.93999 4
      vertex 17.4294 10.1506 0
      vertex 17.4294 10.1506 4
    endloop
  endfacet
  facet normal 0.94692 -0.32147 0
    outer loop
      vertex 17.4294 10.1506 0
      vertex 17.3579 9.93999 4
      vertex 17.3579 9.93999 0
    endloop
  endfacet
  facet normal -0.659319 0.751863 0
    outer loop
      vertex 20.2021 8.29792 0
      vertex 20.0349 8.1513 4
      vertex 20.2021 8.29792 4
    endloop
  endfacet
  facet normal -0.659319 0.751863 0
    outer loop
      vertex 20.0349 8.1513 4
      vertex 20.2021 8.29792 0
      vertex 20.0349 8.1513 0
    endloop
  endfacet
  facet normal -0.321464 0.946922 0
    outer loop
      vertex 11.0307 -3.69552 0
      vertex 10.5353 -3.8637 4
      vertex 11.0307 -3.69552 4
    endloop
  endfacet
  facet normal -0.321464 0.946922 0
    outer loop
      vertex 10.5353 -3.8637 4
      vertex 11.0307 -3.69552 0
      vertex 10.5353 -3.8637 0
    endloop
  endfacet
  facet normal -0.980777 -0.195133 0
    outer loop
      vertex 13.4658 0.522104 0
      vertex 13.3637 1.03528 4
      vertex 13.3637 1.03528 0
    endloop
  endfacet
  facet normal -0.980777 -0.195133 0
    outer loop
      vertex 13.3637 1.03528 4
      vertex 13.4658 0.522104 0
      vertex 13.4658 0.522104 4
    endloop
  endfacet
  facet normal -0.997861 -0.0653641 0
    outer loop
      vertex 13.5 0 0
      vertex 13.4658 0.522104 4
      vertex 13.4658 0.522104 0
    endloop
  endfacet
  facet normal -0.997861 -0.0653641 0
    outer loop
      vertex 13.4658 0.522104 4
      vertex 13.5 0 0
      vertex 13.5 0 4
    endloop
  endfacet
  facet normal -0.94692 -0.321469 0
    outer loop
      vertex 13.3637 1.03528 0
      vertex 13.1955 1.53073 4
      vertex 13.1955 1.53073 0
    endloop
  endfacet
  facet normal -0.94692 -0.321469 0
    outer loop
      vertex 13.1955 1.53073 4
      vertex 13.3637 1.03528 0
      vertex 13.3637 1.03528 4
    endloop
  endfacet
  facet normal -0.442268 0.896883 0
    outer loop
      vertex 11.5 -3.4641 0
      vertex 11.0307 -3.69552 4
      vertex 11.5 -3.4641 4
    endloop
  endfacet
  facet normal -0.442268 0.896883 0
    outer loop
      vertex 11.0307 -3.69552 4
      vertex 11.5 -3.4641 0
      vertex 11.0307 -3.69552 0
    endloop
  endfacet
  facet normal -0.321464 -0.946922 0
    outer loop
      vertex 10.5353 3.8637 0
      vertex 11.0307 3.69552 4
      vertex 10.5353 3.8637 4
    endloop
  endfacet
  facet normal -0.321464 -0.946922 -0
    outer loop
      vertex 11.0307 3.69552 4
      vertex 10.5353 3.8637 0
      vertex 11.0307 3.69552 0
    endloop
  endfacet
  facet normal -0.195087 -0.980786 0
    outer loop
      vertex 10.0221 3.96578 0
      vertex 10.5353 3.8637 4
      vertex 10.0221 3.96578 4
    endloop
  endfacet
  facet normal -0.195087 -0.980786 -0
    outer loop
      vertex 10.5353 3.8637 4
      vertex 10.0221 3.96578 0
      vertex 10.5353 3.8637 0
    endloop
  endfacet
  facet normal 0.321437 -0.946931 0
    outer loop
      vertex 8 3.70595 3.21551
      vertex 8.46472 3.8637 4
      vertex 8 3.70595 4
    endloop
  endfacet
  facet normal 0.321435 -0.946932 0
    outer loop
      vertex 8.46472 3.8637 0
      vertex 7.96927 3.69552 3.20854
      vertex 7.96927 3.69552 0
    endloop
  endfacet
  facet normal 0.321401 -0.946943 -5.82632e-06
    outer loop
      vertex 7.96927 3.69552 3.20854
      vertex 8.46472 3.8637 0
      vertex 8 3.70595 3.21551
    endloop
  endfacet
  facet normal 0.321437 -0.946931 0
    outer loop
      vertex 8 3.70595 3.21551
      vertex 8.46472 3.8637 0
      vertex 8.46472 3.8637 4
    endloop
  endfacet
  facet normal -0.751826 0.659362 0
    outer loop
      vertex 12.3284 -2.82843 0
      vertex 12.6734 -2.43505 4
      vertex 12.6734 -2.43505 0
    endloop
  endfacet
  facet normal -0.751826 0.659362 0
    outer loop
      vertex 12.6734 -2.43505 4
      vertex 12.3284 -2.82843 0
      vertex 12.3284 -2.82843 4
    endloop
  endfacet
  facet normal -0.831462 -0.555582 0
    outer loop
      vertex 12.9641 2 0
      vertex 12.6734 2.43505 4
      vertex 12.6734 2.43505 0
    endloop
  endfacet
  facet normal -0.831462 -0.555582 0
    outer loop
      vertex 12.6734 2.43505 4
      vertex 12.9641 2 0
      vertex 12.9641 2 4
    endloop
  endfacet
  facet normal -0.896887 -0.44226 0
    outer loop
      vertex 13.1955 1.53073 0
      vertex 12.9641 2 4
      vertex 12.9641 2 0
    endloop
  endfacet
  facet normal -0.896887 -0.44226 0
    outer loop
      vertex 12.9641 2 4
      vertex 13.1955 1.53073 0
      vertex 13.1955 1.53073 4
    endloop
  endfacet
  facet normal -0.751826 -0.659362 0
    outer loop
      vertex 12.6734 2.43505 0
      vertex 12.3284 2.82843 4
      vertex 12.3284 2.82843 0
    endloop
  endfacet
  facet normal -0.751826 -0.659362 0
    outer loop
      vertex 12.3284 2.82843 4
      vertex 12.6734 2.43505 0
      vertex 12.6734 2.43505 4
    endloop
  endfacet
  facet normal 0.65934 -0.751845 0
    outer loop
      vertex 7.06495 3.17341 0
      vertex 6.67157 2.82843 2.68546
      vertex 6.67157 2.82843 0
    endloop
  endfacet
  facet normal 0.659336 -0.751848 -1.08392e-06
    outer loop
      vertex 6.67157 2.82843 2.68546
      vertex 7.06495 3.17341 0
      vertex 7.03826 3.15 2.84404
    endloop
  endfacet
  facet normal 0.659402 -0.751791 0
    outer loop
      vertex 7.03826 3.15 2.84404
      vertex 7.06495 3.17341 0
      vertex 7.06495 3.17341 2.85968
    endloop
  endfacet
  facet normal -0.94692 0.321469 0
    outer loop
      vertex 13.1955 -1.53073 0
      vertex 13.3637 -1.03528 4
      vertex 13.3637 -1.03528 0
    endloop
  endfacet
  facet normal -0.94692 0.321469 0
    outer loop
      vertex 13.3637 -1.03528 4
      vertex 13.1955 -1.53073 0
      vertex 13.1955 -1.53073 4
    endloop
  endfacet
  facet normal -0.659321 -0.751861 0
    outer loop
      vertex 11.935 3.17341 0
      vertex 12.3284 2.82843 4
      vertex 11.935 3.17341 4
    endloop
  endfacet
  facet normal -0.659321 -0.751861 -0
    outer loop
      vertex 12.3284 2.82843 4
      vertex 11.935 3.17341 0
      vertex 12.3284 2.82843 0
    endloop
  endfacet
  facet normal 0.195098 -0.980784 0
    outer loop
      vertex 8.46472 3.8637 0
      vertex 8.97789 3.96578 4
      vertex 8.46472 3.8637 4
    endloop
  endfacet
  facet normal 0.195098 -0.980784 0
    outer loop
      vertex 8.97789 3.96578 4
      vertex 8.46472 3.8637 0
      vertex 8.97789 3.96578 0
    endloop
  endfacet
  facet normal 0.946932 0.321435 -0
    outer loop
      vertex 5.80448 -1.53073 0
      vertex 5.6363 -1.03528 2.09626
      vertex 5.80448 -1.53073 2.19481
    endloop
  endfacet
  facet normal 0.946932 0.321435 0
    outer loop
      vertex 5.6363 -1.03528 2.09626
      vertex 5.80448 -1.53073 0
      vertex 5.6363 -1.03528 0
    endloop
  endfacet
  facet normal 0.442291 -0.896871 0
    outer loop
      vertex 7.96927 3.69552 0
      vertex 7.5 3.4641 3.05392
      vertex 7.5 3.4641 0
    endloop
  endfacet
  facet normal 0.442291 -0.896871 0
    outer loop
      vertex 7.5 3.4641 3.05392
      vertex 7.96927 3.69552 0
      vertex 7.96927 3.69552 3.20854
    endloop
  endfacet
  facet normal -0.831462 0.555582 0
    outer loop
      vertex 12.6734 -2.43505 0
      vertex 12.9641 -2 4
      vertex 12.9641 -2 0
    endloop
  endfacet
  facet normal -0.831462 0.555582 0
    outer loop
      vertex 12.9641 -2 4
      vertex 12.6734 -2.43505 0
      vertex 12.6734 -2.43505 4
    endloop
  endfacet
  facet normal 0.195098 0.980784 -0
    outer loop
      vertex 8.97789 -3.96578 0
      vertex 8.46472 -3.8637 4
      vertex 8.97789 -3.96578 4
    endloop
  endfacet
  facet normal 0.195098 0.980784 0
    outer loop
      vertex 8.46472 -3.8637 4
      vertex 8.97789 -3.96578 0
      vertex 8.46472 -3.8637 0
    endloop
  endfacet
  facet normal -0.195087 0.980786 0
    outer loop
      vertex 10.5353 -3.8637 0
      vertex 10.0221 -3.96578 4
      vertex 10.5353 -3.8637 4
    endloop
  endfacet
  facet normal -0.195087 0.980786 0
    outer loop
      vertex 10.0221 -3.96578 4
      vertex 10.5353 -3.8637 0
      vertex 10.0221 -3.96578 0
    endloop
  endfacet
  facet normal -0.980777 0.195133 0
    outer loop
      vertex 13.3637 -1.03528 0
      vertex 13.4658 -0.522104 4
      vertex 13.4658 -0.522104 0
    endloop
  endfacet
  facet normal -0.980777 0.195133 0
    outer loop
      vertex 13.4658 -0.522104 4
      vertex 13.3637 -1.03528 0
      vertex 13.3637 -1.03528 4
    endloop
  endfacet
  facet normal -0.555613 0.831441 0
    outer loop
      vertex 11.935 -3.17341 0
      vertex 11.5 -3.4641 4
      vertex 11.935 -3.17341 4
    endloop
  endfacet
  facet normal -0.555613 0.831441 0
    outer loop
      vertex 11.5 -3.4641 4
      vertex 11.935 -3.17341 0
      vertex 11.5 -3.4641 0
    endloop
  endfacet
  facet normal -0.555613 -0.831441 0
    outer loop
      vertex 11.5 3.4641 0
      vertex 11.935 3.17341 4
      vertex 11.5 3.4641 4
    endloop
  endfacet
  facet normal -0.555613 -0.831441 -0
    outer loop
      vertex 11.935 3.17341 4
      vertex 11.5 3.4641 0
      vertex 11.935 3.17341 0
    endloop
  endfacet
  facet normal -0.896887 0.44226 0
    outer loop
      vertex 12.9641 -2 0
      vertex 13.1955 -1.53073 4
      vertex 13.1955 -1.53073 0
    endloop
  endfacet
  facet normal -0.896887 0.44226 0
    outer loop
      vertex 13.1955 -1.53073 4
      vertex 12.9641 -2 0
      vertex 12.9641 -2 4
    endloop
  endfacet
  facet normal 0.555569 -0.831471 0
    outer loop
      vertex 7.5 3.4641 0
      vertex 7.06495 3.17341 2.85968
      vertex 7.06495 3.17341 0
    endloop
  endfacet
  facet normal 0.555569 -0.831471 0
    outer loop
      vertex 7.06495 3.17341 2.85968
      vertex 7.5 3.4641 0
      vertex 7.5 3.4641 3.05392
    endloop
  endfacet
  facet normal 0.980787 -0.195083 0
    outer loop
      vertex 5.59394 0.822314 2.0539
      vertex 5.6363 1.03528 0
      vertex 5.6363 1.03528 2.09626
    endloop
  endfacet
  facet normal 0.980782 -0.195105 0
    outer loop
      vertex 5.53422 0.522104 0
      vertex 5.59394 0.822314 2.0539
      vertex 5.53422 0.522104 2.03422
    endloop
  endfacet
  facet normal 0.980784 -0.195096 -1.3343e-06
    outer loop
      vertex 5.59394 0.822314 2.0539
      vertex 5.53422 0.522104 0
      vertex 5.6363 1.03528 0
    endloop
  endfacet
  facet normal 0.997859 -0.0654022 0
    outer loop
      vertex 5.5 0 2
      vertex 5.53422 0.522104 0
      vertex 5.53422 0.522104 2.03422
    endloop
  endfacet
  facet normal 0.997859 -0.0654022 0
    outer loop
      vertex 5.53422 0.522104 0
      vertex 5.5 0 2
      vertex 5.5 0 0
    endloop
  endfacet
  facet normal 0.0654014 -0.997859 0
    outer loop
      vertex 8.97789 3.96578 0
      vertex 9.5 4 4
      vertex 8.97789 3.96578 4
    endloop
  endfacet
  facet normal 0.0654014 -0.997859 0
    outer loop
      vertex 9.5 4 4
      vertex 8.97789 3.96578 0
      vertex 9.5 4 0
    endloop
  endfacet
  facet normal -0.997861 0.0653641 0
    outer loop
      vertex 13.4658 -0.522104 0
      vertex 13.5 0 4
      vertex 13.5 0 0
    endloop
  endfacet
  facet normal -0.997861 0.0653641 0
    outer loop
      vertex 13.5 0 4
      vertex 13.4658 -0.522104 0
      vertex 13.4658 -0.522104 4
    endloop
  endfacet
  facet normal 0.896875 0.442284 1.94941e-06
    outer loop
      vertex 6.0359 -2 0
      vertex 5.80448 -1.53073 2.19481
      vertex 5.85371 -1.63056 2.21467
    endloop
  endfacet
  facet normal 0.89687 0.442293 -0
    outer loop
      vertex 6.0359 -2 0
      vertex 5.85371 -1.63056 2.21467
      vertex 6.0359 -2 2.34008
    endloop
  endfacet
  facet normal 0.896871 0.442291 0
    outer loop
      vertex 5.80448 -1.53073 2.19481
      vertex 6.0359 -2 0
      vertex 5.80448 -1.53073 0
    endloop
  endfacet
  facet normal 0.89687 -0.442293 0
    outer loop
      vertex 5.85371 1.63056 2.21467
      vertex 6.0359 2 0
      vertex 6.0359 2 2.34008
    endloop
  endfacet
  facet normal 0.896875 -0.442284 1.94941e-06
    outer loop
      vertex 5.80448 1.53073 2.19481
      vertex 6.0359 2 0
      vertex 5.85371 1.63056 2.21467
    endloop
  endfacet
  facet normal 0.896871 -0.442291 0
    outer loop
      vertex 6.0359 2 0
      vertex 5.80448 1.53073 2.19481
      vertex 5.80448 1.53073 0
    endloop
  endfacet
  facet normal 0.0654014 0.997859 -0
    outer loop
      vertex 9.5 -4 0
      vertex 8.97789 -3.96578 4
      vertex 9.5 -4 4
    endloop
  endfacet
  facet normal 0.0654014 0.997859 0
    outer loop
      vertex 8.97789 -3.96578 4
      vertex 9.5 -4 0
      vertex 8.97789 -3.96578 0
    endloop
  endfacet
  facet normal 0.946932 -0.321435 0
    outer loop
      vertex 5.6363 1.03528 2.09626
      vertex 5.80448 1.53073 0
      vertex 5.80448 1.53073 2.19481
    endloop
  endfacet
  facet normal 0.946932 -0.321435 0
    outer loop
      vertex 5.80448 1.53073 0
      vertex 5.6363 1.03528 2.09626
      vertex 5.6363 1.03528 0
    endloop
  endfacet
  facet normal -0.0654027 -0.997859 0
    outer loop
      vertex 9.5 4 0
      vertex 10.0221 3.96578 4
      vertex 9.5 4 4
    endloop
  endfacet
  facet normal -0.0654027 -0.997859 -0
    outer loop
      vertex 10.0221 3.96578 4
      vertex 9.5 4 0
      vertex 10.0221 3.96578 0
    endloop
  endfacet
  facet normal 0.831465 0.555577 -2.28319e-06
    outer loop
      vertex 6.32659 -2.43505 0
      vertex 6.0359 -2 2.34008
      vertex 6.31046 -2.4109 2.47956
    endloop
  endfacet
  facet normal 0.831573 0.555415 -0
    outer loop
      vertex 6.32659 -2.43505 0
      vertex 6.31046 -2.4109 2.47956
      vertex 6.32659 -2.43505 2.49146
    endloop
  endfacet
  facet normal 0.831471 0.555569 0
    outer loop
      vertex 6.0359 -2 2.34008
      vertex 6.32659 -2.43505 0
      vertex 6.0359 -2 0
    endloop
  endfacet
  facet normal 0.751845 -0.65934 0
    outer loop
      vertex 6.32659 2.43505 2.49146
      vertex 6.67157 2.82843 0
      vertex 6.67157 2.82843 2.68546
    endloop
  endfacet
  facet normal 0.751845 -0.65934 0
    outer loop
      vertex 6.67157 2.82843 0
      vertex 6.32659 2.43505 2.49146
      vertex 6.32659 2.43505 0
    endloop
  endfacet
  facet normal -0.442268 -0.896883 0
    outer loop
      vertex 11.0307 3.69552 0
      vertex 11.5 3.4641 4
      vertex 11.0307 3.69552 4
    endloop
  endfacet
  facet normal -0.442268 -0.896883 -0
    outer loop
      vertex 11.5 3.4641 4
      vertex 11.0307 3.69552 0
      vertex 11.5 3.4641 0
    endloop
  endfacet
  facet normal 0.980782 0.195105 0
    outer loop
      vertex 5.59394 -0.822314 2.0539
      vertex 5.53422 -0.522104 0
      vertex 5.53422 -0.522104 2.03422
    endloop
  endfacet
  facet normal 0.980787 0.195083 -0
    outer loop
      vertex 5.6363 -1.03528 0
      vertex 5.59394 -0.822314 2.0539
      vertex 5.6363 -1.03528 2.09626
    endloop
  endfacet
  facet normal 0.980784 0.195096 -1.3343e-06
    outer loop
      vertex 5.59394 -0.822314 2.0539
      vertex 5.6363 -1.03528 0
      vertex 5.53422 -0.522104 0
    endloop
  endfacet
  facet normal 0.321437 0.946931 0
    outer loop
      vertex 8.46472 -3.8637 4
      vertex 8 -3.70595 3.21551
      vertex 8 -3.70595 4
    endloop
  endfacet
  facet normal 0.321437 0.946931 -0
    outer loop
      vertex 8.46472 -3.8637 0
      vertex 8 -3.70595 3.21551
      vertex 8.46472 -3.8637 4
    endloop
  endfacet
  facet normal 0.321401 0.946943 -5.82632e-06
    outer loop
      vertex 8.46472 -3.8637 0
      vertex 7.96927 -3.69552 3.20854
      vertex 8 -3.70595 3.21551
    endloop
  endfacet
  facet normal 0.321435 0.946932 0
    outer loop
      vertex 7.96927 -3.69552 3.20854
      vertex 8.46472 -3.8637 0
      vertex 7.96927 -3.69552 0
    endloop
  endfacet
  facet normal 0.442291 0.896871 -0
    outer loop
      vertex 7.96927 -3.69552 0
      vertex 7.5 -3.4641 3.05392
      vertex 7.96927 -3.69552 3.20854
    endloop
  endfacet
  facet normal 0.442291 0.896871 0
    outer loop
      vertex 7.5 -3.4641 3.05392
      vertex 7.96927 -3.69552 0
      vertex 7.5 -3.4641 0
    endloop
  endfacet
  facet normal 0.659402 0.751791 -0
    outer loop
      vertex 7.06495 -3.17341 0
      vertex 7.03826 -3.15 2.84404
      vertex 7.06495 -3.17341 2.85968
    endloop
  endfacet
  facet normal 0.659336 0.751848 -1.08392e-06
    outer loop
      vertex 7.06495 -3.17341 0
      vertex 6.67157 -2.82843 2.68546
      vertex 7.03826 -3.15 2.84404
    endloop
  endfacet
  facet normal 0.65934 0.751845 0
    outer loop
      vertex 6.67157 -2.82843 2.68546
      vertex 7.06495 -3.17341 0
      vertex 6.67157 -2.82843 0
    endloop
  endfacet
  facet normal 0.751845 0.65934 -0
    outer loop
      vertex 6.67157 -2.82843 0
      vertex 6.32659 -2.43505 2.49146
      vertex 6.67157 -2.82843 2.68546
    endloop
  endfacet
  facet normal 0.751845 0.65934 0
    outer loop
      vertex 6.32659 -2.43505 2.49146
      vertex 6.67157 -2.82843 0
      vertex 6.32659 -2.43505 0
    endloop
  endfacet
  facet normal -0.0654027 0.997859 0
    outer loop
      vertex 10.0221 -3.96578 0
      vertex 9.5 -4 4
      vertex 10.0221 -3.96578 4
    endloop
  endfacet
  facet normal -0.0654027 0.997859 0
    outer loop
      vertex 9.5 -4 4
      vertex 10.0221 -3.96578 0
      vertex 9.5 -4 0
    endloop
  endfacet
  facet normal 0.555569 0.831471 -0
    outer loop
      vertex 7.5 -3.4641 0
      vertex 7.06495 -3.17341 2.85968
      vertex 7.5 -3.4641 3.05392
    endloop
  endfacet
  facet normal 0.555569 0.831471 0
    outer loop
      vertex 7.06495 -3.17341 2.85968
      vertex 7.5 -3.4641 0
      vertex 7.06495 -3.17341 0
    endloop
  endfacet
  facet normal 0.831573 -0.555415 0
    outer loop
      vertex 6.31046 2.4109 2.47956
      vertex 6.32659 2.43505 0
      vertex 6.32659 2.43505 2.49146
    endloop
  endfacet
  facet normal 0.831465 -0.555577 -2.28319e-06
    outer loop
      vertex 6.0359 2 2.34008
      vertex 6.32659 2.43505 0
      vertex 6.31046 2.4109 2.47956
    endloop
  endfacet
  facet normal 0.831471 -0.555569 0
    outer loop
      vertex 6.32659 2.43505 0
      vertex 6.0359 2 2.34008
      vertex 6.0359 2 0
    endloop
  endfacet
  facet normal 0.997859 0.0654022 -0
    outer loop
      vertex 5.53422 -0.522104 0
      vertex 5.5 0 2
      vertex 5.53422 -0.522104 2.03422
    endloop
  endfacet
  facet normal 0.997859 0.0654022 0
    outer loop
      vertex 5.5 0 2
      vertex 5.53422 -0.522104 0
      vertex 5.5 0 0
    endloop
  endfacet
  facet normal -0.659321 0.751861 0
    outer loop
      vertex 12.3284 -2.82843 0
      vertex 11.935 -3.17341 4
      vertex 12.3284 -2.82843 4
    endloop
  endfacet
  facet normal -0.659321 0.751861 0
    outer loop
      vertex 11.935 -3.17341 4
      vertex 12.3284 -2.82843 0
      vertex 11.935 -3.17341 0
    endloop
  endfacet
  facet normal 0.321651 0.946858 -0
    outer loop
      vertex 21.148 14.7716 0
      vertex 20.7765 14.8978 4
      vertex 21.148 14.7716 4
    endloop
  endfacet
  facet normal 0.321651 0.946858 0
    outer loop
      vertex 20.7765 14.8978 4
      vertex 21.148 14.7716 0
      vertex 20.7765 14.8978 0
    endloop
  endfacet
  facet normal 1 -0 0
    outer loop
      vertex 23 -12 4
      vertex 23 12 0
      vertex 23 12 4
    endloop
  endfacet
  facet normal 1 0 0
    outer loop
      vertex 23 12 0
      vertex 23 -12 4
      vertex 23 -12 0
    endloop
  endfacet
  facet normal 0.980815 0.19494 0
    outer loop
      vertex 22.9743 12.3916 4
      vertex 22.8978 12.7765 0
      vertex 22.8978 12.7765 4
    endloop
  endfacet
  facet normal 0.980815 0.19494 0
    outer loop
      vertex 22.8978 12.7765 0
      vertex 22.9743 12.3916 4
      vertex 22.9743 12.3916 0
    endloop
  endfacet
  facet normal -0.19494 0.980815 0
    outer loop
      vertex -20.3916 14.9743 0
      vertex -20.7765 14.8978 4
      vertex -20.3916 14.9743 4
    endloop
  endfacet
  facet normal -0.19494 0.980815 0
    outer loop
      vertex -20.7765 14.8978 4
      vertex -20.3916 14.9743 0
      vertex -20.7765 14.8978 0
    endloop
  endfacet
  facet normal 0 1 -0
    outer loop
      vertex 20 15 0
      vertex -20 15 4
      vertex 20 15 4
    endloop
  endfacet
  facet normal 0 1 0
    outer loop
      vertex -20 15 4
      vertex 20 15 0
      vertex -20 15 0
    endloop
  endfacet
  facet normal -0.0654873 0.997853 0
    outer loop
      vertex -20 15 0
      vertex -20.3916 14.9743 4
      vertex -20 15 4
    endloop
  endfacet
  facet normal -0.0654873 0.997853 0
    outer loop
      vertex -20.3916 14.9743 4
      vertex -20 15 0
      vertex -20.3916 14.9743 0
    endloop
  endfacet
  facet normal -0.555523 -0.831501 0
    outer loop
      vertex -21.8263 -14.3801 0
      vertex -21.5 -14.5981 4
      vertex -21.8263 -14.3801 4
    endloop
  endfacet
  facet normal -0.555523 -0.831501 -0
    outer loop
      vertex -21.5 -14.5981 4
      vertex -21.8263 -14.3801 0
      vertex -21.5 -14.5981 0
    endloop
  endfacet
  facet normal 0 -1 0
    outer loop
      vertex -20 -15 0
      vertex 20 -15 4
      vertex -20 -15 4
    endloop
  endfacet
  facet normal 0 -1 -0
    outer loop
      vertex 20 -15 4
      vertex -20 -15 0
      vertex 20 -15 0
    endloop
  endfacet
  facet normal 0.896961 -0.44211 0
    outer loop
      vertex 22.5981 -13.5 4
      vertex 22.7716 -13.148 0
      vertex 22.7716 -13.148 4
    endloop
  endfacet
  facet normal 0.896961 -0.44211 0
    outer loop
      vertex 22.7716 -13.148 0
      vertex 22.5981 -13.5 4
      vertex 22.5981 -13.5 0
    endloop
  endfacet
  facet normal -0.946858 -0.321651 0
    outer loop
      vertex -22.7716 -13.148 0
      vertex -22.8978 -12.7765 4
      vertex -22.8978 -12.7765 0
    endloop
  endfacet
  facet normal -0.946858 -0.321651 0
    outer loop
      vertex -22.8978 -12.7765 4
      vertex -22.7716 -13.148 0
      vertex -22.7716 -13.148 4
    endloop
  endfacet
  facet normal 0.896961 0.44211 0
    outer loop
      vertex 22.7716 13.148 4
      vertex 22.5981 13.5 0
      vertex 22.5981 13.5 4
    endloop
  endfacet
  facet normal 0.896961 0.44211 0
    outer loop
      vertex 22.5981 13.5 0
      vertex 22.7716 13.148 4
      vertex 22.7716 13.148 0
    endloop
  endfacet
  facet normal -0.831501 0.555523 0
    outer loop
      vertex -22.5981 13.5 0
      vertex -22.3801 13.8263 4
      vertex -22.3801 13.8263 0
    endloop
  endfacet
  facet normal -0.831501 0.555523 0
    outer loop
      vertex -22.3801 13.8263 4
      vertex -22.5981 13.5 0
      vertex -22.5981 13.5 4
    endloop
  endfacet
  facet normal -0.751724 0.659478 0
    outer loop
      vertex -22.3801 13.8263 0
      vertex -22.1213 14.1213 4
      vertex -22.1213 14.1213 0
    endloop
  endfacet
  facet normal -0.751724 0.659478 0
    outer loop
      vertex -22.1213 14.1213 4
      vertex -22.3801 13.8263 0
      vertex -22.3801 13.8263 4
    endloop
  endfacet
  facet normal -0.980815 0.19494 0
    outer loop
      vertex -22.9743 12.3916 0
      vertex -22.8978 12.7765 4
      vertex -22.8978 12.7765 0
    endloop
  endfacet
  facet normal -0.980815 0.19494 0
    outer loop
      vertex -22.8978 12.7765 4
      vertex -22.9743 12.3916 0
      vertex -22.9743 12.3916 4
    endloop
  endfacet
  facet normal 0.946858 0.321651 0
    outer loop
      vertex 22.8978 12.7765 4
      vertex 22.7716 13.148 0
      vertex 22.7716 13.148 4
    endloop
  endfacet
  facet normal 0.946858 0.321651 0
    outer loop
      vertex 22.7716 13.148 0
      vertex 22.8978 12.7765 4
      vertex 22.8978 12.7765 0
    endloop
  endfacet
  facet normal 0.751724 0.659478 0
    outer loop
      vertex 22.3801 13.8263 4
      vertex 22.1213 14.1213 0
      vertex 22.1213 14.1213 4
    endloop
  endfacet
  facet normal 0.751724 0.659478 0
    outer loop
      vertex 22.1213 14.1213 0
      vertex 22.3801 13.8263 4
      vertex 22.3801 13.8263 0
    endloop
  endfacet
  facet normal 0.997853 0.0654873 0
    outer loop
      vertex 23 12 4
      vertex 22.9743 12.3916 0
      vertex 22.9743 12.3916 4
    endloop
  endfacet
  facet normal 0.997853 0.0654873 0
    outer loop
      vertex 22.9743 12.3916 0
      vertex 23 12 4
      vertex 23 12 0
    endloop
  endfacet
  facet normal 0.19494 -0.980815 0
    outer loop
      vertex 20.3916 -14.9743 0
      vertex 20.7765 -14.8978 4
      vertex 20.3916 -14.9743 4
    endloop
  endfacet
  facet normal 0.19494 -0.980815 0
    outer loop
      vertex 20.7765 -14.8978 4
      vertex 20.3916 -14.9743 0
      vertex 20.7765 -14.8978 0
    endloop
  endfacet
  facet normal 0.659478 -0.751724 0
    outer loop
      vertex 21.8263 -14.3801 0
      vertex 22.1213 -14.1213 4
      vertex 21.8263 -14.3801 4
    endloop
  endfacet
  facet normal 0.659478 -0.751724 0
    outer loop
      vertex 22.1213 -14.1213 4
      vertex 21.8263 -14.3801 0
      vertex 22.1213 -14.1213 0
    endloop
  endfacet
  facet normal -0.321651 -0.946858 0
    outer loop
      vertex -21.148 -14.7716 0
      vertex -20.7765 -14.8978 4
      vertex -21.148 -14.7716 4
    endloop
  endfacet
  facet normal -0.321651 -0.946858 -0
    outer loop
      vertex -20.7765 -14.8978 4
      vertex -21.148 -14.7716 0
      vertex -20.7765 -14.8978 0
    endloop
  endfacet
  facet normal -1 0 0
    outer loop
      vertex -23 12 0
      vertex -23 4.5905 4
      vertex -23 12 4
    endloop
  endfacet
  facet normal -1 0 0
    outer loop
      vertex -23 12 0
      vertex -23 4.45477 3.84523
      vertex -23 4.5905 4
    endloop
  endfacet
  facet normal -1 0 0
    outer loop
      vertex -23 12 0
      vertex -23 3.8352 3.30187
      vertex -23 4.45477 3.84523
    endloop
  endfacet
  facet normal -1 0 0
    outer loop
      vertex -23 12 0
      vertex -23 3.15 2.84404
      vertex -23 3.8352 3.30187
    endloop
  endfacet
  facet normal -1 0 0
    outer loop
      vertex -23 12 0
      vertex -23 2.4109 2.47956
      vertex -23 3.15 2.84404
    endloop
  endfacet
  facet normal -1 0 0
    outer loop
      vertex -23 12 0
      vertex -23 1.63056 2.21467
      vertex -23 2.4109 2.47956
    endloop
  endfacet
  facet normal -1 0 0
    outer loop
      vertex -23 12 0
      vertex -23 0.822314 2.0539
      vertex -23 1.63056 2.21467
    endloop
  endfacet
  facet normal -1 0 0
    outer loop
      vertex -23 12 0
      vertex -23 0 2
      vertex -23 0.822314 2.0539
    endloop
  endfacet
  facet normal -1 0 0
    outer loop
      vertex -23 -12 0
      vertex -23 0 2
      vertex -23 12 0
    endloop
  endfacet
  facet normal -1 -0 0
    outer loop
      vertex -23 0 2
      vertex -23 -12 0
      vertex -23 -0.822314 2.0539
    endloop
  endfacet
  facet normal -1 0 0
    outer loop
      vertex -23 -12 0
      vertex -23 -1.63056 2.21467
      vertex -23 -0.822314 2.0539
    endloop
  endfacet
  facet normal -1 0 0
    outer loop
      vertex -23 -12 0
      vertex -23 -2.4109 2.47956
      vertex -23 -1.63056 2.21467
    endloop
  endfacet
  facet normal -1 0 0
    outer loop
      vertex -23 -12 0
      vertex -23 -3.15 2.84404
      vertex -23 -2.4109 2.47956
    endloop
  endfacet
  facet normal -1 0 0
    outer loop
      vertex -23 -12 0
      vertex -23 -3.8352 3.30187
      vertex -23 -3.15 2.84404
    endloop
  endfacet
  facet normal -1 0 0
    outer loop
      vertex -23 -12 0
      vertex -23 -4.45477 3.84523
      vertex -23 -3.8352 3.30187
    endloop
  endfacet
  facet normal -1 0 0
    outer loop
      vertex -23 -12 0
      vertex -23 -4.5905 4
      vertex -23 -4.45477 3.84523
    endloop
  endfacet
  facet normal -1 -0 0
    outer loop
      vertex -23 -4.5905 4
      vertex -23 -12 0
      vertex -23 -12 4
    endloop
  endfacet
  facet normal 0.831501 0.555523 0
    outer loop
      vertex 22.5981 13.5 4
      vertex 22.3801 13.8263 0
      vertex 22.3801 13.8263 4
    endloop
  endfacet
  facet normal 0.831501 0.555523 0
    outer loop
      vertex 22.3801 13.8263 0
      vertex 22.5981 13.5 4
      vertex 22.5981 13.5 0
    endloop
  endfacet
  facet normal -0.946858 0.321651 0
    outer loop
      vertex -22.8978 12.7765 0
      vertex -22.7716 13.148 4
      vertex -22.7716 13.148 0
    endloop
  endfacet
  facet normal -0.946858 0.321651 0
    outer loop
      vertex -22.7716 13.148 4
      vertex -22.8978 12.7765 0
      vertex -22.8978 12.7765 4
    endloop
  endfacet
  facet normal -0.44211 -0.896961 0
    outer loop
      vertex -21.5 -14.5981 0
      vertex -21.148 -14.7716 4
      vertex -21.5 -14.5981 4
    endloop
  endfacet
  facet normal -0.44211 -0.896961 -0
    outer loop
      vertex -21.148 -14.7716 4
      vertex -21.5 -14.5981 0
      vertex -21.148 -14.7716 0
    endloop
  endfacet
  facet normal -0.555523 0.831501 0
    outer loop
      vertex -21.5 14.5981 0
      vertex -21.8263 14.3801 4
      vertex -21.5 14.5981 4
    endloop
  endfacet
  facet normal -0.555523 0.831501 0
    outer loop
      vertex -21.8263 14.3801 4
      vertex -21.5 14.5981 0
      vertex -21.8263 14.3801 0
    endloop
  endfacet
  facet normal -0.980815 -0.19494 0
    outer loop
      vertex -22.8978 -12.7765 0
      vertex -22.9743 -12.3916 4
      vertex -22.9743 -12.3916 0
    endloop
  endfacet
  facet normal -0.980815 -0.19494 0
    outer loop
      vertex -22.9743 -12.3916 4
      vertex -22.8978 -12.7765 0
      vertex -22.8978 -12.7765 4
    endloop
  endfacet
  facet normal 0.19494 0.980815 -0
    outer loop
      vertex 20.7765 14.8978 0
      vertex 20.3916 14.9743 4
      vertex 20.7765 14.8978 4
    endloop
  endfacet
  facet normal 0.19494 0.980815 0
    outer loop
      vertex 20.3916 14.9743 4
      vertex 20.7765 14.8978 0
      vertex 20.3916 14.9743 0
    endloop
  endfacet
  facet normal 0.751724 -0.659478 0
    outer loop
      vertex 22.1213 -14.1213 4
      vertex 22.3801 -13.8263 0
      vertex 22.3801 -13.8263 4
    endloop
  endfacet
  facet normal 0.751724 -0.659478 0
    outer loop
      vertex 22.3801 -13.8263 0
      vertex 22.1213 -14.1213 4
      vertex 22.1213 -14.1213 0
    endloop
  endfacet
  facet normal -0.997853 0.0654873 0
    outer loop
      vertex -23 12 0
      vertex -22.9743 12.3916 4
      vertex -22.9743 12.3916 0
    endloop
  endfacet
  facet normal -0.997853 0.0654873 0
    outer loop
      vertex -22.9743 12.3916 4
      vertex -23 12 0
      vertex -23 12 4
    endloop
  endfacet
  facet normal 0 0 1
    outer loop
      vertex 8 -4.5905 4
      vertex 1.68546 -9.2781 4
      vertex 1.7 -9.5 4
    endloop
  endfacet
  facet normal 0 0 1
    outer loop
      vertex 8 -4.5905 4
      vertex 1.64207 -9.06001 4
      vertex 1.68546 -9.2781 4
    endloop
  endfacet
  facet normal 0 0 1
    outer loop
      vertex 8 -4.5905 4
      vertex 1.57059 -8.84944 4
      vertex 1.64207 -9.06001 4
    endloop
  endfacet
  facet normal 0 0 1
    outer loop
      vertex 8 -4.5905 4
      vertex 1.47224 -8.65 4
      vertex 1.57059 -8.84944 4
    endloop
  endfacet
  facet normal 0 0 1
    outer loop
      vertex 8 -4.5905 4
      vertex 1.3487 -8.46511 4
      vertex 1.47224 -8.65 4
    endloop
  endfacet
  facet normal 0 0 1
    outer loop
      vertex 8 -4.5905 4
      vertex 1.20208 -8.29792 4
      vertex 1.3487 -8.46511 4
    endloop
  endfacet
  facet normal 0 0 1
    outer loop
      vertex 8 -4.5905 4
      vertex 1.03489 -8.1513 4
      vertex 1.20208 -8.29792 4
    endloop
  endfacet
  facet normal 0 0 1
    outer loop
      vertex 8 -4.5905 4
      vertex 0.849999 -8.02776 4
      vertex 1.03489 -8.1513 4
    endloop
  endfacet
  facet normal 0 0 1
    outer loop
      vertex 8 -4.5905 4
      vertex 0.650561 -7.9294 4
      vertex 0.849999 -8.02776 4
    endloop
  endfacet
  facet normal 0 0 1
    outer loop
      vertex 8 -4.5905 4
      vertex 0.439992 -7.85793 4
      vertex 0.650561 -7.9294 4
    endloop
  endfacet
  facet normal 0 0 1
    outer loop
      vertex 8 -4.5905 4
      vertex 0.221894 -7.81454 4
      vertex 0.439992 -7.85793 4
    endloop
  endfacet
  facet normal 0 0 1
    outer loop
      vertex 8 -4.5905 4
      vertex 0 -7.8 4
      vertex 0.221894 -7.81454 4
    endloop
  endfacet
  facet normal 0 0 1
    outer loop
      vertex 8 -4.5905 4
      vertex -0.221894 -7.81454 4
      vertex 0 -7.8 4
    endloop
  endfacet
  facet normal 0 0 1
    outer loop
      vertex 8 -4.5905 4
      vertex -0.439992 -7.85793 4
      vertex -0.221894 -7.81454 4
    endloop
  endfacet
  facet normal 0 0 1
    outer loop
      vertex -7.84337 -8.11027 4
      vertex -0.439992 -7.85793 4
      vertex 8 -4.5905 4
    endloop
  endfacet
  facet normal 0 0 1
    outer loop
      vertex -1.68546 -9.2781 4
      vertex -6.8 -9.3 4
      vertex -1.7 -9.5 4
    endloop
  endfacet
  facet normal -0 0 1
    outer loop
      vertex -6.81027 -9.14337 4
      vertex -1.68546 -9.2781 4
      vertex -1.64207 -9.06001 4
    endloop
  endfacet
  facet normal -0 0 1
    outer loop
      vertex -6.84089 -8.98942 4
      vertex -1.64207 -9.06001 4
      vertex -1.57059 -8.84944 4
    endloop
  endfacet
  facet normal -0 0 1
    outer loop
      vertex -6.89134 -8.84078 4
      vertex -1.57059 -8.84944 4
      vertex -1.47224 -8.65 4
    endloop
  endfacet
  facet normal -0 0 1
    outer loop
      vertex -7.04798 -8.56949 4
      vertex -1.47224 -8.65 4
      vertex -1.3487 -8.46511 4
    endloop
  endfacet
  facet normal -0 0 1
    outer loop
      vertex -7.15147 -8.45147 4
      vertex -1.3487 -8.46511 4
      vertex -1.20208 -8.29792 4
    endloop
  endfacet
  facet normal 0 0 1
    outer loop
      vertex -7.26949 -8.34798 4
      vertex -1.20208 -8.29792 4
      vertex -1.03489 -8.1513 4
    endloop
  endfacet
  facet normal 0 0 1
    outer loop
      vertex -7.4 -8.26077 4
      vertex -1.03489 -8.1513 4
      vertex -0.849999 -8.02776 4
    endloop
  endfacet
  facet normal 0 0 1
    outer loop
      vertex -7.54078 -8.19134 4
      vertex -0.849999 -8.02776 4
      vertex -0.650561 -7.9294 4
    endloop
  endfacet
  facet normal 0 -0 1
    outer loop
      vertex -7.68942 -8.14089 4
      vertex -0.439992 -7.85793 4
      vertex -7.84337 -8.11027 4
    endloop
  endfacet
  facet normal 0 0 1
    outer loop
      vertex -1.68546 -9.2781 4
      vertex -6.81027 -9.14337 4
      vertex -6.8 -9.3 4
    endloop
  endfacet
  facet normal 0 0 1
    outer loop
      vertex -1.64207 -9.06001 4
      vertex -6.84089 -8.98942 4
      vertex -6.81027 -9.14337 4
    endloop
  endfacet
  facet normal 0 0 1
    outer loop
      vertex -1.57059 -8.84944 4
      vertex -6.89134 -8.84078 4
      vertex -6.84089 -8.98942 4
    endloop
  endfacet
  facet normal 0 0 1
    outer loop
      vertex -1.47224 -8.65 4
      vertex -6.96077 -8.7 4
      vertex -6.89134 -8.84078 4
    endloop
  endfacet
  facet normal 0 0 1
    outer loop
      vertex -1.47224 -8.65 4
      vertex -7.04798 -8.56949 4
      vertex -6.96077 -8.7 4
    endloop
  endfacet
  facet normal 0 0 1
    outer loop
      vertex -1.3487 -8.46511 4
      vertex -7.15147 -8.45147 4
      vertex -7.04798 -8.56949 4
    endloop
  endfacet
  facet normal 0 0 1
    outer loop
      vertex -1.20208 -8.29792 4
      vertex -7.26949 -8.34798 4
      vertex -7.15147 -8.45147 4
    endloop
  endfacet
  facet normal 0 0 1
    outer loop
      vertex -1.03489 -8.1513 4
      vertex -7.4 -8.26077 4
      vertex -7.26949 -8.34798 4
    endloop
  endfacet
  facet normal 0 0 1
    outer loop
      vertex -0.849999 -8.02776 4
      vertex -7.54078 -8.19134 4
      vertex -7.4 -8.26077 4
    endloop
  endfacet
  facet normal 0 0 1
    outer loop
      vertex -0.650561 -7.9294 4
      vertex -7.68942 -8.14089 4
      vertex -7.54078 -8.19134 4
    endloop
  endfacet
  facet normal 0 0 1
    outer loop
      vertex -0.439992 -7.85793 4
      vertex -7.68942 -8.14089 4
      vertex -0.650561 -7.9294 4
    endloop
  endfacet
  facet normal 0 0 1
    outer loop
      vertex 8 -4.5905 4
      vertex -8 -8.1 4
      vertex -7.84337 -8.11027 4
    endloop
  endfacet
  facet normal -0 0 1
    outer loop
      vertex -23 -4.5905 4
      vertex -8 -8.1 4
      vertex 8 -4.5905 4
    endloop
  endfacet
  facet normal 0 0 1
    outer loop
      vertex -8 -8.1 4
      vertex -23 -4.5905 4
      vertex -8.15663 -8.11027 4
    endloop
  endfacet
  facet normal 0 0 1
    outer loop
      vertex -9.18973 -9.14337 4
      vertex -20 -15 4
      vertex -9.2 -9.3 4
    endloop
  endfacet
  facet normal 0 0 1
    outer loop
      vertex -23 -4.5905 4
      vertex -9.18973 -9.14337 4
      vertex -9.15911 -8.98942 4
    endloop
  endfacet
  facet normal 0 0 1
    outer loop
      vertex -23 -4.5905 4
      vertex -9.15911 -8.98942 4
      vertex -9.10865 -8.84078 4
    endloop
  endfacet
  facet normal 0 0 1
    outer loop
      vertex -23 -4.5905 4
      vertex -9.10865 -8.84078 4
      vertex -9.03923 -8.7 4
    endloop
  endfacet
  facet normal 0 0 1
    outer loop
      vertex -23 -4.5905 4
      vertex -9.03923 -8.7 4
      vertex -8.95202 -8.56949 4
    endloop
  endfacet
  facet normal 0 0 1
    outer loop
      vertex -23 -4.5905 4
      vertex -8.95202 -8.56949 4
      vertex -8.84853 -8.45147 4
    endloop
  endfacet
  facet normal 0 0 1
    outer loop
      vertex -23 -4.5905 4
      vertex -8.84853 -8.45147 4
      vertex -8.73051 -8.34798 4
    endloop
  endfacet
  facet normal 0 0 1
    outer loop
      vertex -23 -4.5905 4
      vertex -8.73051 -8.34798 4
      vertex -8.6 -8.26077 4
    endloop
  endfacet
  facet normal 0 0 1
    outer loop
      vertex -9.18973 -9.14337 4
      vertex -23 -12 4
      vertex -20 -15 4
    endloop
  endfacet
  facet normal 0 0 1
    outer loop
      vertex -20 -15 4
      vertex -23 -12 4
      vertex -20.3916 -14.9743 4
    endloop
  endfacet
  facet normal 0 0 1
    outer loop
      vertex -20.3916 -14.9743 4
      vertex -23 -12 4
      vertex -20.7765 -14.8978 4
    endloop
  endfacet
  facet normal 0 0 1
    outer loop
      vertex -20.7765 -14.8978 4
      vertex -23 -12 4
      vertex -21.148 -14.7716 4
    endloop
  endfacet
  facet normal 0 0 1
    outer loop
      vertex -23 -4.5905 4
      vertex -8.6 -8.26077 4
      vertex -8.45922 -8.19134 4
    endloop
  endfacet
  facet normal 0 0 1
    outer loop
      vertex -21.148 -14.7716 4
      vertex -23 -12 4
      vertex -21.5 -14.5981 4
    endloop
  endfacet
  facet normal 0 0 1
    outer loop
      vertex -21.5 -14.5981 4
      vertex -23 -12 4
      vertex -21.8263 -14.3801 4
    endloop
  endfacet
  facet normal 0 0 1
    outer loop
      vertex -21.8263 -14.3801 4
      vertex -23 -12 4
      vertex -22.1213 -14.1213 4
    endloop
  endfacet
  facet normal 0 0 1
    outer loop
      vertex -22.1213 -14.1213 4
      vertex -23 -12 4
      vertex -22.3801 -13.8263 4
    endloop
  endfacet
  facet normal 0 0 1
    outer loop
      vertex -22.3801 -13.8263 4
      vertex -23 -12 4
      vertex -22.5981 -13.5 4
    endloop
  endfacet
  facet normal 0 0 1
    outer loop
      vertex -22.5981 -13.5 4
      vertex -23 -12 4
      vertex -22.7716 -13.148 4
    endloop
  endfacet
  facet normal 0 0 1
    outer loop
      vertex -23 -4.5905 4
      vertex -8.45922 -8.19134 4
      vertex -8.31058 -8.14089 4
    endloop
  endfacet
  facet normal 0 0 1
    outer loop
      vertex -22.7716 -13.148 4
      vertex -23 -12 4
      vertex -22.8978 -12.7765 4
    endloop
  endfacet
  facet normal 0 0 1
    outer loop
      vertex -8.15663 -8.11027 4
      vertex -23 -4.5905 4
      vertex -8.31058 -8.14089 4
    endloop
  endfacet
  facet normal 0 0 1
    outer loop
      vertex -9.18973 -9.14337 4
      vertex -23 -4.5905 4
      vertex -23 -12 4
    endloop
  endfacet
  facet normal 0 0 1
    outer loop
      vertex -22.8978 -12.7765 4
      vertex -23 -12 4
      vertex -22.9743 -12.3916 4
    endloop
  endfacet
  facet normal 0 0 1
    outer loop
      vertex 20.5706 8.84944 4
      vertex 23 12 4
      vertex 20.6421 9.06001 4
    endloop
  endfacet
  facet normal 0 0 1
    outer loop
      vertex 23 -12 4
      vertex 20.6855 -9.2781 4
      vertex 20.7 -9.5 4
    endloop
  endfacet
  facet normal 0 0 1
    outer loop
      vertex 20.4722 8.65 4
      vertex 23 12 4
      vertex 20.5706 8.84944 4
    endloop
  endfacet
  facet normal 0 0 1
    outer loop
      vertex 23 -12 4
      vertex 20.6421 -9.06001 4
      vertex 20.6855 -9.2781 4
    endloop
  endfacet
  facet normal 0 0 1
    outer loop
      vertex 23 12 4
      vertex 20.4722 8.65 4
      vertex 23 -12 4
    endloop
  endfacet
  facet normal 0 0 1
    outer loop
      vertex 23 -12 4
      vertex 20.5706 -8.84944 4
      vertex 20.6421 -9.06001 4
    endloop
  endfacet
  facet normal -0 0 1
    outer loop
      vertex 20.4722 -8.65 4
      vertex 23 -12 4
      vertex 20.4722 8.65 4
    endloop
  endfacet
  facet normal 0 0 1
    outer loop
      vertex 23 -12 4
      vertex 20.4722 -8.65 4
      vertex 20.5706 -8.84944 4
    endloop
  endfacet
  facet normal -0 0 1
    outer loop
      vertex 20.3487 8.46511 4
      vertex 20.4722 -8.65 4
      vertex 20.4722 8.65 4
    endloop
  endfacet
  facet normal 0 0 1
    outer loop
      vertex 20.3487 8.46511 4
      vertex 20.3487 -8.46511 4
      vertex 20.4722 -8.65 4
    endloop
  endfacet
  facet normal -0 0 1
    outer loop
      vertex 20.2021 8.29792 4
      vertex 20.3487 -8.46511 4
      vertex 20.3487 8.46511 4
    endloop
  endfacet
  facet normal 0 0 1
    outer loop
      vertex 20.2021 8.29792 4
      vertex 20.2021 -8.29792 4
      vertex 20.3487 -8.46511 4
    endloop
  endfacet
  facet normal -0 0 1
    outer loop
      vertex 20.0349 8.1513 4
      vertex 20.2021 -8.29792 4
      vertex 20.2021 8.29792 4
    endloop
  endfacet
  facet normal 0 0 1
    outer loop
      vertex 20.0349 8.1513 4
      vertex 20.0349 -8.1513 4
      vertex 20.2021 -8.29792 4
    endloop
  endfacet
  facet normal -0 0 1
    outer loop
      vertex 19.85 8.02776 4
      vertex 20.0349 -8.1513 4
      vertex 20.0349 8.1513 4
    endloop
  endfacet
  facet normal 0 0 1
    outer loop
      vertex 19.85 8.02776 4
      vertex 19.85 -8.02776 4
      vertex 20.0349 -8.1513 4
    endloop
  endfacet
  facet normal -0 0 1
    outer loop
      vertex 19.6506 7.9294 4
      vertex 19.85 -8.02776 4
      vertex 19.85 8.02776 4
    endloop
  endfacet
  facet normal 0 0 1
    outer loop
      vertex 19.6506 7.9294 4
      vertex 19.6506 -7.9294 4
      vertex 19.85 -8.02776 4
    endloop
  endfacet
  facet normal -0 0 1
    outer loop
      vertex 19.44 7.85793 4
      vertex 19.6506 -7.9294 4
      vertex 19.6506 7.9294 4
    endloop
  endfacet
  facet normal 0 0 1
    outer loop
      vertex 19.44 7.85793 4
      vertex 19.44 -7.85793 4
      vertex 19.6506 -7.9294 4
    endloop
  endfacet
  facet normal 0 0 1
    outer loop
      vertex 13.5 0 4
      vertex 19.44 7.85793 4
      vertex 19.2219 7.81454 4
    endloop
  endfacet
  facet normal 0 0 1
    outer loop
      vertex 19.44 7.85793 4
      vertex 13.5 0 4
      vertex 19.44 -7.85793 4
    endloop
  endfacet
  facet normal 0 0 1
    outer loop
      vertex 13.4658 0.522104 4
      vertex 19.2219 7.81454 4
      vertex 19 7.8 4
    endloop
  endfacet
  facet normal 0 0 1
    outer loop
      vertex 19.44 -7.85793 4
      vertex 13.5 0 4
      vertex 19.2219 -7.81454 4
    endloop
  endfacet
  facet normal 0 0 1
    outer loop
      vertex 13.3637 1.03528 4
      vertex 19 7.8 4
      vertex 18.7781 7.81454 4
    endloop
  endfacet
  facet normal -0 0 1
    outer loop
      vertex 13.4658 -0.522104 4
      vertex 19.2219 -7.81454 4
      vertex 13.5 0 4
    endloop
  endfacet
  facet normal 0 0 1
    outer loop
      vertex 13.1955 1.53073 4
      vertex 18.7781 7.81454 4
      vertex 18.56 7.85793 4
    endloop
  endfacet
  facet normal 0 0 1
    outer loop
      vertex 19.2219 -7.81454 4
      vertex 13.4658 -0.522104 4
      vertex 19 -7.8 4
    endloop
  endfacet
  facet normal 0 0 1
    outer loop
      vertex 13.1955 1.53073 4
      vertex 18.56 7.85793 4
      vertex 18.3494 7.9294 4
    endloop
  endfacet
  facet normal -0 0 1
    outer loop
      vertex 13.3637 -1.03528 4
      vertex 19 -7.8 4
      vertex 13.4658 -0.522104 4
    endloop
  endfacet
  facet normal 0 0 1
    outer loop
      vertex 12.9641 2 4
      vertex 18.3494 7.9294 4
      vertex 18.15 8.02776 4
    endloop
  endfacet
  facet normal 0 0 1
    outer loop
      vertex 19 -7.8 4
      vertex 13.3637 -1.03528 4
      vertex 18.7781 -7.81454 4
    endloop
  endfacet
  facet normal 0 0 1
    outer loop
      vertex 12.6734 2.43505 4
      vertex 18.15 8.02776 4
      vertex 17.9651 8.1513 4
    endloop
  endfacet
  facet normal -0 0 1
    outer loop
      vertex 13.1955 -1.53073 4
      vertex 18.7781 -7.81454 4
      vertex 13.3637 -1.03528 4
    endloop
  endfacet
  facet normal 0 0 1
    outer loop
      vertex 12.3284 2.82843 4
      vertex 17.9651 8.1513 4
      vertex 17.7979 8.29792 4
    endloop
  endfacet
  facet normal 0 0 1
    outer loop
      vertex 18.7781 -7.81454 4
      vertex 13.1955 -1.53073 4
      vertex 18.56 -7.85793 4
    endloop
  endfacet
  facet normal 0 0 1
    outer loop
      vertex 12.3284 2.82843 4
      vertex 17.7979 8.29792 4
      vertex 17.6513 8.46511 4
    endloop
  endfacet
  facet normal 0 0 1
    outer loop
      vertex 18.56 -7.85793 4
      vertex 13.1955 -1.53073 4
      vertex 18.3494 -7.9294 4
    endloop
  endfacet
  facet normal 0 0 1
    outer loop
      vertex 11.935 3.17341 4
      vertex 17.6513 8.46511 4
      vertex 17.5278 8.65 4
    endloop
  endfacet
  facet normal -0 0 1
    outer loop
      vertex 12.9641 -2 4
      vertex 18.3494 -7.9294 4
      vertex 13.1955 -1.53073 4
    endloop
  endfacet
  facet normal 0 0 1
    outer loop
      vertex 11.5 3.4641 4
      vertex 17.5278 8.65 4
      vertex 17.4294 8.84944 4
    endloop
  endfacet
  facet normal 0 0 1
    outer loop
      vertex 18.3494 -7.9294 4
      vertex 12.9641 -2 4
      vertex 18.15 -8.02776 4
    endloop
  endfacet
  facet normal 0 0 1
    outer loop
      vertex 11.5 3.4641 4
      vertex 17.4294 8.84944 4
      vertex 17.3579 9.06001 4
    endloop
  endfacet
  facet normal -0 0 1
    outer loop
      vertex 12.6734 -2.43505 4
      vertex 18.15 -8.02776 4
      vertex 12.9641 -2 4
    endloop
  endfacet
  facet normal 0 0 1
    outer loop
      vertex 11.0307 3.69552 4
      vertex 17.3579 9.06001 4
      vertex 17.3145 9.2781 4
    endloop
  endfacet
  facet normal 0 0 1
    outer loop
      vertex 18.15 -8.02776 4
      vertex 12.6734 -2.43505 4
      vertex 17.9651 -8.1513 4
    endloop
  endfacet
  facet normal 0 0 1
    outer loop
      vertex 10.5353 3.8637 4
      vertex 17.3145 9.2781 4
      vertex 17.3 9.5 4
    endloop
  endfacet
  facet normal -0 0 1
    outer loop
      vertex 12.3284 -2.82843 4
      vertex 17.9651 -8.1513 4
      vertex 12.6734 -2.43505 4
    endloop
  endfacet
  facet normal 0 0 1
    outer loop
      vertex 20.2021 10.7021 4
      vertex 23 12 4
      vertex 22.9743 12.3916 4
    endloop
  endfacet
  facet normal 0 0 1
    outer loop
      vertex 20.6855 9.2781 4
      vertex 23 12 4
      vertex 20.7 9.5 4
    endloop
  endfacet
  facet normal 0 0 1
    outer loop
      vertex 20.0349 10.8487 4
      vertex 22.9743 12.3916 4
      vertex 22.8978 12.7765 4
    endloop
  endfacet
  facet normal 0 0 1
    outer loop
      vertex 20.6421 9.06001 4
      vertex 23 12 4
      vertex 20.6855 9.2781 4
    endloop
  endfacet
  facet normal 0 0 1
    outer loop
      vertex 20.0349 10.8487 4
      vertex 22.8978 12.7765 4
      vertex 22.7716 13.148 4
    endloop
  endfacet
  facet normal -0 0 1
    outer loop
      vertex 20.6855 -9.72189 4
      vertex 23 -12 4
      vertex 20.7 -9.5 4
    endloop
  endfacet
  facet normal 0 0 1
    outer loop
      vertex 20.0349 10.8487 4
      vertex 22.7716 13.148 4
      vertex 22.5981 13.5 4
    endloop
  endfacet
  facet normal -0 0 1
    outer loop
      vertex 20.6421 -9.93999 4
      vertex 23 -12 4
      vertex 20.6855 -9.72189 4
    endloop
  endfacet
  facet normal 0 0 1
    outer loop
      vertex 19.85 10.9722 4
      vertex 22.5981 13.5 4
      vertex 22.3801 13.8263 4
    endloop
  endfacet
  facet normal -0 0 1
    outer loop
      vertex 20.5706 -10.1506 4
      vertex 23 -12 4
      vertex 20.6421 -9.93999 4
    endloop
  endfacet
  facet normal 0 0 1
    outer loop
      vertex 19.85 10.9722 4
      vertex 22.3801 13.8263 4
      vertex 22.1213 14.1213 4
    endloop
  endfacet
  facet normal -0 0 1
    outer loop
      vertex 20.4722 -10.35 4
      vertex 23 -12 4
      vertex 20.5706 -10.1506 4
    endloop
  endfacet
  facet normal 0 0 1
    outer loop
      vertex 19.85 10.9722 4
      vertex 22.1213 14.1213 4
      vertex 21.8263 14.3801 4
    endloop
  endfacet
  facet normal -0 0 1
    outer loop
      vertex 20.3487 -10.5349 4
      vertex 23 -12 4
      vertex 20.4722 -10.35 4
    endloop
  endfacet
  facet normal 0 0 1
    outer loop
      vertex 19.6506 11.0706 4
      vertex 21.8263 14.3801 4
      vertex 21.5 14.5981 4
    endloop
  endfacet
  facet normal -0 0 1
    outer loop
      vertex 20.2021 -10.7021 4
      vertex 23 -12 4
      vertex 20.3487 -10.5349 4
    endloop
  endfacet
  facet normal 0 0 1
    outer loop
      vertex 19.6506 11.0706 4
      vertex 21.5 14.5981 4
      vertex 21.148 14.7716 4
    endloop
  endfacet
  facet normal 0 0 1
    outer loop
      vertex 23 -12 4
      vertex 20.2021 -10.7021 4
      vertex 22.9743 -12.3916 4
    endloop
  endfacet
  facet normal 0 0 1
    outer loop
      vertex 19.6506 11.0706 4
      vertex 21.148 14.7716 4
      vertex 20.7765 14.8978 4
    endloop
  endfacet
  facet normal -0 0 1
    outer loop
      vertex 20.0349 -10.8487 4
      vertex 22.9743 -12.3916 4
      vertex 20.2021 -10.7021 4
    endloop
  endfacet
  facet normal 0 0 1
    outer loop
      vertex 22.9743 -12.3916 4
      vertex 20.0349 -10.8487 4
      vertex 22.8978 -12.7765 4
    endloop
  endfacet
  facet normal 0 0 1
    outer loop
      vertex 23 12 4
      vertex 20.6855 9.72189 4
      vertex 20.7 9.5 4
    endloop
  endfacet
  facet normal 0 0 1
    outer loop
      vertex 23 12 4
      vertex 20.6421 9.93999 4
      vertex 20.6855 9.72189 4
    endloop
  endfacet
  facet normal 0 0 1
    outer loop
      vertex 23 12 4
      vertex 20.5706 10.1506 4
      vertex 20.6421 9.93999 4
    endloop
  endfacet
  facet normal 0 0 1
    outer loop
      vertex 23 12 4
      vertex 20.4722 10.35 4
      vertex 20.5706 10.1506 4
    endloop
  endfacet
  facet normal 0 0 1
    outer loop
      vertex 19.6506 11.0706 4
      vertex 20.7765 14.8978 4
      vertex 20.3916 14.9743 4
    endloop
  endfacet
  facet normal 0 0 1
    outer loop
      vertex 23 12 4
      vertex 20.3487 10.5349 4
      vertex 20.4722 10.35 4
    endloop
  endfacet
  facet normal 0 0 1
    outer loop
      vertex 23 12 4
      vertex 20.2021 10.7021 4
      vertex 20.3487 10.5349 4
    endloop
  endfacet
  facet normal 0 0 1
    outer loop
      vertex 22.9743 12.3916 4
      vertex 20.0349 10.8487 4
      vertex 20.2021 10.7021 4
    endloop
  endfacet
  facet normal 0 0 1
    outer loop
      vertex 19.44 11.1421 4
      vertex 20.3916 14.9743 4
      vertex 20 15 4
    endloop
  endfacet
  facet normal 0 0 1
    outer loop
      vertex 22.5981 13.5 4
      vertex 19.85 10.9722 4
      vertex 20.0349 10.8487 4
    endloop
  endfacet
  facet normal 0 0 1
    outer loop
      vertex 21.8263 14.3801 4
      vertex 19.6506 11.0706 4
      vertex 19.85 10.9722 4
    endloop
  endfacet
  facet normal 0 0 1
    outer loop
      vertex 20.3916 14.9743 4
      vertex 19.44 11.1421 4
      vertex 19.6506 11.0706 4
    endloop
  endfacet
  facet normal 0 0 1
    outer loop
      vertex 20 15 4
      vertex 19.2219 11.1855 4
      vertex 19.44 11.1421 4
    endloop
  endfacet
  facet normal 0 0 1
    outer loop
      vertex 20 15 4
      vertex 19 11.2 4
      vertex 19.2219 11.1855 4
    endloop
  endfacet
  facet normal 0 0 1
    outer loop
      vertex 20 15 4
      vertex 18.7781 11.1855 4
      vertex 19 11.2 4
    endloop
  endfacet
  facet normal 0 0 1
    outer loop
      vertex 20 15 4
      vertex 18.56 11.1421 4
      vertex 18.7781 11.1855 4
    endloop
  endfacet
  facet normal 0 0 1
    outer loop
      vertex 20 15 4
      vertex 18.3494 11.0706 4
      vertex 18.56 11.1421 4
    endloop
  endfacet
  facet normal 0 0 1
    outer loop
      vertex 20 15 4
      vertex 18.15 10.9722 4
      vertex 18.3494 11.0706 4
    endloop
  endfacet
  facet normal 0 0 1
    outer loop
      vertex 20 15 4
      vertex 17.9651 10.8487 4
      vertex 18.15 10.9722 4
    endloop
  endfacet
  facet normal 0 0 1
    outer loop
      vertex 20 15 4
      vertex 17.7979 10.7021 4
      vertex 17.9651 10.8487 4
    endloop
  endfacet
  facet normal 0 0 1
    outer loop
      vertex 20 15 4
      vertex 17.6513 10.5349 4
      vertex 17.7979 10.7021 4
    endloop
  endfacet
  facet normal 0 0 1
    outer loop
      vertex 1.3487 10.5349 4
      vertex 17.6513 10.5349 4
      vertex 20 15 4
    endloop
  endfacet
  facet normal 0 0 1
    outer loop
      vertex 17.9651 -8.1513 4
      vertex 12.3284 -2.82843 4
      vertex 17.7979 -8.29792 4
    endloop
  endfacet
  facet normal 0 0 1
    outer loop
      vertex 10.0221 3.96578 4
      vertex 17.3 9.5 4
      vertex 17.3145 9.72189 4
    endloop
  endfacet
  facet normal 0 0 1
    outer loop
      vertex 8 4.5905 4
      vertex 17.3145 9.72189 4
      vertex 17.3579 9.93999 4
    endloop
  endfacet
  facet normal 0 0 1
    outer loop
      vertex 8 4.5905 4
      vertex 17.3579 9.93999 4
      vertex 17.4294 10.1506 4
    endloop
  endfacet
  facet normal 0 0 1
    outer loop
      vertex 19.2219 7.81454 4
      vertex 13.4658 0.522104 4
      vertex 13.5 0 4
    endloop
  endfacet
  facet normal 0 0 1
    outer loop
      vertex 19 7.8 4
      vertex 13.3637 1.03528 4
      vertex 13.4658 0.522104 4
    endloop
  endfacet
  facet normal 0 0 1
    outer loop
      vertex 18.7781 7.81454 4
      vertex 13.1955 1.53073 4
      vertex 13.3637 1.03528 4
    endloop
  endfacet
  facet normal 0 0 1
    outer loop
      vertex 18.3494 7.9294 4
      vertex 12.9641 2 4
      vertex 13.1955 1.53073 4
    endloop
  endfacet
  facet normal 0 0 1
    outer loop
      vertex 1.57059 10.1506 4
      vertex 17.4294 10.1506 4
      vertex 17.5278 10.35 4
    endloop
  endfacet
  facet normal 0 0 1
    outer loop
      vertex 17.6513 10.5349 4
      vertex 1.3487 10.5349 4
      vertex 17.5278 10.35 4
    endloop
  endfacet
  facet normal 0 0 1
    outer loop
      vertex 18.15 8.02776 4
      vertex 12.6734 2.43505 4
      vertex 12.9641 2 4
    endloop
  endfacet
  facet normal 0 0 1
    outer loop
      vertex 17.9651 8.1513 4
      vertex 12.3284 2.82843 4
      vertex 12.6734 2.43505 4
    endloop
  endfacet
  facet normal 0 0 1
    outer loop
      vertex 17.6513 8.46511 4
      vertex 11.935 3.17341 4
      vertex 12.3284 2.82843 4
    endloop
  endfacet
  facet normal 0 0 1
    outer loop
      vertex 17.5278 8.65 4
      vertex 11.5 3.4641 4
      vertex 11.935 3.17341 4
    endloop
  endfacet
  facet normal 0 0 1
    outer loop
      vertex 17.3579 9.06001 4
      vertex 11.0307 3.69552 4
      vertex 11.5 3.4641 4
    endloop
  endfacet
  facet normal 0 0 1
    outer loop
      vertex 17.3145 9.2781 4
      vertex 10.5353 3.8637 4
      vertex 11.0307 3.69552 4
    endloop
  endfacet
  facet normal 0 0 1
    outer loop
      vertex 17.3 9.5 4
      vertex 10.0221 3.96578 4
      vertex 10.5353 3.8637 4
    endloop
  endfacet
  facet normal 0 0 1
    outer loop
      vertex 17.3145 9.72189 4
      vertex 8 4.5905 4
      vertex 10.0221 3.96578 4
    endloop
  endfacet
  facet normal 0 0 1
    outer loop
      vertex 10.0221 3.96578 4
      vertex 8 4.5905 4
      vertex 9.5 4 4
    endloop
  endfacet
  facet normal 0 0 1
    outer loop
      vertex 9.5 4 4
      vertex 8 4.5905 4
      vertex 8.97789 3.96578 4
    endloop
  endfacet
  facet normal 0 0 1
    outer loop
      vertex 8.97789 3.96578 4
      vertex 8 4.5905 4
      vertex 8.46472 3.8637 4
    endloop
  endfacet
  facet normal 0 0 1
    outer loop
      vertex 17.4294 10.1506 4
      vertex 1.57059 10.1506 4
      vertex 8 4.5905 4
    endloop
  endfacet
  facet normal 0 0 1
    outer loop
      vertex 8 4.5905 4
      vertex 1.68546 9.72189 4
      vertex 1.7 9.5 4
    endloop
  endfacet
  facet normal 0 0 1
    outer loop
      vertex 8 4.5905 4
      vertex 1.64207 9.93999 4
      vertex 1.68546 9.72189 4
    endloop
  endfacet
  facet normal 0 0 1
    outer loop
      vertex 8 4.5905 4
      vertex 1.57059 10.1506 4
      vertex 1.64207 9.93999 4
    endloop
  endfacet
  facet normal 0 0 1
    outer loop
      vertex 17.5278 10.35 4
      vertex 1.47224 10.35 4
      vertex 1.57059 10.1506 4
    endloop
  endfacet
  facet normal 0 0 1
    outer loop
      vertex 17.5278 10.35 4
      vertex 1.3487 10.5349 4
      vertex 1.47224 10.35 4
    endloop
  endfacet
  facet normal 0 0 1
    outer loop
      vertex 20 15 4
      vertex 1.20208 10.7021 4
      vertex 1.3487 10.5349 4
    endloop
  endfacet
  facet normal 0 0 1
    outer loop
      vertex 20 15 4
      vertex 1.03489 10.8487 4
      vertex 1.20208 10.7021 4
    endloop
  endfacet
  facet normal 0 0 1
    outer loop
      vertex 20 15 4
      vertex 0.849999 10.9722 4
      vertex 1.03489 10.8487 4
    endloop
  endfacet
  facet normal 0 0 1
    outer loop
      vertex 20 15 4
      vertex 0.650561 11.0706 4
      vertex 0.849999 10.9722 4
    endloop
  endfacet
  facet normal 0 0 1
    outer loop
      vertex 20 15 4
      vertex 0.439992 11.1421 4
      vertex 0.650561 11.0706 4
    endloop
  endfacet
  facet normal 0 0 1
    outer loop
      vertex 20 15 4
      vertex 0.221894 11.1855 4
      vertex 0.439992 11.1421 4
    endloop
  endfacet
  facet normal 0 0 1
    outer loop
      vertex 20 15 4
      vertex 0 11.2 4
      vertex 0.221894 11.1855 4
    endloop
  endfacet
  facet normal -0 0 1
    outer loop
      vertex -20 15 4
      vertex 0 11.2 4
      vertex 20 15 4
    endloop
  endfacet
  facet normal 0 0 1
    outer loop
      vertex -6.81027 9.45663 4
      vertex -1.7 9.5 4
      vertex -1.68546 9.72189 4
    endloop
  endfacet
  facet normal 0 0 1
    outer loop
      vertex -6.84089 9.61058 4
      vertex -1.68546 9.72189 4
      vertex -1.64207 9.93999 4
    endloop
  endfacet
  facet normal 0 0 1
    outer loop
      vertex -6.89134 9.75922 4
      vertex -1.64207 9.93999 4
      vertex -1.57059 10.1506 4
    endloop
  endfacet
  facet normal 0 0 1
    outer loop
      vertex -6.96077 9.9 4
      vertex -1.57059 10.1506 4
      vertex -1.47224 10.35 4
    endloop
  endfacet
  facet normal 0 0 1
    outer loop
      vertex -7.04798 10.0305 4
      vertex -1.47224 10.35 4
      vertex -1.3487 10.5349 4
    endloop
  endfacet
  facet normal 0 0 1
    outer loop
      vertex -7.15147 10.1485 4
      vertex -1.3487 10.5349 4
      vertex -1.20208 10.7021 4
    endloop
  endfacet
  facet normal 0 0 1
    outer loop
      vertex -7.4 10.3392 4
      vertex -1.20208 10.7021 4
      vertex -1.03489 10.8487 4
    endloop
  endfacet
  facet normal 0 0 1
    outer loop
      vertex -7.54078 10.4087 4
      vertex -1.03489 10.8487 4
      vertex -0.849999 10.9722 4
    endloop
  endfacet
  facet normal 0 0 1
    outer loop
      vertex -7.68942 10.4591 4
      vertex -0.849999 10.9722 4
      vertex -0.650561 11.0706 4
    endloop
  endfacet
  facet normal 0 0 1
    outer loop
      vertex -7.84337 10.4897 4
      vertex -0.650561 11.0706 4
      vertex -0.439992 11.1421 4
    endloop
  endfacet
  facet normal 0 0 1
    outer loop
      vertex -1.7 9.5 4
      vertex -6.81027 9.45663 4
      vertex -6.8 9.3 4
    endloop
  endfacet
  facet normal 0 0 1
    outer loop
      vertex -1.68546 9.72189 4
      vertex -6.84089 9.61058 4
      vertex -6.81027 9.45663 4
    endloop
  endfacet
  facet normal 0 0 1
    outer loop
      vertex -1.64207 9.93999 4
      vertex -6.89134 9.75922 4
      vertex -6.84089 9.61058 4
    endloop
  endfacet
  facet normal 0 0 1
    outer loop
      vertex -1.57059 10.1506 4
      vertex -6.96077 9.9 4
      vertex -6.89134 9.75922 4
    endloop
  endfacet
  facet normal 0 0 1
    outer loop
      vertex -20 15 4
      vertex -0.439992 11.1421 4
      vertex -0.221894 11.1855 4
    endloop
  endfacet
  facet normal 0 0 1
    outer loop
      vertex -1.47224 10.35 4
      vertex -7.04798 10.0305 4
      vertex -6.96077 9.9 4
    endloop
  endfacet
  facet normal 0 0 1
    outer loop
      vertex 0 11.2 4
      vertex -20 15 4
      vertex -0.221894 11.1855 4
    endloop
  endfacet
  facet normal 0 0 1
    outer loop
      vertex -1.3487 10.5349 4
      vertex -7.15147 10.1485 4
      vertex -7.04798 10.0305 4
    endloop
  endfacet
  facet normal 0 0 1
    outer loop
      vertex -1.20208 10.7021 4
      vertex -7.26949 10.252 4
      vertex -7.15147 10.1485 4
    endloop
  endfacet
  facet normal 0 0 1
    outer loop
      vertex -1.20208 10.7021 4
      vertex -7.4 10.3392 4
      vertex -7.26949 10.252 4
    endloop
  endfacet
  facet normal 0 0 1
    outer loop
      vertex -1.03489 10.8487 4
      vertex -7.54078 10.4087 4
      vertex -7.4 10.3392 4
    endloop
  endfacet
  facet normal 0 0 1
    outer loop
      vertex -0.849999 10.9722 4
      vertex -7.68942 10.4591 4
      vertex -7.54078 10.4087 4
    endloop
  endfacet
  facet normal 0 0 1
    outer loop
      vertex -0.650561 11.0706 4
      vertex -7.84337 10.4897 4
      vertex -7.68942 10.4591 4
    endloop
  endfacet
  facet normal 0 0 1
    outer loop
      vertex -0.439992 11.1421 4
      vertex -20 15 4
      vertex -7.84337 10.4897 4
    endloop
  endfacet
  facet normal 0 0 1
    outer loop
      vertex -7.84337 10.4897 4
      vertex -20 15 4
      vertex -8 10.5 4
    endloop
  endfacet
  facet normal 0 0 1
    outer loop
      vertex -9.18973 9.45663 4
      vertex -20 15 4
      vertex -9.2 9.3 4
    endloop
  endfacet
  facet normal 0 0 1
    outer loop
      vertex -9.15911 9.61058 4
      vertex -20 15 4
      vertex -9.18973 9.45663 4
    endloop
  endfacet
  facet normal 0 0 1
    outer loop
      vertex -9.10865 9.75922 4
      vertex -20 15 4
      vertex -9.15911 9.61058 4
    endloop
  endfacet
  facet normal 0 0 1
    outer loop
      vertex -9.03923 9.9 4
      vertex -20 15 4
      vertex -9.10865 9.75922 4
    endloop
  endfacet
  facet normal 0 0 1
    outer loop
      vertex -8.95202 10.0305 4
      vertex -20 15 4
      vertex -9.03923 9.9 4
    endloop
  endfacet
  facet normal 0 0 1
    outer loop
      vertex -8.84853 10.1485 4
      vertex -20 15 4
      vertex -8.95202 10.0305 4
    endloop
  endfacet
  facet normal 0 0 1
    outer loop
      vertex -8.73051 10.252 4
      vertex -20 15 4
      vertex -8.84853 10.1485 4
    endloop
  endfacet
  facet normal 0 0 1
    outer loop
      vertex -8.6 10.3392 4
      vertex -20 15 4
      vertex -8.73051 10.252 4
    endloop
  endfacet
  facet normal 0 0 1
    outer loop
      vertex -8.45922 10.4087 4
      vertex -20 15 4
      vertex -8.6 10.3392 4
    endloop
  endfacet
  facet normal 0 0 1
    outer loop
      vertex -8.31058 10.4591 4
      vertex -20 15 4
      vertex -8.45922 10.4087 4
    endloop
  endfacet
  facet normal 0 0 1
    outer loop
      vertex -8.15663 10.4897 4
      vertex -20 15 4
      vertex -8.31058 10.4591 4
    endloop
  endfacet
  facet normal 0 0 1
    outer loop
      vertex -8 10.5 4
      vertex -20 15 4
      vertex -8.15663 10.4897 4
    endloop
  endfacet
  facet normal 0 0 1
    outer loop
      vertex 22.8978 -12.7765 4
      vertex 20.0349 -10.8487 4
      vertex 22.7716 -13.148 4
    endloop
  endfacet
  facet normal 0 0 1
    outer loop
      vertex 22.7716 -13.148 4
      vertex 20.0349 -10.8487 4
      vertex 22.5981 -13.5 4
    endloop
  endfacet
  facet normal -0 0 1
    outer loop
      vertex 19.85 -10.9722 4
      vertex 22.5981 -13.5 4
      vertex 20.0349 -10.8487 4
    endloop
  endfacet
  facet normal 0 0 1
    outer loop
      vertex 22.5981 -13.5 4
      vertex 19.85 -10.9722 4
      vertex 22.3801 -13.8263 4
    endloop
  endfacet
  facet normal 0 0 1
    outer loop
      vertex 22.3801 -13.8263 4
      vertex 19.85 -10.9722 4
      vertex 22.1213 -14.1213 4
    endloop
  endfacet
  facet normal 0 0 1
    outer loop
      vertex 22.1213 -14.1213 4
      vertex 19.85 -10.9722 4
      vertex 21.8263 -14.3801 4
    endloop
  endfacet
  facet normal -0 0 1
    outer loop
      vertex 19.6506 -11.0706 4
      vertex 21.8263 -14.3801 4
      vertex 19.85 -10.9722 4
    endloop
  endfacet
  facet normal 0 0 1
    outer loop
      vertex 21.8263 -14.3801 4
      vertex 19.6506 -11.0706 4
      vertex 21.5 -14.5981 4
    endloop
  endfacet
  facet normal 0 0 1
    outer loop
      vertex 21.5 -14.5981 4
      vertex 19.6506 -11.0706 4
      vertex 21.148 -14.7716 4
    endloop
  endfacet
  facet normal 0 0 1
    outer loop
      vertex 21.148 -14.7716 4
      vertex 19.6506 -11.0706 4
      vertex 20.7765 -14.8978 4
    endloop
  endfacet
  facet normal 0 0 1
    outer loop
      vertex 20.7765 -14.8978 4
      vertex 19.6506 -11.0706 4
      vertex 20.3916 -14.9743 4
    endloop
  endfacet
  facet normal -0 0 1
    outer loop
      vertex 19.44 -11.1421 4
      vertex 20.3916 -14.9743 4
      vertex 19.6506 -11.0706 4
    endloop
  endfacet
  facet normal 0 0 1
    outer loop
      vertex 20.3916 -14.9743 4
      vertex 19.44 -11.1421 4
      vertex 20 -15 4
    endloop
  endfacet
  facet normal -0 0 1
    outer loop
      vertex 19.2219 -11.1855 4
      vertex 20 -15 4
      vertex 19.44 -11.1421 4
    endloop
  endfacet
  facet normal -0 0 1
    outer loop
      vertex 19 -11.2 4
      vertex 20 -15 4
      vertex 19.2219 -11.1855 4
    endloop
  endfacet
  facet normal 0 0 1
    outer loop
      vertex 18.7781 -11.1855 4
      vertex 20 -15 4
      vertex 19 -11.2 4
    endloop
  endfacet
  facet normal 0 0 1
    outer loop
      vertex 18.56 -11.1421 4
      vertex 20 -15 4
      vertex 18.7781 -11.1855 4
    endloop
  endfacet
  facet normal 0 0 1
    outer loop
      vertex 18.3494 -11.0706 4
      vertex 20 -15 4
      vertex 18.56 -11.1421 4
    endloop
  endfacet
  facet normal 0 0 1
    outer loop
      vertex 18.15 -10.9722 4
      vertex 20 -15 4
      vertex 18.3494 -11.0706 4
    endloop
  endfacet
  facet normal 0 0 1
    outer loop
      vertex 17.9651 -10.8487 4
      vertex 20 -15 4
      vertex 18.15 -10.9722 4
    endloop
  endfacet
  facet normal 0 0 1
    outer loop
      vertex 17.7979 -10.7021 4
      vertex 20 -15 4
      vertex 17.9651 -10.8487 4
    endloop
  endfacet
  facet normal 0 0 1
    outer loop
      vertex 17.6513 -10.5349 4
      vertex 20 -15 4
      vertex 17.7979 -10.7021 4
    endloop
  endfacet
  facet normal 0 0 1
    outer loop
      vertex 1.3487 -10.5349 4
      vertex 17.6513 -10.5349 4
      vertex 17.5278 -10.35 4
    endloop
  endfacet
  facet normal 0 0 1
    outer loop
      vertex 17.7979 -8.29792 4
      vertex 12.3284 -2.82843 4
      vertex 17.6513 -8.46511 4
    endloop
  endfacet
  facet normal -0 0 1
    outer loop
      vertex 11.935 -3.17341 4
      vertex 17.6513 -8.46511 4
      vertex 12.3284 -2.82843 4
    endloop
  endfacet
  facet normal 0 0 1
    outer loop
      vertex 17.6513 -8.46511 4
      vertex 11.935 -3.17341 4
      vertex 17.5278 -8.65 4
    endloop
  endfacet
  facet normal -0 0 1
    outer loop
      vertex 11.5 -3.4641 4
      vertex 17.5278 -8.65 4
      vertex 11.935 -3.17341 4
    endloop
  endfacet
  facet normal 0 0 1
    outer loop
      vertex 17.5278 -8.65 4
      vertex 11.5 -3.4641 4
      vertex 17.4294 -8.84944 4
    endloop
  endfacet
  facet normal 0 0 1
    outer loop
      vertex 17.4294 -8.84944 4
      vertex 11.5 -3.4641 4
      vertex 17.3579 -9.06001 4
    endloop
  endfacet
  facet normal -0 0 1
    outer loop
      vertex 11.0307 -3.69552 4
      vertex 17.3579 -9.06001 4
      vertex 11.5 -3.4641 4
    endloop
  endfacet
  facet normal 0 0 1
    outer loop
      vertex 17.3579 -9.06001 4
      vertex 11.0307 -3.69552 4
      vertex 17.3145 -9.2781 4
    endloop
  endfacet
  facet normal -0 0 1
    outer loop
      vertex 10.5353 -3.8637 4
      vertex 17.3145 -9.2781 4
      vertex 11.0307 -3.69552 4
    endloop
  endfacet
  facet normal 0 0 1
    outer loop
      vertex 17.3145 -9.2781 4
      vertex 10.5353 -3.8637 4
      vertex 17.3 -9.5 4
    endloop
  endfacet
  facet normal -0 0 1
    outer loop
      vertex 10.0221 -3.96578 4
      vertex 17.3 -9.5 4
      vertex 10.5353 -3.8637 4
    endloop
  endfacet
  facet normal 0 0 1
    outer loop
      vertex 17.3 -9.5 4
      vertex 10.0221 -3.96578 4
      vertex 17.3145 -9.72189 4
    endloop
  endfacet
  facet normal -0 0 1
    outer loop
      vertex 8 -4.5905 4
      vertex 17.3145 -9.72189 4
      vertex 10.0221 -3.96578 4
    endloop
  endfacet
  facet normal 0 0 1
    outer loop
      vertex 17.3145 -9.72189 4
      vertex 8 -4.5905 4
      vertex 17.3579 -9.93999 4
    endloop
  endfacet
  facet normal 0 0 1
    outer loop
      vertex 17.3579 -9.93999 4
      vertex 8 -4.5905 4
      vertex 17.4294 -10.1506 4
    endloop
  endfacet
  facet normal 0 0 1
    outer loop
      vertex 1.57059 -10.1506 4
      vertex 17.4294 -10.1506 4
      vertex 8 -4.5905 4
    endloop
  endfacet
  facet normal 0 0 1
    outer loop
      vertex 8 -4.5905 4
      vertex 10.0221 -3.96578 4
      vertex 9.5 -4 4
    endloop
  endfacet
  facet normal 0 0 1
    outer loop
      vertex 8 -4.5905 4
      vertex 9.5 -4 4
      vertex 8.97789 -3.96578 4
    endloop
  endfacet
  facet normal 0 0 1
    outer loop
      vertex 8 -4.5905 4
      vertex 8.97789 -3.96578 4
      vertex 8.46472 -3.8637 4
    endloop
  endfacet
  facet normal 0 0 1
    outer loop
      vertex 8 -4.5905 4
      vertex 8.46472 -3.8637 4
      vertex 8 -3.70595 4
    endloop
  endfacet
  facet normal 0 0 1
    outer loop
      vertex 17.4294 -10.1506 4
      vertex 1.57059 -10.1506 4
      vertex 17.5278 -10.35 4
    endloop
  endfacet
  facet normal 0 0 1
    outer loop
      vertex 1.68546 -9.72189 4
      vertex 8 -4.5905 4
      vertex 1.7 -9.5 4
    endloop
  endfacet
  facet normal 0 0 1
    outer loop
      vertex 1.64207 -9.93999 4
      vertex 8 -4.5905 4
      vertex 1.68546 -9.72189 4
    endloop
  endfacet
  facet normal 0 0 1
    outer loop
      vertex 1.57059 -10.1506 4
      vertex 8 -4.5905 4
      vertex 1.64207 -9.93999 4
    endloop
  endfacet
  facet normal 0 0 1
    outer loop
      vertex 1.47224 -10.35 4
      vertex 17.5278 -10.35 4
      vertex 1.57059 -10.1506 4
    endloop
  endfacet
  facet normal 0 0 1
    outer loop
      vertex 1.3487 -10.5349 4
      vertex 17.5278 -10.35 4
      vertex 1.47224 -10.35 4
    endloop
  endfacet
  facet normal 0 0 1
    outer loop
      vertex 17.6513 -10.5349 4
      vertex 1.3487 -10.5349 4
      vertex 20 -15 4
    endloop
  endfacet
  facet normal -0 0 1
    outer loop
      vertex 1.20208 -10.7021 4
      vertex 20 -15 4
      vertex 1.3487 -10.5349 4
    endloop
  endfacet
  facet normal -0 0 1
    outer loop
      vertex 1.03489 -10.8487 4
      vertex 20 -15 4
      vertex 1.20208 -10.7021 4
    endloop
  endfacet
  facet normal -0 0 1
    outer loop
      vertex 0.849999 -10.9722 4
      vertex 20 -15 4
      vertex 1.03489 -10.8487 4
    endloop
  endfacet
  facet normal -0 0 1
    outer loop
      vertex 0.650561 -11.0706 4
      vertex 20 -15 4
      vertex 0.849999 -10.9722 4
    endloop
  endfacet
  facet normal -0 0 1
    outer loop
      vertex 0.439992 -11.1421 4
      vertex 20 -15 4
      vertex 0.650561 -11.0706 4
    endloop
  endfacet
  facet normal -0 0 1
    outer loop
      vertex 0.221894 -11.1855 4
      vertex 20 -15 4
      vertex 0.439992 -11.1421 4
    endloop
  endfacet
  facet normal -0 0 1
    outer loop
      vertex 0 -11.2 4
      vertex 20 -15 4
      vertex 0.221894 -11.1855 4
    endloop
  endfacet
  facet normal 0 0 1
    outer loop
      vertex -20 -15 4
      vertex 0 -11.2 4
      vertex -0.221894 -11.1855 4
    endloop
  endfacet
  facet normal -0 0 1
    outer loop
      vertex -6.81027 -9.45663 4
      vertex -1.7 -9.5 4
      vertex -6.8 -9.3 4
    endloop
  endfacet
  facet normal 0 0 1
    outer loop
      vertex -1.7 -9.5 4
      vertex -6.81027 -9.45663 4
      vertex -1.68546 -9.72189 4
    endloop
  endfacet
  facet normal -0 0 1
    outer loop
      vertex -6.84089 -9.61058 4
      vertex -1.68546 -9.72189 4
      vertex -6.81027 -9.45663 4
    endloop
  endfacet
  facet normal 0 0 1
    outer loop
      vertex -1.68546 -9.72189 4
      vertex -6.84089 -9.61058 4
      vertex -1.64207 -9.93999 4
    endloop
  endfacet
  facet normal -0 0 1
    outer loop
      vertex -6.89134 -9.75922 4
      vertex -1.64207 -9.93999 4
      vertex -6.84089 -9.61058 4
    endloop
  endfacet
  facet normal 0 0 1
    outer loop
      vertex -1.64207 -9.93999 4
      vertex -6.89134 -9.75922 4
      vertex -1.57059 -10.1506 4
    endloop
  endfacet
  facet normal -0 0 1
    outer loop
      vertex -6.96077 -9.9 4
      vertex -1.57059 -10.1506 4
      vertex -6.89134 -9.75922 4
    endloop
  endfacet
  facet normal 0 0 1
    outer loop
      vertex -1.57059 -10.1506 4
      vertex -6.96077 -9.9 4
      vertex -1.47224 -10.35 4
    endloop
  endfacet
  facet normal -0 0 1
    outer loop
      vertex -7.04798 -10.0305 4
      vertex -1.47224 -10.35 4
      vertex -6.96077 -9.9 4
    endloop
  endfacet
  facet normal 0 0 1
    outer loop
      vertex -1.47224 -10.35 4
      vertex -7.04798 -10.0305 4
      vertex -1.3487 -10.5349 4
    endloop
  endfacet
  facet normal -0 0 1
    outer loop
      vertex -7.15147 -10.1485 4
      vertex -1.3487 -10.5349 4
      vertex -7.04798 -10.0305 4
    endloop
  endfacet
  facet normal 0 0 1
    outer loop
      vertex -1.3487 -10.5349 4
      vertex -7.15147 -10.1485 4
      vertex -1.20208 -10.7021 4
    endloop
  endfacet
  facet normal -0 0 1
    outer loop
      vertex -7.26949 -10.252 4
      vertex -1.20208 -10.7021 4
      vertex -7.15147 -10.1485 4
    endloop
  endfacet
  facet normal -0 0 1
    outer loop
      vertex -7.4 -10.3392 4
      vertex -1.20208 -10.7021 4
      vertex -7.26949 -10.252 4
    endloop
  endfacet
  facet normal 0 0 1
    outer loop
      vertex -1.20208 -10.7021 4
      vertex -7.4 -10.3392 4
      vertex -1.03489 -10.8487 4
    endloop
  endfacet
  facet normal -0 0 1
    outer loop
      vertex -7.54078 -10.4087 4
      vertex -1.03489 -10.8487 4
      vertex -7.4 -10.3392 4
    endloop
  endfacet
  facet normal 0 0 1
    outer loop
      vertex -1.03489 -10.8487 4
      vertex -7.54078 -10.4087 4
      vertex -0.849999 -10.9722 4
    endloop
  endfacet
  facet normal -0 0 1
    outer loop
      vertex -7.68942 -10.4591 4
      vertex -0.849999 -10.9722 4
      vertex -7.54078 -10.4087 4
    endloop
  endfacet
  facet normal 0 0 1
    outer loop
      vertex -0.849999 -10.9722 4
      vertex -7.68942 -10.4591 4
      vertex -0.650561 -11.0706 4
    endloop
  endfacet
  facet normal -0 0 1
    outer loop
      vertex -7.84337 -10.4897 4
      vertex -0.650561 -11.0706 4
      vertex -7.68942 -10.4591 4
    endloop
  endfacet
  facet normal 0 0 1
    outer loop
      vertex -0.650561 -11.0706 4
      vertex -7.84337 -10.4897 4
      vertex -0.439992 -11.1421 4
    endloop
  endfacet
  facet normal 0 0 1
    outer loop
      vertex -20 -15 4
      vertex -0.439992 -11.1421 4
      vertex -7.84337 -10.4897 4
    endloop
  endfacet
  facet normal 0 0 1
    outer loop
      vertex -0.439992 -11.1421 4
      vertex -20 -15 4
      vertex -0.221894 -11.1855 4
    endloop
  endfacet
  facet normal 0 0 1
    outer loop
      vertex -20 -15 4
      vertex -7.84337 -10.4897 4
      vertex -8 -10.5 4
    endloop
  endfacet
  facet normal 0 0 1
    outer loop
      vertex -20 -15 4
      vertex -8 -10.5 4
      vertex -8.15663 -10.4897 4
    endloop
  endfacet
  facet normal 0 0 1
    outer loop
      vertex 0 -11.2 4
      vertex -20 -15 4
      vertex 20 -15 4
    endloop
  endfacet
  facet normal 0 0 1
    outer loop
      vertex -8.31058 -10.4591 4
      vertex -20 -15 4
      vertex -8.15663 -10.4897 4
    endloop
  endfacet
  facet normal 0 0 1
    outer loop
      vertex -8.45922 -10.4087 4
      vertex -20 -15 4
      vertex -8.31058 -10.4591 4
    endloop
  endfacet
  facet normal 0 0 1
    outer loop
      vertex -8.6 -10.3392 4
      vertex -20 -15 4
      vertex -8.45922 -10.4087 4
    endloop
  endfacet
  facet normal 0 0 1
    outer loop
      vertex -8.73051 -10.252 4
      vertex -20 -15 4
      vertex -8.6 -10.3392 4
    endloop
  endfacet
  facet normal 0 0 1
    outer loop
      vertex -8.84853 -10.1485 4
      vertex -20 -15 4
      vertex -8.73051 -10.252 4
    endloop
  endfacet
  facet normal 0 0 1
    outer loop
      vertex -8.95202 -10.0305 4
      vertex -20 -15 4
      vertex -8.84853 -10.1485 4
    endloop
  endfacet
  facet normal 0 0 1
    outer loop
      vertex -9.03923 -9.9 4
      vertex -20 -15 4
      vertex -8.95202 -10.0305 4
    endloop
  endfacet
  facet normal 0 0 1
    outer loop
      vertex -9.10865 -9.75922 4
      vertex -20 -15 4
      vertex -9.03923 -9.9 4
    endloop
  endfacet
  facet normal 0 0 1
    outer loop
      vertex -9.15911 -9.61058 4
      vertex -20 -15 4
      vertex -9.10865 -9.75922 4
    endloop
  endfacet
  facet normal 0 0 1
    outer loop
      vertex -9.18973 -9.45663 4
      vertex -20 -15 4
      vertex -9.15911 -9.61058 4
    endloop
  endfacet
  facet normal 0 0 1
    outer loop
      vertex -20 -15 4
      vertex -9.18973 -9.45663 4
      vertex -9.2 -9.3 4
    endloop
  endfacet
  facet normal 0 0 1
    outer loop
      vertex 8.46472 3.8637 4
      vertex 8 4.5905 4
      vertex 8 3.70595 4
    endloop
  endfacet
  facet normal -0 0 1
    outer loop
      vertex 1.68546 9.2781 4
      vertex 8 4.5905 4
      vertex 1.7 9.5 4
    endloop
  endfacet
  facet normal -0 0 1
    outer loop
      vertex 1.64207 9.06001 4
      vertex 8 4.5905 4
      vertex 1.68546 9.2781 4
    endloop
  endfacet
  facet normal -0 0 1
    outer loop
      vertex 1.57059 8.84944 4
      vertex 8 4.5905 4
      vertex 1.64207 9.06001 4
    endloop
  endfacet
  facet normal -0 0 1
    outer loop
      vertex 1.47224 8.65 4
      vertex 8 4.5905 4
      vertex 1.57059 8.84944 4
    endloop
  endfacet
  facet normal -0 0 1
    outer loop
      vertex 1.3487 8.46511 4
      vertex 8 4.5905 4
      vertex 1.47224 8.65 4
    endloop
  endfacet
  facet normal -0 0 1
    outer loop
      vertex 1.20208 8.29792 4
      vertex 8 4.5905 4
      vertex 1.3487 8.46511 4
    endloop
  endfacet
  facet normal -0 0 1
    outer loop
      vertex 1.03489 8.1513 4
      vertex 8 4.5905 4
      vertex 1.20208 8.29792 4
    endloop
  endfacet
  facet normal -0 0 1
    outer loop
      vertex 0.849999 8.02776 4
      vertex 8 4.5905 4
      vertex 1.03489 8.1513 4
    endloop
  endfacet
  facet normal -0 0 1
    outer loop
      vertex 0.650561 7.9294 4
      vertex 8 4.5905 4
      vertex 0.849999 8.02776 4
    endloop
  endfacet
  facet normal -0 0 1
    outer loop
      vertex 0.439992 7.85793 4
      vertex 8 4.5905 4
      vertex 0.650561 7.9294 4
    endloop
  endfacet
  facet normal -0 0 1
    outer loop
      vertex 0.221894 7.81454 4
      vertex 8 4.5905 4
      vertex 0.439992 7.85793 4
    endloop
  endfacet
  facet normal -0 0 1
    outer loop
      vertex 0 7.8 4
      vertex 8 4.5905 4
      vertex 0.221894 7.81454 4
    endloop
  endfacet
  facet normal 0 0 1
    outer loop
      vertex -0.221894 7.81454 4
      vertex 8 4.5905 4
      vertex 0 7.8 4
    endloop
  endfacet
  facet normal 0 0 1
    outer loop
      vertex -0.439992 7.85793 4
      vertex 8 4.5905 4
      vertex -0.221894 7.81454 4
    endloop
  endfacet
  facet normal 0 0 1
    outer loop
      vertex -7.68942 8.14089 4
      vertex -0.439992 7.85793 4
      vertex -0.650561 7.9294 4
    endloop
  endfacet
  facet normal -0 0 1
    outer loop
      vertex -6.8 9.3 4
      vertex -1.68546 9.2781 4
      vertex -1.7 9.5 4
    endloop
  endfacet
  facet normal 0 0 1
    outer loop
      vertex -6.81027 9.14337 4
      vertex -1.68546 9.2781 4
      vertex -6.8 9.3 4
    endloop
  endfacet
  facet normal 0 0 1
    outer loop
      vertex -1.68546 9.2781 4
      vertex -6.81027 9.14337 4
      vertex -1.64207 9.06001 4
    endloop
  endfacet
  facet normal 0 0 1
    outer loop
      vertex -6.84089 8.98942 4
      vertex -1.64207 9.06001 4
      vertex -6.81027 9.14337 4
    endloop
  endfacet
  facet normal 0 0 1
    outer loop
      vertex -1.64207 9.06001 4
      vertex -6.84089 8.98942 4
      vertex -1.57059 8.84944 4
    endloop
  endfacet
  facet normal 0 0 1
    outer loop
      vertex -6.89134 8.84078 4
      vertex -1.57059 8.84944 4
      vertex -6.84089 8.98942 4
    endloop
  endfacet
  facet normal 0 0 1
    outer loop
      vertex -1.57059 8.84944 4
      vertex -6.89134 8.84078 4
      vertex -1.47224 8.65 4
    endloop
  endfacet
  facet normal -0 0 1
    outer loop
      vertex -6.96077 8.7 4
      vertex -1.47224 8.65 4
      vertex -6.89134 8.84078 4
    endloop
  endfacet
  facet normal 0 0 1
    outer loop
      vertex -7.04798 8.56949 4
      vertex -1.47224 8.65 4
      vertex -6.96077 8.7 4
    endloop
  endfacet
  facet normal 0 0 1
    outer loop
      vertex -1.47224 8.65 4
      vertex -7.04798 8.56949 4
      vertex -1.3487 8.46511 4
    endloop
  endfacet
  facet normal 0 0 1
    outer loop
      vertex -7.15147 8.45147 4
      vertex -1.3487 8.46511 4
      vertex -7.04798 8.56949 4
    endloop
  endfacet
  facet normal 0 0 1
    outer loop
      vertex -1.3487 8.46511 4
      vertex -7.15147 8.45147 4
      vertex -1.20208 8.29792 4
    endloop
  endfacet
  facet normal -0 0 1
    outer loop
      vertex -7.26949 8.34798 4
      vertex -1.20208 8.29792 4
      vertex -7.15147 8.45147 4
    endloop
  endfacet
  facet normal 0 0 1
    outer loop
      vertex -1.20208 8.29792 4
      vertex -7.26949 8.34798 4
      vertex -1.03489 8.1513 4
    endloop
  endfacet
  facet normal -0 0 1
    outer loop
      vertex -7.4 8.26077 4
      vertex -1.03489 8.1513 4
      vertex -7.26949 8.34798 4
    endloop
  endfacet
  facet normal 0 0 1
    outer loop
      vertex -1.03489 8.1513 4
      vertex -7.4 8.26077 4
      vertex -0.849999 8.02776 4
    endloop
  endfacet
  facet normal -0 0 1
    outer loop
      vertex -7.54078 8.19134 4
      vertex -0.849999 8.02776 4
      vertex -7.4 8.26077 4
    endloop
  endfacet
  facet normal 0 0 1
    outer loop
      vertex -0.849999 8.02776 4
      vertex -7.54078 8.19134 4
      vertex -0.650561 7.9294 4
    endloop
  endfacet
  facet normal -0 0 1
    outer loop
      vertex -7.68942 8.14089 4
      vertex -0.650561 7.9294 4
      vertex -7.54078 8.19134 4
    endloop
  endfacet
  facet normal 0 0 1
    outer loop
      vertex -0.439992 7.85793 4
      vertex -7.68942 8.14089 4
      vertex -7.84337 8.11027 4
    endloop
  endfacet
  facet normal 0 0 1
    outer loop
      vertex -0.439992 7.85793 4
      vertex -7.84337 8.11027 4
      vertex 8 4.5905 4
    endloop
  endfacet
  facet normal -0 0 1
    outer loop
      vertex -8 8.1 4
      vertex 8 4.5905 4
      vertex -7.84337 8.11027 4
    endloop
  endfacet
  facet normal 0 0 1
    outer loop
      vertex -23 4.5905 4
      vertex -8 8.1 4
      vertex -8.15663 8.11027 4
    endloop
  endfacet
  facet normal 0 0 1
    outer loop
      vertex -23 4.5905 4
      vertex -8.15663 8.11027 4
      vertex -8.31058 8.14089 4
    endloop
  endfacet
  facet normal 0 0 1
    outer loop
      vertex -20 15 4
      vertex -9.18973 9.14337 4
      vertex -9.2 9.3 4
    endloop
  endfacet
  facet normal -0 0 1
    outer loop
      vertex -23 12 4
      vertex -9.18973 9.14337 4
      vertex -20 15 4
    endloop
  endfacet
  facet normal 0 0 1
    outer loop
      vertex -23 4.5905 4
      vertex -9.18973 9.14337 4
      vertex -23 12 4
    endloop
  endfacet
  facet normal 0 0 1
    outer loop
      vertex -9.18973 9.14337 4
      vertex -23 4.5905 4
      vertex -9.15911 8.98942 4
    endloop
  endfacet
  facet normal 0 0 1
    outer loop
      vertex -9.15911 8.98942 4
      vertex -23 4.5905 4
      vertex -9.10865 8.84078 4
    endloop
  endfacet
  facet normal 0 0 1
    outer loop
      vertex -9.10865 8.84078 4
      vertex -23 4.5905 4
      vertex -9.03923 8.7 4
    endloop
  endfacet
  facet normal 0 0 1
    outer loop
      vertex -9.03923 8.7 4
      vertex -23 4.5905 4
      vertex -8.95202 8.56949 4
    endloop
  endfacet
  facet normal 0 0 1
    outer loop
      vertex -8.95202 8.56949 4
      vertex -23 4.5905 4
      vertex -8.84853 8.45147 4
    endloop
  endfacet
  facet normal 0 0 1
    outer loop
      vertex -23 12 4
      vertex -20 15 4
      vertex -20.3916 14.9743 4
    endloop
  endfacet
  facet normal 0 0 1
    outer loop
      vertex -23 12 4
      vertex -20.3916 14.9743 4
      vertex -20.7765 14.8978 4
    endloop
  endfacet
  facet normal 0 0 1
    outer loop
      vertex -23 12 4
      vertex -20.7765 14.8978 4
      vertex -21.148 14.7716 4
    endloop
  endfacet
  facet normal 0 0 1
    outer loop
      vertex -23 12 4
      vertex -21.148 14.7716 4
      vertex -21.5 14.5981 4
    endloop
  endfacet
  facet normal 0 0 1
    outer loop
      vertex -8.84853 8.45147 4
      vertex -23 4.5905 4
      vertex -8.73051 8.34798 4
    endloop
  endfacet
  facet normal 0 0 1
    outer loop
      vertex -23 12 4
      vertex -21.5 14.5981 4
      vertex -21.8263 14.3801 4
    endloop
  endfacet
  facet normal 0 0 1
    outer loop
      vertex -23 12 4
      vertex -21.8263 14.3801 4
      vertex -22.1213 14.1213 4
    endloop
  endfacet
  facet normal 0 0 1
    outer loop
      vertex -23 12 4
      vertex -22.1213 14.1213 4
      vertex -22.3801 13.8263 4
    endloop
  endfacet
  facet normal 0 0 1
    outer loop
      vertex -23 12 4
      vertex -22.3801 13.8263 4
      vertex -22.5981 13.5 4
    endloop
  endfacet
  facet normal 0 0 1
    outer loop
      vertex -23 12 4
      vertex -22.5981 13.5 4
      vertex -22.7716 13.148 4
    endloop
  endfacet
  facet normal 0 0 1
    outer loop
      vertex -23 12 4
      vertex -22.7716 13.148 4
      vertex -22.8978 12.7765 4
    endloop
  endfacet
  facet normal 0 0 1
    outer loop
      vertex -8.73051 8.34798 4
      vertex -23 4.5905 4
      vertex -8.6 8.26077 4
    endloop
  endfacet
  facet normal 0 0 1
    outer loop
      vertex -23 12 4
      vertex -22.8978 12.7765 4
      vertex -22.9743 12.3916 4
    endloop
  endfacet
  facet normal 0 0 1
    outer loop
      vertex -8.6 8.26077 4
      vertex -23 4.5905 4
      vertex -8.45922 8.19134 4
    endloop
  endfacet
  facet normal 0 0 1
    outer loop
      vertex -8 8.1 4
      vertex -23 4.5905 4
      vertex 8 4.5905 4
    endloop
  endfacet
  facet normal 0 0 1
    outer loop
      vertex -8.45922 8.19134 4
      vertex -23 4.5905 4
      vertex -8.31058 8.14089 4
    endloop
  endfacet
  facet normal -0.751724 -0.659478 0
    outer loop
      vertex -22.1213 -14.1213 0
      vertex -22.3801 -13.8263 4
      vertex -22.3801 -13.8263 0
    endloop
  endfacet
  facet normal -0.751724 -0.659478 0
    outer loop
      vertex -22.3801 -13.8263 4
      vertex -22.1213 -14.1213 0
      vertex -22.1213 -14.1213 4
    endloop
  endfacet
  facet normal 0.44211 0.896961 -0
    outer loop
      vertex 21.5 14.5981 0
      vertex 21.148 14.7716 4
      vertex 21.5 14.5981 4
    endloop
  endfacet
  facet normal 0.44211 0.896961 0
    outer loop
      vertex 21.148 14.7716 4
      vertex 21.5 14.5981 0
      vertex 21.148 14.7716 0
    endloop
  endfacet
  facet normal -0.659478 -0.751724 0
    outer loop
      vertex -22.1213 -14.1213 0
      vertex -21.8263 -14.3801 4
      vertex -22.1213 -14.1213 4
    endloop
  endfacet
  facet normal -0.659478 -0.751724 -0
    outer loop
      vertex -21.8263 -14.3801 4
      vertex -22.1213 -14.1213 0
      vertex -21.8263 -14.3801 0
    endloop
  endfacet
  facet normal 0.831501 -0.555523 0
    outer loop
      vertex 22.3801 -13.8263 4
      vertex 22.5981 -13.5 0
      vertex 22.5981 -13.5 4
    endloop
  endfacet
  facet normal 0.831501 -0.555523 0
    outer loop
      vertex 22.5981 -13.5 0
      vertex 22.3801 -13.8263 4
      vertex 22.3801 -13.8263 0
    endloop
  endfacet
  facet normal 0.997853 -0.0654873 0
    outer loop
      vertex 22.9743 -12.3916 4
      vertex 23 -12 0
      vertex 23 -12 4
    endloop
  endfacet
  facet normal 0.997853 -0.0654873 0
    outer loop
      vertex 23 -12 0
      vertex 22.9743 -12.3916 4
      vertex 22.9743 -12.3916 0
    endloop
  endfacet
  facet normal -0.831501 -0.555523 0
    outer loop
      vertex -22.3801 -13.8263 0
      vertex -22.5981 -13.5 4
      vertex -22.5981 -13.5 0
    endloop
  endfacet
  facet normal -0.831501 -0.555523 0
    outer loop
      vertex -22.5981 -13.5 4
      vertex -22.3801 -13.8263 0
      vertex -22.3801 -13.8263 4
    endloop
  endfacet
  facet normal 0.555523 -0.831501 0
    outer loop
      vertex 21.5 -14.5981 0
      vertex 21.8263 -14.3801 4
      vertex 21.5 -14.5981 4
    endloop
  endfacet
  facet normal 0.555523 -0.831501 0
    outer loop
      vertex 21.8263 -14.3801 4
      vertex 21.5 -14.5981 0
      vertex 21.8263 -14.3801 0
    endloop
  endfacet
  facet normal -0.0654873 -0.997853 0
    outer loop
      vertex -20.3916 -14.9743 0
      vertex -20 -15 4
      vertex -20.3916 -14.9743 4
    endloop
  endfacet
  facet normal -0.0654873 -0.997853 -0
    outer loop
      vertex -20 -15 4
      vertex -20.3916 -14.9743 0
      vertex -20 -15 0
    endloop
  endfacet
  facet normal -0.896961 -0.44211 0
    outer loop
      vertex -22.5981 -13.5 0
      vertex -22.7716 -13.148 4
      vertex -22.7716 -13.148 0
    endloop
  endfacet
  facet normal -0.896961 -0.44211 0
    outer loop
      vertex -22.7716 -13.148 4
      vertex -22.5981 -13.5 0
      vertex -22.5981 -13.5 4
    endloop
  endfacet
  facet normal 0.980815 -0.19494 0
    outer loop
      vertex 22.8978 -12.7765 4
      vertex 22.9743 -12.3916 0
      vertex 22.9743 -12.3916 4
    endloop
  endfacet
  facet normal 0.980815 -0.19494 0
    outer loop
      vertex 22.9743 -12.3916 0
      vertex 22.8978 -12.7765 4
      vertex 22.8978 -12.7765 0
    endloop
  endfacet
  facet normal -0.659478 0.751724 0
    outer loop
      vertex -21.8263 14.3801 0
      vertex -22.1213 14.1213 4
      vertex -21.8263 14.3801 4
    endloop
  endfacet
  facet normal -0.659478 0.751724 0
    outer loop
      vertex -22.1213 14.1213 4
      vertex -21.8263 14.3801 0
      vertex -22.1213 14.1213 0
    endloop
  endfacet
  facet normal -0.997853 -0.0654873 0
    outer loop
      vertex -22.9743 -12.3916 0
      vertex -23 -12 4
      vertex -23 -12 0
    endloop
  endfacet
  facet normal -0.997853 -0.0654873 0
    outer loop
      vertex -23 -12 4
      vertex -22.9743 -12.3916 0
      vertex -22.9743 -12.3916 4
    endloop
  endfacet
  facet normal 0.44211 -0.896961 0
    outer loop
      vertex 21.148 -14.7716 0
      vertex 21.5 -14.5981 4
      vertex 21.148 -14.7716 4
    endloop
  endfacet
  facet normal 0.44211 -0.896961 0
    outer loop
      vertex 21.5 -14.5981 4
      vertex 21.148 -14.7716 0
      vertex 21.5 -14.5981 0
    endloop
  endfacet
  facet normal -0.44211 0.896961 0
    outer loop
      vertex -21.148 14.7716 0
      vertex -21.5 14.5981 4
      vertex -21.148 14.7716 4
    endloop
  endfacet
  facet normal -0.44211 0.896961 0
    outer loop
      vertex -21.5 14.5981 4
      vertex -21.148 14.7716 0
      vertex -21.5 14.5981 0
    endloop
  endfacet
  facet normal -0.19494 -0.980815 0
    outer loop
      vertex -20.7765 -14.8978 0
      vertex -20.3916 -14.9743 4
      vertex -20.7765 -14.8978 4
    endloop
  endfacet
  facet normal -0.19494 -0.980815 -0
    outer loop
      vertex -20.3916 -14.9743 4
      vertex -20.7765 -14.8978 0
      vertex -20.3916 -14.9743 0
    endloop
  endfacet
  facet normal -0.321651 0.946858 0
    outer loop
      vertex -20.7765 14.8978 0
      vertex -21.148 14.7716 4
      vertex -20.7765 14.8978 4
    endloop
  endfacet
  facet normal -0.321651 0.946858 0
    outer loop
      vertex -21.148 14.7716 4
      vertex -20.7765 14.8978 0
      vertex -21.148 14.7716 0
    endloop
  endfacet
  facet normal 0.0654873 0.997853 -0
    outer loop
      vertex 20.3916 14.9743 0
      vertex 20 15 4
      vertex 20.3916 14.9743 4
    endloop
  endfacet
  facet normal 0.0654873 0.997853 0
    outer loop
      vertex 20 15 4
      vertex 20.3916 14.9743 0
      vertex 20 15 0
    endloop
  endfacet
  facet normal 0.555523 0.831501 -0
    outer loop
      vertex 21.8263 14.3801 0
      vertex 21.5 14.5981 4
      vertex 21.8263 14.3801 4
    endloop
  endfacet
  facet normal 0.555523 0.831501 0
    outer loop
      vertex 21.5 14.5981 4
      vertex 21.8263 14.3801 0
      vertex 21.5 14.5981 0
    endloop
  endfacet
  facet normal -0.896961 0.44211 0
    outer loop
      vertex -22.7716 13.148 0
      vertex -22.5981 13.5 4
      vertex -22.5981 13.5 0
    endloop
  endfacet
  facet normal -0.896961 0.44211 0
    outer loop
      vertex -22.5981 13.5 4
      vertex -22.7716 13.148 0
      vertex -22.7716 13.148 4
    endloop
  endfacet
  facet normal 0.0654873 -0.997853 0
    outer loop
      vertex 20 -15 0
      vertex 20.3916 -14.9743 4
      vertex 20 -15 4
    endloop
  endfacet
  facet normal 0.0654873 -0.997853 0
    outer loop
      vertex 20.3916 -14.9743 4
      vertex 20 -15 0
      vertex 20.3916 -14.9743 0
    endloop
  endfacet
  facet normal 0.946858 -0.321651 0
    outer loop
      vertex 22.7716 -13.148 4
      vertex 22.8978 -12.7765 0
      vertex 22.8978 -12.7765 4
    endloop
  endfacet
  facet normal 0.946858 -0.321651 0
    outer loop
      vertex 22.8978 -12.7765 0
      vertex 22.7716 -13.148 4
      vertex 22.7716 -13.148 0
    endloop
  endfacet
  facet normal 0.321651 -0.946858 0
    outer loop
      vertex 20.7765 -14.8978 0
      vertex 21.148 -14.7716 4
      vertex 20.7765 -14.8978 4
    endloop
  endfacet
  facet normal 0.321651 -0.946858 0
    outer loop
      vertex 21.148 -14.7716 4
      vertex 20.7765 -14.8978 0
      vertex 21.148 -14.7716 0
    endloop
  endfacet
  facet normal 0.659478 0.751724 -0
    outer loop
      vertex 22.1213 14.1213 0
      vertex 21.8263 14.3801 4
      vertex 22.1213 14.1213 4
    endloop
  endfacet
  facet normal 0.659478 0.751724 0
    outer loop
      vertex 21.8263 14.3801 4
      vertex 22.1213 14.1213 0
      vertex 21.8263 14.3801 0
    endloop
  endfacet
  facet normal 0 0 -1
    outer loop
      vertex -7.15147 -8.45147 0
      vertex -1.3487 -8.46511 0
      vertex -7.04798 -8.56949 0
    endloop
  endfacet
  facet normal 0 0 -1
    outer loop
      vertex -0.849999 8.02776 0
      vertex -6.81027 9.14337 0
      vertex -6.8 9.3 0
    endloop
  endfacet
  facet normal 0 0 -1
    outer loop
      vertex -1.3487 -8.46511 0
      vertex -7.15147 -8.45147 0
      vertex -1.20208 -8.29792 0
    endloop
  endfacet
  facet normal 0 0 -1
    outer loop
      vertex -0.849999 8.02776 0
      vertex -6.84089 8.98942 0
      vertex -6.81027 9.14337 0
    endloop
  endfacet
  facet normal 0 0 -1
    outer loop
      vertex -7.26949 -8.34798 0
      vertex -1.20208 -8.29792 0
      vertex -7.15147 -8.45147 0
    endloop
  endfacet
  facet normal 0 0 -1
    outer loop
      vertex -0.849999 8.02776 0
      vertex -6.89134 8.84078 0
      vertex -6.84089 8.98942 0
    endloop
  endfacet
  facet normal -0 0 -1
    outer loop
      vertex -1.20208 -8.29792 0
      vertex -7.26949 -8.34798 0
      vertex -1.03489 -8.1513 0
    endloop
  endfacet
  facet normal 0 0 -1
    outer loop
      vertex -0.849999 8.02776 0
      vertex -6.96077 8.7 0
      vertex -6.89134 8.84078 0
    endloop
  endfacet
  facet normal 0 0 -1
    outer loop
      vertex -7.4 -8.26077 0
      vertex -1.03489 -8.1513 0
      vertex -7.26949 -8.34798 0
    endloop
  endfacet
  facet normal 0 0 -1
    outer loop
      vertex -0.849999 8.02776 0
      vertex -7.04798 8.56949 0
      vertex -6.96077 8.7 0
    endloop
  endfacet
  facet normal -0 0 -1
    outer loop
      vertex -1.03489 -8.1513 0
      vertex -7.4 -8.26077 0
      vertex -0.849999 -8.02776 0
    endloop
  endfacet
  facet normal 0 0 -1
    outer loop
      vertex -0.849999 8.02776 0
      vertex -7.15147 8.45147 0
      vertex -7.04798 8.56949 0
    endloop
  endfacet
  facet normal 0 0 -1
    outer loop
      vertex -7.54078 -8.19134 0
      vertex -0.849999 -8.02776 0
      vertex -7.4 -8.26077 0
    endloop
  endfacet
  facet normal 0 0 -1
    outer loop
      vertex -0.849999 8.02776 0
      vertex -7.26949 8.34798 0
      vertex -7.15147 8.45147 0
    endloop
  endfacet
  facet normal -0 0 -1
    outer loop
      vertex -0.849999 -8.02776 0
      vertex -7.54078 -8.19134 0
      vertex -0.849999 8.02776 0
    endloop
  endfacet
  facet normal 0 0 -1
    outer loop
      vertex -0.849999 8.02776 0
      vertex -7.4 8.26077 0
      vertex -7.26949 8.34798 0
    endloop
  endfacet
  facet normal 0 0 -1
    outer loop
      vertex -7.54078 8.19134 0
      vertex -0.849999 8.02776 0
      vertex -7.54078 -8.19134 0
    endloop
  endfacet
  facet normal 0 0 -1
    outer loop
      vertex -0.849999 8.02776 0
      vertex -7.54078 8.19134 0
      vertex -7.4 8.26077 0
    endloop
  endfacet
  facet normal 0 0 -1
    outer loop
      vertex -7.68942 -8.14089 0
      vertex -7.54078 8.19134 0
      vertex -7.54078 -8.19134 0
    endloop
  endfacet
  facet normal 0 0 -1
    outer loop
      vertex -7.68942 -8.14089 0
      vertex -7.68942 8.14089 0
      vertex -7.54078 8.19134 0
    endloop
  endfacet
  facet normal 0 0 -1
    outer loop
      vertex -7.84337 -8.11027 0
      vertex -7.68942 8.14089 0
      vertex -7.68942 -8.14089 0
    endloop
  endfacet
  facet normal 0 0 -1
    outer loop
      vertex -7.84337 -8.11027 0
      vertex -7.84337 8.11027 0
      vertex -7.68942 8.14089 0
    endloop
  endfacet
  facet normal 0 0 -1
    outer loop
      vertex -8 -8.1 0
      vertex -7.84337 8.11027 0
      vertex -7.84337 -8.11027 0
    endloop
  endfacet
  facet normal 0 0 -1
    outer loop
      vertex -8 -8.1 0
      vertex -8 8.1 0
      vertex -7.84337 8.11027 0
    endloop
  endfacet
  facet normal 0 0 -1
    outer loop
      vertex -8.15663 -8.11027 0
      vertex -8 8.1 0
      vertex -8 -8.1 0
    endloop
  endfacet
  facet normal 0 0 -1
    outer loop
      vertex -8.15663 -8.11027 0
      vertex -8.15663 8.11027 0
      vertex -8 8.1 0
    endloop
  endfacet
  facet normal 0 0 -1
    outer loop
      vertex -8.31058 -8.14089 0
      vertex -8.15663 8.11027 0
      vertex -8.15663 -8.11027 0
    endloop
  endfacet
  facet normal 0 0 -1
    outer loop
      vertex -8.31058 -8.14089 0
      vertex -8.31058 8.14089 0
      vertex -8.15663 8.11027 0
    endloop
  endfacet
  facet normal 0 0 -1
    outer loop
      vertex -8.45922 -8.19134 0
      vertex -8.31058 8.14089 0
      vertex -8.31058 -8.14089 0
    endloop
  endfacet
  facet normal 0 0 -1
    outer loop
      vertex -8.45922 -8.19134 0
      vertex -8.45922 8.19134 0
      vertex -8.31058 8.14089 0
    endloop
  endfacet
  facet normal 0 0 -1
    outer loop
      vertex -8.6 -8.26077 0
      vertex -8.45922 8.19134 0
      vertex -8.45922 -8.19134 0
    endloop
  endfacet
  facet normal 0 0 -1
    outer loop
      vertex -8.6 -8.26077 0
      vertex -8.6 8.26077 0
      vertex -8.45922 8.19134 0
    endloop
  endfacet
  facet normal 0 0 -1
    outer loop
      vertex -8.73051 -8.34798 0
      vertex -8.6 8.26077 0
      vertex -8.6 -8.26077 0
    endloop
  endfacet
  facet normal 0 0 -1
    outer loop
      vertex -8.73051 -8.34798 0
      vertex -8.73051 8.34798 0
      vertex -8.6 8.26077 0
    endloop
  endfacet
  facet normal 0 0 -1
    outer loop
      vertex -8.84853 -8.45147 0
      vertex -8.73051 8.34798 0
      vertex -8.73051 -8.34798 0
    endloop
  endfacet
  facet normal 0 0 -1
    outer loop
      vertex -8.84853 -8.45147 0
      vertex -8.84853 8.45147 0
      vertex -8.73051 8.34798 0
    endloop
  endfacet
  facet normal 0 0 -1
    outer loop
      vertex -8.95202 -8.56949 0
      vertex -8.84853 8.45147 0
      vertex -8.84853 -8.45147 0
    endloop
  endfacet
  facet normal 0 0 -1
    outer loop
      vertex -8.95202 -8.56949 0
      vertex -8.95202 8.56949 0
      vertex -8.84853 8.45147 0
    endloop
  endfacet
  facet normal 0 0 -1
    outer loop
      vertex -23 -12 0
      vertex -8.95202 -8.56949 0
      vertex -9.03923 -8.7 0
    endloop
  endfacet
  facet normal -0 0 -1
    outer loop
      vertex -8.95202 -8.56949 0
      vertex -23 -12 0
      vertex -8.95202 8.56949 0
    endloop
  endfacet
  facet normal 0 0 -1
    outer loop
      vertex -23 -12 0
      vertex -9.03923 -8.7 0
      vertex -9.10865 -8.84078 0
    endloop
  endfacet
  facet normal 0 0 -1
    outer loop
      vertex -23 12 0
      vertex -8.95202 8.56949 0
      vertex -23 -12 0
    endloop
  endfacet
  facet normal 0 0 -1
    outer loop
      vertex -23 -12 0
      vertex -9.10865 -8.84078 0
      vertex -9.15911 -8.98942 0
    endloop
  endfacet
  facet normal 0 0 -1
    outer loop
      vertex -8.95202 8.56949 0
      vertex -23 12 0
      vertex -9.03923 8.7 0
    endloop
  endfacet
  facet normal 0 0 -1
    outer loop
      vertex -23 -12 0
      vertex -9.15911 -8.98942 0
      vertex -9.18973 -9.14337 0
    endloop
  endfacet
  facet normal 0 0 -1
    outer loop
      vertex -9.03923 8.7 0
      vertex -23 12 0
      vertex -9.10865 8.84078 0
    endloop
  endfacet
  facet normal 0 0 -1
    outer loop
      vertex -20 -15 0
      vertex -9.18973 -9.14337 0
      vertex -9.2 -9.3 0
    endloop
  endfacet
  facet normal 0 0 -1
    outer loop
      vertex -9.10865 8.84078 0
      vertex -23 12 0
      vertex -9.15911 8.98942 0
    endloop
  endfacet
  facet normal -0 0 -1
    outer loop
      vertex 6.67157 -2.82843 0
      vertex 1.03489 -8.1513 0
      vertex 6.32659 -2.43505 0
    endloop
  endfacet
  facet normal 0 0 -1
    outer loop
      vertex 5.5 0 0
      vertex 1.68546 9.2781 0
      vertex 1.7 9.5 0
    endloop
  endfacet
  facet normal 0 0 -1
    outer loop
      vertex 0.849999 -8.02776 0
      vertex 6.32659 -2.43505 0
      vertex 1.03489 -8.1513 0
    endloop
  endfacet
  facet normal 0 0 -1
    outer loop
      vertex 5.5 0 0
      vertex 1.64207 9.06001 0
      vertex 1.68546 9.2781 0
    endloop
  endfacet
  facet normal -0 0 -1
    outer loop
      vertex 6.32659 -2.43505 0
      vertex 0.849999 -8.02776 0
      vertex 6.0359 -2 0
    endloop
  endfacet
  facet normal 0 0 -1
    outer loop
      vertex 5.5 0 0
      vertex 1.57059 8.84944 0
      vertex 1.64207 9.06001 0
    endloop
  endfacet
  facet normal 0 0 -1
    outer loop
      vertex 0.650561 -7.9294 0
      vertex 6.0359 -2 0
      vertex 0.849999 -8.02776 0
    endloop
  endfacet
  facet normal 0 0 -1
    outer loop
      vertex 5.5 0 0
      vertex 1.47224 8.65 0
      vertex 1.57059 8.84944 0
    endloop
  endfacet
  facet normal -0 0 -1
    outer loop
      vertex 6.0359 -2 0
      vertex 0.650561 -7.9294 0
      vertex 5.80448 -1.53073 0
    endloop
  endfacet
  facet normal 0 0 -1
    outer loop
      vertex 5.5 0 0
      vertex 1.3487 8.46511 0
      vertex 1.47224 8.65 0
    endloop
  endfacet
  facet normal 0 0 -1
    outer loop
      vertex 0.439992 -7.85793 0
      vertex 5.80448 -1.53073 0
      vertex 0.650561 -7.9294 0
    endloop
  endfacet
  facet normal 0 0 -1
    outer loop
      vertex 5.5 0 0
      vertex 1.20208 8.29792 0
      vertex 1.3487 8.46511 0
    endloop
  endfacet
  facet normal 0 0 -1
    outer loop
      vertex 0.221894 -7.81454 0
      vertex 5.80448 -1.53073 0
      vertex 0.439992 -7.85793 0
    endloop
  endfacet
  facet normal 0 0 -1
    outer loop
      vertex 5.5 0 0
      vertex 1.03489 8.1513 0
      vertex 1.20208 8.29792 0
    endloop
  endfacet
  facet normal -0 0 -1
    outer loop
      vertex 5.80448 -1.53073 0
      vertex 0.221894 -7.81454 0
      vertex 5.6363 -1.03528 0
    endloop
  endfacet
  facet normal 0 0 -1
    outer loop
      vertex 5.5 0 0
      vertex 0.849999 8.02776 0
      vertex 1.03489 8.1513 0
    endloop
  endfacet
  facet normal 0 0 -1
    outer loop
      vertex 0 -7.8 0
      vertex 5.6363 -1.03528 0
      vertex 0.221894 -7.81454 0
    endloop
  endfacet
  facet normal 0 0 -1
    outer loop
      vertex 5.5 0 0
      vertex 0.650561 7.9294 0
      vertex 0.849999 8.02776 0
    endloop
  endfacet
  facet normal -0 0 -1
    outer loop
      vertex 5.6363 -1.03528 0
      vertex 0 -7.8 0
      vertex 5.53422 -0.522104 0
    endloop
  endfacet
  facet normal 0 0 -1
    outer loop
      vertex 5.5 0 0
      vertex 0.439992 7.85793 0
      vertex 0.650561 7.9294 0
    endloop
  endfacet
  facet normal 0 0 -1
    outer loop
      vertex -0.221894 -7.81454 0
      vertex 5.53422 -0.522104 0
      vertex 0 -7.8 0
    endloop
  endfacet
  facet normal 0 0 -1
    outer loop
      vertex 5.5 0 0
      vertex 0.221894 7.81454 0
      vertex 0.439992 7.85793 0
    endloop
  endfacet
  facet normal -0 0 -1
    outer loop
      vertex 5.53422 -0.522104 0
      vertex -0.221894 -7.81454 0
      vertex 5.5 0 0
    endloop
  endfacet
  facet normal 0 0 -1
    outer loop
      vertex 5.5 0 0
      vertex 0 7.8 0
      vertex 0.221894 7.81454 0
    endloop
  endfacet
  facet normal 0 0 -1
    outer loop
      vertex -0.439992 -7.85793 0
      vertex 5.5 0 0
      vertex -0.221894 -7.81454 0
    endloop
  endfacet
  facet normal 0 0 -1
    outer loop
      vertex 5.5 0 0
      vertex -0.221894 7.81454 0
      vertex 0 7.8 0
    endloop
  endfacet
  facet normal 0 0 -1
    outer loop
      vertex -0.439992 7.85793 0
      vertex 5.5 0 0
      vertex -0.439992 -7.85793 0
    endloop
  endfacet
  facet normal 0 0 -1
    outer loop
      vertex 5.5 0 0
      vertex -0.439992 7.85793 0
      vertex -0.221894 7.81454 0
    endloop
  endfacet
  facet normal 0 0 -1
    outer loop
      vertex -0.650561 -7.9294 0
      vertex -0.439992 7.85793 0
      vertex -0.439992 -7.85793 0
    endloop
  endfacet
  facet normal 0 0 -1
    outer loop
      vertex -0.650561 -7.9294 0
      vertex -0.650561 7.9294 0
      vertex -0.439992 7.85793 0
    endloop
  endfacet
  facet normal 0 0 -1
    outer loop
      vertex -0.849999 -8.02776 0
      vertex -0.650561 7.9294 0
      vertex -0.650561 -7.9294 0
    endloop
  endfacet
  facet normal 0 0 -1
    outer loop
      vertex -0.849999 -8.02776 0
      vertex -0.849999 8.02776 0
      vertex -0.650561 7.9294 0
    endloop
  endfacet
  facet normal 0 0 -1
    outer loop
      vertex -6.96077 -8.7 0
      vertex -1.47224 -8.65 0
      vertex -6.89134 -8.84078 0
    endloop
  endfacet
  facet normal 0 0 -1
    outer loop
      vertex -7.04798 -8.56949 0
      vertex -1.47224 -8.65 0
      vertex -6.96077 -8.7 0
    endloop
  endfacet
  facet normal 0 0 -1
    outer loop
      vertex -1.57059 -8.84944 0
      vertex -6.89134 -8.84078 0
      vertex -1.47224 -8.65 0
    endloop
  endfacet
  facet normal 0 0 -1
    outer loop
      vertex -1.47224 -8.65 0
      vertex -7.04798 -8.56949 0
      vertex -1.3487 -8.46511 0
    endloop
  endfacet
  facet normal 0 0 -1
    outer loop
      vertex -6.89134 -8.84078 0
      vertex -1.57059 -8.84944 0
      vertex -6.84089 -8.98942 0
    endloop
  endfacet
  facet normal 0 0 -1
    outer loop
      vertex -0.849999 8.02776 0
      vertex -6.8 9.3 0
      vertex -1.03489 8.1513 0
    endloop
  endfacet
  facet normal 0 0 -1
    outer loop
      vertex -1.64207 -9.06001 0
      vertex -6.84089 -8.98942 0
      vertex -1.57059 -8.84944 0
    endloop
  endfacet
  facet normal 0 0 -1
    outer loop
      vertex -1.03489 8.1513 0
      vertex -6.8 9.3 0
      vertex -1.20208 8.29792 0
    endloop
  endfacet
  facet normal 0 0 -1
    outer loop
      vertex -6.84089 -8.98942 0
      vertex -1.64207 -9.06001 0
      vertex -6.81027 -9.14337 0
    endloop
  endfacet
  facet normal 0 0 -1
    outer loop
      vertex -1.20208 8.29792 0
      vertex -6.8 9.3 0
      vertex -1.3487 8.46511 0
    endloop
  endfacet
  facet normal 0 0 -1
    outer loop
      vertex -1.68546 -9.2781 0
      vertex -6.81027 -9.14337 0
      vertex -1.64207 -9.06001 0
    endloop
  endfacet
  facet normal 0 0 -1
    outer loop
      vertex -1.3487 8.46511 0
      vertex -6.8 9.3 0
      vertex -1.47224 8.65 0
    endloop
  endfacet
  facet normal 0 0 -1
    outer loop
      vertex -6.81027 -9.14337 0
      vertex -1.68546 -9.2781 0
      vertex -6.8 -9.3 0
    endloop
  endfacet
  facet normal 0 0 -1
    outer loop
      vertex -1.47224 8.65 0
      vertex -6.8 9.3 0
      vertex -1.57059 8.84944 0
    endloop
  endfacet
  facet normal 0 0 -1
    outer loop
      vertex -6.8 -9.3 0
      vertex -1.68546 -9.2781 0
      vertex -1.7 -9.5 0
    endloop
  endfacet
  facet normal 0 0 -1
    outer loop
      vertex -1.57059 8.84944 0
      vertex -6.8 9.3 0
      vertex -1.64207 9.06001 0
    endloop
  endfacet
  facet normal 0 0 -1
    outer loop
      vertex 20.5706 -8.84944 0
      vertex 23 -12 0
      vertex 20.6421 -9.06001 0
    endloop
  endfacet
  facet normal 0 0 -1
    outer loop
      vertex 23 12 0
      vertex 20.6855 9.2781 0
      vertex 20.7 9.5 0
    endloop
  endfacet
  facet normal 0 0 -1
    outer loop
      vertex 20.4722 -8.65 0
      vertex 23 -12 0
      vertex 20.5706 -8.84944 0
    endloop
  endfacet
  facet normal 0 0 -1
    outer loop
      vertex 23 12 0
      vertex 20.6421 9.06001 0
      vertex 20.6855 9.2781 0
    endloop
  endfacet
  facet normal 0 0 -1
    outer loop
      vertex 23 -12 0
      vertex 20.4722 -8.65 0
      vertex 23 12 0
    endloop
  endfacet
  facet normal 0 0 -1
    outer loop
      vertex 23 12 0
      vertex 20.5706 8.84944 0
      vertex 20.6421 9.06001 0
    endloop
  endfacet
  facet normal 0 0 -1
    outer loop
      vertex 20.4722 8.65 0
      vertex 23 12 0
      vertex 20.4722 -8.65 0
    endloop
  endfacet
  facet normal 0 0 -1
    outer loop
      vertex 23 12 0
      vertex 20.4722 8.65 0
      vertex 20.5706 8.84944 0
    endloop
  endfacet
  facet normal 0 0 -1
    outer loop
      vertex 20.3487 -8.46511 0
      vertex 20.4722 8.65 0
      vertex 20.4722 -8.65 0
    endloop
  endfacet
  facet normal 0 0 -1
    outer loop
      vertex 20.3487 -8.46511 0
      vertex 20.3487 8.46511 0
      vertex 20.4722 8.65 0
    endloop
  endfacet
  facet normal 0 0 -1
    outer loop
      vertex 20.2021 -8.29792 0
      vertex 20.3487 8.46511 0
      vertex 20.3487 -8.46511 0
    endloop
  endfacet
  facet normal 0 0 -1
    outer loop
      vertex 20.2021 -8.29792 0
      vertex 20.2021 8.29792 0
      vertex 20.3487 8.46511 0
    endloop
  endfacet
  facet normal 0 0 -1
    outer loop
      vertex 20.0349 -8.1513 0
      vertex 20.2021 8.29792 0
      vertex 20.2021 -8.29792 0
    endloop
  endfacet
  facet normal 0 0 -1
    outer loop
      vertex 20.0349 -8.1513 0
      vertex 20.0349 8.1513 0
      vertex 20.2021 8.29792 0
    endloop
  endfacet
  facet normal 0 0 -1
    outer loop
      vertex 19.85 -8.02776 0
      vertex 20.0349 8.1513 0
      vertex 20.0349 -8.1513 0
    endloop
  endfacet
  facet normal 0 0 -1
    outer loop
      vertex 19.85 -8.02776 0
      vertex 19.85 8.02776 0
      vertex 20.0349 8.1513 0
    endloop
  endfacet
  facet normal 0 0 -1
    outer loop
      vertex 19.6506 -7.9294 0
      vertex 19.85 8.02776 0
      vertex 19.85 -8.02776 0
    endloop
  endfacet
  facet normal 0 0 -1
    outer loop
      vertex 19.6506 -7.9294 0
      vertex 19.6506 7.9294 0
      vertex 19.85 8.02776 0
    endloop
  endfacet
  facet normal 0 0 -1
    outer loop
      vertex 19.44 -7.85793 0
      vertex 19.6506 7.9294 0
      vertex 19.6506 -7.9294 0
    endloop
  endfacet
  facet normal 0 0 -1
    outer loop
      vertex 19.44 -7.85793 0
      vertex 19.44 7.85793 0
      vertex 19.6506 7.9294 0
    endloop
  endfacet
  facet normal 0 0 -1
    outer loop
      vertex 13.5 0 0
      vertex 19.44 -7.85793 0
      vertex 19.2219 -7.81454 0
    endloop
  endfacet
  facet normal 0 0 -1
    outer loop
      vertex 19.44 -7.85793 0
      vertex 13.5 0 0
      vertex 19.44 7.85793 0
    endloop
  endfacet
  facet normal 0 0 -1
    outer loop
      vertex 13.4658 -0.522104 0
      vertex 19.2219 -7.81454 0
      vertex 19 -7.8 0
    endloop
  endfacet
  facet normal 0 0 -1
    outer loop
      vertex 19.44 7.85793 0
      vertex 13.5 0 0
      vertex 19.2219 7.81454 0
    endloop
  endfacet
  facet normal 0 0 -1
    outer loop
      vertex 13.3637 -1.03528 0
      vertex 19 -7.8 0
      vertex 18.7781 -7.81454 0
    endloop
  endfacet
  facet normal 0 0 -1
    outer loop
      vertex 13.4658 0.522104 0
      vertex 19.2219 7.81454 0
      vertex 13.5 0 0
    endloop
  endfacet
  facet normal 0 0 -1
    outer loop
      vertex 13.1955 -1.53073 0
      vertex 18.7781 -7.81454 0
      vertex 18.56 -7.85793 0
    endloop
  endfacet
  facet normal 0 0 -1
    outer loop
      vertex 19.2219 7.81454 0
      vertex 13.4658 0.522104 0
      vertex 19 7.8 0
    endloop
  endfacet
  facet normal 0 0 -1
    outer loop
      vertex 13.1955 -1.53073 0
      vertex 18.56 -7.85793 0
      vertex 18.3494 -7.9294 0
    endloop
  endfacet
  facet normal 0 0 -1
    outer loop
      vertex 13.3637 1.03528 0
      vertex 19 7.8 0
      vertex 13.4658 0.522104 0
    endloop
  endfacet
  facet normal 0 0 -1
    outer loop
      vertex 12.9641 -2 0
      vertex 18.3494 -7.9294 0
      vertex 18.15 -8.02776 0
    endloop
  endfacet
  facet normal -0 0 -1
    outer loop
      vertex 19 7.8 0
      vertex 13.3637 1.03528 0
      vertex 18.7781 7.81454 0
    endloop
  endfacet
  facet normal 0 0 -1
    outer loop
      vertex 12.6734 -2.43505 0
      vertex 18.15 -8.02776 0
      vertex 17.9651 -8.1513 0
    endloop
  endfacet
  facet normal 0 0 -1
    outer loop
      vertex 13.1955 1.53073 0
      vertex 18.7781 7.81454 0
      vertex 13.3637 1.03528 0
    endloop
  endfacet
  facet normal 0 0 -1
    outer loop
      vertex 12.3284 -2.82843 0
      vertex 17.9651 -8.1513 0
      vertex 17.7979 -8.29792 0
    endloop
  endfacet
  facet normal -0 0 -1
    outer loop
      vertex 18.7781 7.81454 0
      vertex 13.1955 1.53073 0
      vertex 18.56 7.85793 0
    endloop
  endfacet
  facet normal 0 0 -1
    outer loop
      vertex 12.3284 -2.82843 0
      vertex 17.7979 -8.29792 0
      vertex 17.6513 -8.46511 0
    endloop
  endfacet
  facet normal -0 0 -1
    outer loop
      vertex 18.56 7.85793 0
      vertex 13.1955 1.53073 0
      vertex 18.3494 7.9294 0
    endloop
  endfacet
  facet normal 0 0 -1
    outer loop
      vertex 11.935 -3.17341 0
      vertex 17.6513 -8.46511 0
      vertex 17.5278 -8.65 0
    endloop
  endfacet
  facet normal 0 0 -1
    outer loop
      vertex 12.9641 2 0
      vertex 18.3494 7.9294 0
      vertex 13.1955 1.53073 0
    endloop
  endfacet
  facet normal 0 0 -1
    outer loop
      vertex 11.5 -3.4641 0
      vertex 17.5278 -8.65 0
      vertex 17.4294 -8.84944 0
    endloop
  endfacet
  facet normal -0 0 -1
    outer loop
      vertex 18.3494 7.9294 0
      vertex 12.9641 2 0
      vertex 18.15 8.02776 0
    endloop
  endfacet
  facet normal 0 0 -1
    outer loop
      vertex 11.5 -3.4641 0
      vertex 17.4294 -8.84944 0
      vertex 17.3579 -9.06001 0
    endloop
  endfacet
  facet normal 0 0 -1
    outer loop
      vertex 12.6734 2.43505 0
      vertex 18.15 8.02776 0
      vertex 12.9641 2 0
    endloop
  endfacet
  facet normal 0 0 -1
    outer loop
      vertex 11.0307 -3.69552 0
      vertex 17.3579 -9.06001 0
      vertex 17.3145 -9.2781 0
    endloop
  endfacet
  facet normal -0 0 -1
    outer loop
      vertex 18.15 8.02776 0
      vertex 12.6734 2.43505 0
      vertex 17.9651 8.1513 0
    endloop
  endfacet
  facet normal 0 0 -1
    outer loop
      vertex 10.5353 -3.8637 0
      vertex 17.3145 -9.2781 0
      vertex 17.3 -9.5 0
    endloop
  endfacet
  facet normal 0 0 -1
    outer loop
      vertex 12.3284 2.82843 0
      vertex 17.9651 8.1513 0
      vertex 12.6734 2.43505 0
    endloop
  endfacet
  facet normal 0 0 -1
    outer loop
      vertex 20.2021 -10.7021 0
      vertex 23 -12 0
      vertex 22.9743 -12.3916 0
    endloop
  endfacet
  facet normal 0 0 -1
    outer loop
      vertex 20.6855 -9.2781 0
      vertex 23 -12 0
      vertex 20.7 -9.5 0
    endloop
  endfacet
  facet normal 0 0 -1
    outer loop
      vertex 20.0349 -10.8487 0
      vertex 22.9743 -12.3916 0
      vertex 22.8978 -12.7765 0
    endloop
  endfacet
  facet normal 0 0 -1
    outer loop
      vertex 20.6421 -9.06001 0
      vertex 23 -12 0
      vertex 20.6855 -9.2781 0
    endloop
  endfacet
  facet normal 0 0 -1
    outer loop
      vertex 20.0349 -10.8487 0
      vertex 22.8978 -12.7765 0
      vertex 22.7716 -13.148 0
    endloop
  endfacet
  facet normal 0 0 -1
    outer loop
      vertex 20.6855 9.72189 0
      vertex 23 12 0
      vertex 20.7 9.5 0
    endloop
  endfacet
  facet normal 0 0 -1
    outer loop
      vertex 20.0349 -10.8487 0
      vertex 22.7716 -13.148 0
      vertex 22.5981 -13.5 0
    endloop
  endfacet
  facet normal 0 0 -1
    outer loop
      vertex 20.6421 9.93999 0
      vertex 23 12 0
      vertex 20.6855 9.72189 0
    endloop
  endfacet
  facet normal 0 0 -1
    outer loop
      vertex 19.85 -10.9722 0
      vertex 22.5981 -13.5 0
      vertex 22.3801 -13.8263 0
    endloop
  endfacet
  facet normal 0 0 -1
    outer loop
      vertex 20.5706 10.1506 0
      vertex 23 12 0
      vertex 20.6421 9.93999 0
    endloop
  endfacet
  facet normal 0 0 -1
    outer loop
      vertex 19.85 -10.9722 0
      vertex 22.3801 -13.8263 0
      vertex 22.1213 -14.1213 0
    endloop
  endfacet
  facet normal 0 0 -1
    outer loop
      vertex 20.4722 10.35 0
      vertex 23 12 0
      vertex 20.5706 10.1506 0
    endloop
  endfacet
  facet normal 0 0 -1
    outer loop
      vertex 19.85 -10.9722 0
      vertex 22.1213 -14.1213 0
      vertex 21.8263 -14.3801 0
    endloop
  endfacet
  facet normal 0 0 -1
    outer loop
      vertex 20.3487 10.5349 0
      vertex 23 12 0
      vertex 20.4722 10.35 0
    endloop
  endfacet
  facet normal 0 0 -1
    outer loop
      vertex 19.6506 -11.0706 0
      vertex 21.8263 -14.3801 0
      vertex 21.5 -14.5981 0
    endloop
  endfacet
  facet normal 0 0 -1
    outer loop
      vertex 20.2021 10.7021 0
      vertex 23 12 0
      vertex 20.3487 10.5349 0
    endloop
  endfacet
  facet normal 0 0 -1
    outer loop
      vertex 19.6506 -11.0706 0
      vertex 21.5 -14.5981 0
      vertex 21.148 -14.7716 0
    endloop
  endfacet
  facet normal -0 0 -1
    outer loop
      vertex 23 12 0
      vertex 20.2021 10.7021 0
      vertex 22.9743 12.3916 0
    endloop
  endfacet
  facet normal 0 0 -1
    outer loop
      vertex 19.6506 -11.0706 0
      vertex 21.148 -14.7716 0
      vertex 20.7765 -14.8978 0
    endloop
  endfacet
  facet normal 0 0 -1
    outer loop
      vertex 20.0349 10.8487 0
      vertex 22.9743 12.3916 0
      vertex 20.2021 10.7021 0
    endloop
  endfacet
  facet normal -0 0 -1
    outer loop
      vertex 22.9743 12.3916 0
      vertex 20.0349 10.8487 0
      vertex 22.8978 12.7765 0
    endloop
  endfacet
  facet normal 0 0 -1
    outer loop
      vertex 23 -12 0
      vertex 20.6855 -9.72189 0
      vertex 20.7 -9.5 0
    endloop
  endfacet
  facet normal 0 0 -1
    outer loop
      vertex 23 -12 0
      vertex 20.6421 -9.93999 0
      vertex 20.6855 -9.72189 0
    endloop
  endfacet
  facet normal 0 0 -1
    outer loop
      vertex 23 -12 0
      vertex 20.5706 -10.1506 0
      vertex 20.6421 -9.93999 0
    endloop
  endfacet
  facet normal 0 0 -1
    outer loop
      vertex 23 -12 0
      vertex 20.4722 -10.35 0
      vertex 20.5706 -10.1506 0
    endloop
  endfacet
  facet normal 0 0 -1
    outer loop
      vertex 19.6506 -11.0706 0
      vertex 20.7765 -14.8978 0
      vertex 20.3916 -14.9743 0
    endloop
  endfacet
  facet normal 0 0 -1
    outer loop
      vertex 23 -12 0
      vertex 20.3487 -10.5349 0
      vertex 20.4722 -10.35 0
    endloop
  endfacet
  facet normal 0 0 -1
    outer loop
      vertex 23 -12 0
      vertex 20.2021 -10.7021 0
      vertex 20.3487 -10.5349 0
    endloop
  endfacet
  facet normal 0 0 -1
    outer loop
      vertex 22.9743 -12.3916 0
      vertex 20.0349 -10.8487 0
      vertex 20.2021 -10.7021 0
    endloop
  endfacet
  facet normal 0 0 -1
    outer loop
      vertex 19.44 -11.1421 0
      vertex 20.3916 -14.9743 0
      vertex 20 -15 0
    endloop
  endfacet
  facet normal 0 0 -1
    outer loop
      vertex 22.5981 -13.5 0
      vertex 19.85 -10.9722 0
      vertex 20.0349 -10.8487 0
    endloop
  endfacet
  facet normal 0 0 -1
    outer loop
      vertex 21.8263 -14.3801 0
      vertex 19.6506 -11.0706 0
      vertex 19.85 -10.9722 0
    endloop
  endfacet
  facet normal 0 0 -1
    outer loop
      vertex 20.3916 -14.9743 0
      vertex 19.44 -11.1421 0
      vertex 19.6506 -11.0706 0
    endloop
  endfacet
  facet normal 0 0 -1
    outer loop
      vertex 20 -15 0
      vertex 19.2219 -11.1855 0
      vertex 19.44 -11.1421 0
    endloop
  endfacet
  facet normal 0 0 -1
    outer loop
      vertex 20 -15 0
      vertex 19 -11.2 0
      vertex 19.2219 -11.1855 0
    endloop
  endfacet
  facet normal 0 0 -1
    outer loop
      vertex 20 -15 0
      vertex 18.7781 -11.1855 0
      vertex 19 -11.2 0
    endloop
  endfacet
  facet normal 0 0 -1
    outer loop
      vertex 20 -15 0
      vertex 18.56 -11.1421 0
      vertex 18.7781 -11.1855 0
    endloop
  endfacet
  facet normal 0 0 -1
    outer loop
      vertex 20 -15 0
      vertex 18.3494 -11.0706 0
      vertex 18.56 -11.1421 0
    endloop
  endfacet
  facet normal 0 0 -1
    outer loop
      vertex 20 -15 0
      vertex 18.15 -10.9722 0
      vertex 18.3494 -11.0706 0
    endloop
  endfacet
  facet normal 0 0 -1
    outer loop
      vertex 20 -15 0
      vertex 17.9651 -10.8487 0
      vertex 18.15 -10.9722 0
    endloop
  endfacet
  facet normal 0 0 -1
    outer loop
      vertex 20 -15 0
      vertex 17.7979 -10.7021 0
      vertex 17.9651 -10.8487 0
    endloop
  endfacet
  facet normal 0 0 -1
    outer loop
      vertex 20 -15 0
      vertex 17.6513 -10.5349 0
      vertex 17.7979 -10.7021 0
    endloop
  endfacet
  facet normal 0 0 -1
    outer loop
      vertex 1.3487 -10.5349 0
      vertex 17.6513 -10.5349 0
      vertex 20 -15 0
    endloop
  endfacet
  facet normal -0 0 -1
    outer loop
      vertex 17.9651 8.1513 0
      vertex 12.3284 2.82843 0
      vertex 17.7979 8.29792 0
    endloop
  endfacet
  facet normal 0 0 -1
    outer loop
      vertex 10.0221 -3.96578 0
      vertex 17.3 -9.5 0
      vertex 17.3145 -9.72189 0
    endloop
  endfacet
  facet normal 0 0 -1
    outer loop
      vertex 10.0221 -3.96578 0
      vertex 17.3145 -9.72189 0
      vertex 17.3579 -9.93999 0
    endloop
  endfacet
  facet normal 0 0 -1
    outer loop
      vertex 1.64207 -9.93999 0
      vertex 17.3579 -9.93999 0
      vertex 17.4294 -10.1506 0
    endloop
  endfacet
  facet normal 0 0 -1
    outer loop
      vertex 19.2219 -7.81454 0
      vertex 13.4658 -0.522104 0
      vertex 13.5 0 0
    endloop
  endfacet
  facet normal 0 0 -1
    outer loop
      vertex 19 -7.8 0
      vertex 13.3637 -1.03528 0
      vertex 13.4658 -0.522104 0
    endloop
  endfacet
  facet normal 0 0 -1
    outer loop
      vertex 18.7781 -7.81454 0
      vertex 13.1955 -1.53073 0
      vertex 13.3637 -1.03528 0
    endloop
  endfacet
  facet normal 0 0 -1
    outer loop
      vertex 18.3494 -7.9294 0
      vertex 12.9641 -2 0
      vertex 13.1955 -1.53073 0
    endloop
  endfacet
  facet normal 0 0 -1
    outer loop
      vertex 1.57059 -10.1506 0
      vertex 17.4294 -10.1506 0
      vertex 17.5278 -10.35 0
    endloop
  endfacet
  facet normal 0 0 -1
    outer loop
      vertex 17.6513 -10.5349 0
      vertex 1.3487 -10.5349 0
      vertex 17.5278 -10.35 0
    endloop
  endfacet
  facet normal 0 0 -1
    outer loop
      vertex 18.15 -8.02776 0
      vertex 12.6734 -2.43505 0
      vertex 12.9641 -2 0
    endloop
  endfacet
  facet normal 0 0 -1
    outer loop
      vertex 17.9651 -8.1513 0
      vertex 12.3284 -2.82843 0
      vertex 12.6734 -2.43505 0
    endloop
  endfacet
  facet normal 0 0 -1
    outer loop
      vertex 17.6513 -8.46511 0
      vertex 11.935 -3.17341 0
      vertex 12.3284 -2.82843 0
    endloop
  endfacet
  facet normal 0 0 -1
    outer loop
      vertex 17.5278 -8.65 0
      vertex 11.5 -3.4641 0
      vertex 11.935 -3.17341 0
    endloop
  endfacet
  facet normal 0 0 -1
    outer loop
      vertex 17.3579 -9.06001 0
      vertex 11.0307 -3.69552 0
      vertex 11.5 -3.4641 0
    endloop
  endfacet
  facet normal 0 0 -1
    outer loop
      vertex 17.3145 -9.2781 0
      vertex 10.5353 -3.8637 0
      vertex 11.0307 -3.69552 0
    endloop
  endfacet
  facet normal 0 0 -1
    outer loop
      vertex 17.3 -9.5 0
      vertex 10.0221 -3.96578 0
      vertex 10.5353 -3.8637 0
    endloop
  endfacet
  facet normal 0 0 -1
    outer loop
      vertex 17.4294 -10.1506 0
      vertex 1.57059 -10.1506 0
      vertex 1.64207 -9.93999 0
    endloop
  endfacet
  facet normal 0 0 -1
    outer loop
      vertex 17.3579 -9.93999 0
      vertex 9.5 -4 0
      vertex 10.0221 -3.96578 0
    endloop
  endfacet
  facet normal 0 0 -1
    outer loop
      vertex 17.3579 -9.93999 0
      vertex 1.64207 -9.93999 0
      vertex 9.5 -4 0
    endloop
  endfacet
  facet normal 0 -0 -1
    outer loop
      vertex 1.68546 -9.72189 0
      vertex 8.97789 -3.96578 0
      vertex 1.64207 -9.93999 0
    endloop
  endfacet
  facet normal 0 -0 -1
    outer loop
      vertex 1.7 -9.5 0
      vertex 8.97789 -3.96578 0
      vertex 1.68546 -9.72189 0
    endloop
  endfacet
  facet normal -0 0 -1
    outer loop
      vertex 8.97789 -3.96578 0
      vertex 1.7 -9.5 0
      vertex 8.46472 -3.8637 0
    endloop
  endfacet
  facet normal 0 0 -1
    outer loop
      vertex 1.68546 -9.2781 0
      vertex 8.46472 -3.8637 0
      vertex 1.7 -9.5 0
    endloop
  endfacet
  facet normal 0 0 -1
    outer loop
      vertex 1.20208 -8.29792 0
      vertex 6.67157 -2.82843 0
      vertex 1.3487 -8.46511 0
    endloop
  endfacet
  facet normal -0 0 -1
    outer loop
      vertex 7.06495 -3.17341 0
      vertex 1.3487 -8.46511 0
      vertex 6.67157 -2.82843 0
    endloop
  endfacet
  facet normal 0 0 -1
    outer loop
      vertex 1.3487 -8.46511 0
      vertex 7.06495 -3.17341 0
      vertex 1.47224 -8.65 0
    endloop
  endfacet
  facet normal -0 0 -1
    outer loop
      vertex 7.5 -3.4641 0
      vertex 1.47224 -8.65 0
      vertex 7.06495 -3.17341 0
    endloop
  endfacet
  facet normal 0 0 -1
    outer loop
      vertex 1.47224 -8.65 0
      vertex 7.5 -3.4641 0
      vertex 1.57059 -8.84944 0
    endloop
  endfacet
  facet normal 0 0 -1
    outer loop
      vertex 1.57059 -8.84944 0
      vertex 7.5 -3.4641 0
      vertex 1.64207 -9.06001 0
    endloop
  endfacet
  facet normal 0 0 -1
    outer loop
      vertex 1.64207 -9.06001 0
      vertex 7.96927 -3.69552 0
      vertex 1.68546 -9.2781 0
    endloop
  endfacet
  facet normal -0 0 -1
    outer loop
      vertex 7.96927 -3.69552 0
      vertex 1.64207 -9.06001 0
      vertex 7.5 -3.4641 0
    endloop
  endfacet
  facet normal -0 0 -1
    outer loop
      vertex 8.46472 -3.8637 0
      vertex 1.68546 -9.2781 0
      vertex 7.96927 -3.69552 0
    endloop
  endfacet
  facet normal -0 0 -1
    outer loop
      vertex 9.5 -4 0
      vertex 1.64207 -9.93999 0
      vertex 8.97789 -3.96578 0
    endloop
  endfacet
  facet normal 0 0 -1
    outer loop
      vertex 17.5278 -10.35 0
      vertex 1.47224 -10.35 0
      vertex 1.57059 -10.1506 0
    endloop
  endfacet
  facet normal -0 0 -1
    outer loop
      vertex 17.5278 -10.35 0
      vertex 1.3487 -10.5349 0
      vertex 1.47224 -10.35 0
    endloop
  endfacet
  facet normal 0 0 -1
    outer loop
      vertex 20 -15 0
      vertex 1.20208 -10.7021 0
      vertex 1.3487 -10.5349 0
    endloop
  endfacet
  facet normal 0 0 -1
    outer loop
      vertex 20 -15 0
      vertex 1.03489 -10.8487 0
      vertex 1.20208 -10.7021 0
    endloop
  endfacet
  facet normal 0 0 -1
    outer loop
      vertex 20 -15 0
      vertex 0.849999 -10.9722 0
      vertex 1.03489 -10.8487 0
    endloop
  endfacet
  facet normal 0 0 -1
    outer loop
      vertex 20 -15 0
      vertex 0.650561 -11.0706 0
      vertex 0.849999 -10.9722 0
    endloop
  endfacet
  facet normal 0 0 -1
    outer loop
      vertex 20 -15 0
      vertex 0.439992 -11.1421 0
      vertex 0.650561 -11.0706 0
    endloop
  endfacet
  facet normal 0 0 -1
    outer loop
      vertex 20 -15 0
      vertex 0.221894 -11.1855 0
      vertex 0.439992 -11.1421 0
    endloop
  endfacet
  facet normal 0 0 -1
    outer loop
      vertex 20 -15 0
      vertex 0 -11.2 0
      vertex 0.221894 -11.1855 0
    endloop
  endfacet
  facet normal 0 0 -1
    outer loop
      vertex -20 -15 0
      vertex 0 -11.2 0
      vertex 20 -15 0
    endloop
  endfacet
  facet normal 0 0 -1
    outer loop
      vertex -1.64207 9.06001 0
      vertex -6.8 9.3 0
      vertex -1.68546 9.2781 0
    endloop
  endfacet
  facet normal 0 0 -1
    outer loop
      vertex -6.81027 -9.45663 0
      vertex -1.7 -9.5 0
      vertex -1.68546 -9.72189 0
    endloop
  endfacet
  facet normal 0 0 -1
    outer loop
      vertex -6.84089 -9.61058 0
      vertex -1.68546 -9.72189 0
      vertex -1.64207 -9.93999 0
    endloop
  endfacet
  facet normal 0 0 -1
    outer loop
      vertex -6.89134 -9.75922 0
      vertex -1.64207 -9.93999 0
      vertex -1.57059 -10.1506 0
    endloop
  endfacet
  facet normal 0 0 -1
    outer loop
      vertex -6.96077 -9.9 0
      vertex -1.57059 -10.1506 0
      vertex -1.47224 -10.35 0
    endloop
  endfacet
  facet normal 0 0 -1
    outer loop
      vertex -7.04798 -10.0305 0
      vertex -1.47224 -10.35 0
      vertex -1.3487 -10.5349 0
    endloop
  endfacet
  facet normal 0 0 -1
    outer loop
      vertex -7.15147 -10.1485 0
      vertex -1.3487 -10.5349 0
      vertex -1.20208 -10.7021 0
    endloop
  endfacet
  facet normal 0 0 -1
    outer loop
      vertex -7.4 -10.3392 0
      vertex -1.20208 -10.7021 0
      vertex -1.03489 -10.8487 0
    endloop
  endfacet
  facet normal 0 0 -1
    outer loop
      vertex -7.54078 -10.4087 0
      vertex -1.03489 -10.8487 0
      vertex -0.849999 -10.9722 0
    endloop
  endfacet
  facet normal 0 0 -1
    outer loop
      vertex -7.68942 -10.4591 0
      vertex -0.849999 -10.9722 0
      vertex -0.650561 -11.0706 0
    endloop
  endfacet
  facet normal 0 0 -1
    outer loop
      vertex -7.84337 -10.4897 0
      vertex -0.650561 -11.0706 0
      vertex -0.439992 -11.1421 0
    endloop
  endfacet
  facet normal 0 0 -1
    outer loop
      vertex -1.7 -9.5 0
      vertex -6.81027 -9.45663 0
      vertex -6.8 -9.3 0
    endloop
  endfacet
  facet normal 0 0 -1
    outer loop
      vertex -1.68546 -9.72189 0
      vertex -6.84089 -9.61058 0
      vertex -6.81027 -9.45663 0
    endloop
  endfacet
  facet normal 0 0 -1
    outer loop
      vertex -1.64207 -9.93999 0
      vertex -6.89134 -9.75922 0
      vertex -6.84089 -9.61058 0
    endloop
  endfacet
  facet normal 0 0 -1
    outer loop
      vertex -1.57059 -10.1506 0
      vertex -6.96077 -9.9 0
      vertex -6.89134 -9.75922 0
    endloop
  endfacet
  facet normal 0 0 -1
    outer loop
      vertex -20 -15 0
      vertex -0.439992 -11.1421 0
      vertex -0.221894 -11.1855 0
    endloop
  endfacet
  facet normal 0 0 -1
    outer loop
      vertex -1.47224 -10.35 0
      vertex -7.04798 -10.0305 0
      vertex -6.96077 -9.9 0
    endloop
  endfacet
  facet normal -0 0 -1
    outer loop
      vertex 0 -11.2 0
      vertex -20 -15 0
      vertex -0.221894 -11.1855 0
    endloop
  endfacet
  facet normal 0 0 -1
    outer loop
      vertex -1.3487 -10.5349 0
      vertex -7.15147 -10.1485 0
      vertex -7.04798 -10.0305 0
    endloop
  endfacet
  facet normal 0 0 -1
    outer loop
      vertex -1.20208 -10.7021 0
      vertex -7.26949 -10.252 0
      vertex -7.15147 -10.1485 0
    endloop
  endfacet
  facet normal 0 0 -1
    outer loop
      vertex -1.20208 -10.7021 0
      vertex -7.4 -10.3392 0
      vertex -7.26949 -10.252 0
    endloop
  endfacet
  facet normal 0 0 -1
    outer loop
      vertex -1.03489 -10.8487 0
      vertex -7.54078 -10.4087 0
      vertex -7.4 -10.3392 0
    endloop
  endfacet
  facet normal 0 0 -1
    outer loop
      vertex -0.849999 -10.9722 0
      vertex -7.68942 -10.4591 0
      vertex -7.54078 -10.4087 0
    endloop
  endfacet
  facet normal 0 0 -1
    outer loop
      vertex -0.650561 -11.0706 0
      vertex -7.84337 -10.4897 0
      vertex -7.68942 -10.4591 0
    endloop
  endfacet
  facet normal -0 0 -1
    outer loop
      vertex -0.439992 -11.1421 0
      vertex -20 -15 0
      vertex -7.84337 -10.4897 0
    endloop
  endfacet
  facet normal 0 0 -1
    outer loop
      vertex -7.84337 -10.4897 0
      vertex -20 -15 0
      vertex -8 -10.5 0
    endloop
  endfacet
  facet normal 0 0 -1
    outer loop
      vertex -9.18973 -9.14337 0
      vertex -20 -15 0
      vertex -23 -12 0
    endloop
  endfacet
  facet normal -0 0 -1
    outer loop
      vertex -9.18973 -9.45663 0
      vertex -20 -15 0
      vertex -9.2 -9.3 0
    endloop
  endfacet
  facet normal -0 0 -1
    outer loop
      vertex -9.15911 -9.61058 0
      vertex -20 -15 0
      vertex -9.18973 -9.45663 0
    endloop
  endfacet
  facet normal -0 0 -1
    outer loop
      vertex -9.10865 -9.75922 0
      vertex -20 -15 0
      vertex -9.15911 -9.61058 0
    endloop
  endfacet
  facet normal -0 0 -1
    outer loop
      vertex -9.03923 -9.9 0
      vertex -20 -15 0
      vertex -9.10865 -9.75922 0
    endloop
  endfacet
  facet normal -0 0 -1
    outer loop
      vertex -8.95202 -10.0305 0
      vertex -20 -15 0
      vertex -9.03923 -9.9 0
    endloop
  endfacet
  facet normal -0 0 -1
    outer loop
      vertex -8.84853 -10.1485 0
      vertex -20 -15 0
      vertex -8.95202 -10.0305 0
    endloop
  endfacet
  facet normal -0 0 -1
    outer loop
      vertex -8.73051 -10.252 0
      vertex -20 -15 0
      vertex -8.84853 -10.1485 0
    endloop
  endfacet
  facet normal -0 0 -1
    outer loop
      vertex -8.6 -10.3392 0
      vertex -20 -15 0
      vertex -8.73051 -10.252 0
    endloop
  endfacet
  facet normal -0 0 -1
    outer loop
      vertex -8.45922 -10.4087 0
      vertex -20 -15 0
      vertex -8.6 -10.3392 0
    endloop
  endfacet
  facet normal -0 0 -1
    outer loop
      vertex -8.31058 -10.4591 0
      vertex -20 -15 0
      vertex -8.45922 -10.4087 0
    endloop
  endfacet
  facet normal -0 0 -1
    outer loop
      vertex -8.15663 -10.4897 0
      vertex -20 -15 0
      vertex -8.31058 -10.4591 0
    endloop
  endfacet
  facet normal -0 0 -1
    outer loop
      vertex -8 -10.5 0
      vertex -20 -15 0
      vertex -8.15663 -10.4897 0
    endloop
  endfacet
  facet normal -0 0 -1
    outer loop
      vertex 22.8978 12.7765 0
      vertex 20.0349 10.8487 0
      vertex 22.7716 13.148 0
    endloop
  endfacet
  facet normal -0 0 -1
    outer loop
      vertex 22.7716 13.148 0
      vertex 20.0349 10.8487 0
      vertex 22.5981 13.5 0
    endloop
  endfacet
  facet normal 0 0 -1
    outer loop
      vertex 19.85 10.9722 0
      vertex 22.5981 13.5 0
      vertex 20.0349 10.8487 0
    endloop
  endfacet
  facet normal -0 0 -1
    outer loop
      vertex 22.5981 13.5 0
      vertex 19.85 10.9722 0
      vertex 22.3801 13.8263 0
    endloop
  endfacet
  facet normal -0 0 -1
    outer loop
      vertex 22.3801 13.8263 0
      vertex 19.85 10.9722 0
      vertex 22.1213 14.1213 0
    endloop
  endfacet
  facet normal -0 0 -1
    outer loop
      vertex 22.1213 14.1213 0
      vertex 19.85 10.9722 0
      vertex 21.8263 14.3801 0
    endloop
  endfacet
  facet normal 0 0 -1
    outer loop
      vertex 19.6506 11.0706 0
      vertex 21.8263 14.3801 0
      vertex 19.85 10.9722 0
    endloop
  endfacet
  facet normal -0 0 -1
    outer loop
      vertex 21.8263 14.3801 0
      vertex 19.6506 11.0706 0
      vertex 21.5 14.5981 0
    endloop
  endfacet
  facet normal -0 0 -1
    outer loop
      vertex 21.5 14.5981 0
      vertex 19.6506 11.0706 0
      vertex 21.148 14.7716 0
    endloop
  endfacet
  facet normal -0 0 -1
    outer loop
      vertex 21.148 14.7716 0
      vertex 19.6506 11.0706 0
      vertex 20.7765 14.8978 0
    endloop
  endfacet
  facet normal -0 0 -1
    outer loop
      vertex 20.7765 14.8978 0
      vertex 19.6506 11.0706 0
      vertex 20.3916 14.9743 0
    endloop
  endfacet
  facet normal 0 0 -1
    outer loop
      vertex 19.44 11.1421 0
      vertex 20.3916 14.9743 0
      vertex 19.6506 11.0706 0
    endloop
  endfacet
  facet normal -0 0 -1
    outer loop
      vertex 20.3916 14.9743 0
      vertex 19.44 11.1421 0
      vertex 20 15 0
    endloop
  endfacet
  facet normal 0 0 -1
    outer loop
      vertex 19.2219 11.1855 0
      vertex 20 15 0
      vertex 19.44 11.1421 0
    endloop
  endfacet
  facet normal 0 0 -1
    outer loop
      vertex 19 11.2 0
      vertex 20 15 0
      vertex 19.2219 11.1855 0
    endloop
  endfacet
  facet normal 0 0 -1
    outer loop
      vertex 18.7781 11.1855 0
      vertex 20 15 0
      vertex 19 11.2 0
    endloop
  endfacet
  facet normal 0 0 -1
    outer loop
      vertex 18.56 11.1421 0
      vertex 20 15 0
      vertex 18.7781 11.1855 0
    endloop
  endfacet
  facet normal 0 0 -1
    outer loop
      vertex 18.3494 11.0706 0
      vertex 20 15 0
      vertex 18.56 11.1421 0
    endloop
  endfacet
  facet normal 0 0 -1
    outer loop
      vertex 18.15 10.9722 0
      vertex 20 15 0
      vertex 18.3494 11.0706 0
    endloop
  endfacet
  facet normal 0 0 -1
    outer loop
      vertex 17.9651 10.8487 0
      vertex 20 15 0
      vertex 18.15 10.9722 0
    endloop
  endfacet
  facet normal 0 0 -1
    outer loop
      vertex 17.7979 10.7021 0
      vertex 20 15 0
      vertex 17.9651 10.8487 0
    endloop
  endfacet
  facet normal 0 0 -1
    outer loop
      vertex 17.6513 10.5349 0
      vertex 20 15 0
      vertex 17.7979 10.7021 0
    endloop
  endfacet
  facet normal 0 0 -1
    outer loop
      vertex 1.3487 10.5349 0
      vertex 17.6513 10.5349 0
      vertex 17.5278 10.35 0
    endloop
  endfacet
  facet normal -0 0 -1
    outer loop
      vertex 17.7979 8.29792 0
      vertex 12.3284 2.82843 0
      vertex 17.6513 8.46511 0
    endloop
  endfacet
  facet normal 0 0 -1
    outer loop
      vertex 11.935 3.17341 0
      vertex 17.6513 8.46511 0
      vertex 12.3284 2.82843 0
    endloop
  endfacet
  facet normal -0 0 -1
    outer loop
      vertex 17.6513 8.46511 0
      vertex 11.935 3.17341 0
      vertex 17.5278 8.65 0
    endloop
  endfacet
  facet normal 0 0 -1
    outer loop
      vertex 11.5 3.4641 0
      vertex 17.5278 8.65 0
      vertex 11.935 3.17341 0
    endloop
  endfacet
  facet normal -0 0 -1
    outer loop
      vertex 17.5278 8.65 0
      vertex 11.5 3.4641 0
      vertex 17.4294 8.84944 0
    endloop
  endfacet
  facet normal -0 0 -1
    outer loop
      vertex 17.4294 8.84944 0
      vertex 11.5 3.4641 0
      vertex 17.3579 9.06001 0
    endloop
  endfacet
  facet normal 0 0 -1
    outer loop
      vertex 11.0307 3.69552 0
      vertex 17.3579 9.06001 0
      vertex 11.5 3.4641 0
    endloop
  endfacet
  facet normal -0 0 -1
    outer loop
      vertex 17.3579 9.06001 0
      vertex 11.0307 3.69552 0
      vertex 17.3145 9.2781 0
    endloop
  endfacet
  facet normal 0 0 -1
    outer loop
      vertex 10.5353 3.8637 0
      vertex 17.3145 9.2781 0
      vertex 11.0307 3.69552 0
    endloop
  endfacet
  facet normal -0 0 -1
    outer loop
      vertex 17.3145 9.2781 0
      vertex 10.5353 3.8637 0
      vertex 17.3 9.5 0
    endloop
  endfacet
  facet normal 0 0 -1
    outer loop
      vertex 10.0221 3.96578 0
      vertex 17.3 9.5 0
      vertex 10.5353 3.8637 0
    endloop
  endfacet
  facet normal -0 0 -1
    outer loop
      vertex 17.3 9.5 0
      vertex 10.0221 3.96578 0
      vertex 17.3145 9.72189 0
    endloop
  endfacet
  facet normal -0 0 -1
    outer loop
      vertex 17.3145 9.72189 0
      vertex 10.0221 3.96578 0
      vertex 17.3579 9.93999 0
    endloop
  endfacet
  facet normal 0 0 -1
    outer loop
      vertex 9.5 4 0
      vertex 17.3579 9.93999 0
      vertex 10.0221 3.96578 0
    endloop
  endfacet
  facet normal 0 0 -1
    outer loop
      vertex 1.64207 9.93999 0
      vertex 17.3579 9.93999 0
      vertex 9.5 4 0
    endloop
  endfacet
  facet normal 0 0 -1
    outer loop
      vertex 17.3579 9.93999 0
      vertex 1.64207 9.93999 0
      vertex 17.4294 10.1506 0
    endloop
  endfacet
  facet normal 0 0 -1
    outer loop
      vertex 1.57059 10.1506 0
      vertex 17.4294 10.1506 0
      vertex 1.64207 9.93999 0
    endloop
  endfacet
  facet normal 0 0 -1
    outer loop
      vertex 1.64207 9.93999 0
      vertex 9.5 4 0
      vertex 8.97789 3.96578 0
    endloop
  endfacet
  facet normal 0 0 -1
    outer loop
      vertex 1.7 9.5 0
      vertex 8.97789 3.96578 0
      vertex 8.46472 3.8637 0
    endloop
  endfacet
  facet normal 0 0 -1
    outer loop
      vertex 1.7 9.5 0
      vertex 8.46472 3.8637 0
      vertex 7.96927 3.69552 0
    endloop
  endfacet
  facet normal 0 0 -1
    outer loop
      vertex 1.7 9.5 0
      vertex 7.96927 3.69552 0
      vertex 7.5 3.4641 0
    endloop
  endfacet
  facet normal 0 0 -1
    outer loop
      vertex 1.7 9.5 0
      vertex 7.5 3.4641 0
      vertex 7.06495 3.17341 0
    endloop
  endfacet
  facet normal 0 0 -1
    outer loop
      vertex 1.7 9.5 0
      vertex 7.06495 3.17341 0
      vertex 6.67157 2.82843 0
    endloop
  endfacet
  facet normal 0 0 -1
    outer loop
      vertex 1.03489 -8.1513 0
      vertex 6.67157 -2.82843 0
      vertex 1.20208 -8.29792 0
    endloop
  endfacet
  facet normal 0 0 -1
    outer loop
      vertex 5.5 0 0
      vertex 1.7 9.5 0
      vertex 5.53422 0.522104 0
    endloop
  endfacet
  facet normal 0 0 -1
    outer loop
      vertex 5.53422 0.522104 0
      vertex 1.7 9.5 0
      vertex 5.6363 1.03528 0
    endloop
  endfacet
  facet normal 0 0 -1
    outer loop
      vertex 5.6363 1.03528 0
      vertex 1.7 9.5 0
      vertex 5.80448 1.53073 0
    endloop
  endfacet
  facet normal 0 0 -1
    outer loop
      vertex 1.7 9.5 0
      vertex 6.0359 2 0
      vertex 5.80448 1.53073 0
    endloop
  endfacet
  facet normal 0 0 -1
    outer loop
      vertex 1.7 9.5 0
      vertex 6.32659 2.43505 0
      vertex 6.0359 2 0
    endloop
  endfacet
  facet normal 0 0 -1
    outer loop
      vertex 1.7 9.5 0
      vertex 6.67157 2.82843 0
      vertex 6.32659 2.43505 0
    endloop
  endfacet
  facet normal 0 0 -1
    outer loop
      vertex 8.97789 3.96578 0
      vertex 1.7 9.5 0
      vertex 1.68546 9.72189 0
    endloop
  endfacet
  facet normal 0 0 -1
    outer loop
      vertex 8.97789 3.96578 0
      vertex 1.68546 9.72189 0
      vertex 1.64207 9.93999 0
    endloop
  endfacet
  facet normal 0 0 -1
    outer loop
      vertex 17.4294 10.1506 0
      vertex 1.57059 10.1506 0
      vertex 17.5278 10.35 0
    endloop
  endfacet
  facet normal 0 0 -1
    outer loop
      vertex 1.47224 10.35 0
      vertex 17.5278 10.35 0
      vertex 1.57059 10.1506 0
    endloop
  endfacet
  facet normal 0 0 -1
    outer loop
      vertex 1.3487 10.5349 0
      vertex 17.5278 10.35 0
      vertex 1.47224 10.35 0
    endloop
  endfacet
  facet normal 0 0 -1
    outer loop
      vertex 17.6513 10.5349 0
      vertex 1.3487 10.5349 0
      vertex 20 15 0
    endloop
  endfacet
  facet normal 0 0 -1
    outer loop
      vertex 1.20208 10.7021 0
      vertex 20 15 0
      vertex 1.3487 10.5349 0
    endloop
  endfacet
  facet normal 0 0 -1
    outer loop
      vertex 1.03489 10.8487 0
      vertex 20 15 0
      vertex 1.20208 10.7021 0
    endloop
  endfacet
  facet normal 0 0 -1
    outer loop
      vertex 0.849999 10.9722 0
      vertex 20 15 0
      vertex 1.03489 10.8487 0
    endloop
  endfacet
  facet normal 0 0 -1
    outer loop
      vertex 0.650561 11.0706 0
      vertex 20 15 0
      vertex 0.849999 10.9722 0
    endloop
  endfacet
  facet normal 0 0 -1
    outer loop
      vertex 0.439992 11.1421 0
      vertex 20 15 0
      vertex 0.650561 11.0706 0
    endloop
  endfacet
  facet normal 0 0 -1
    outer loop
      vertex 0.221894 11.1855 0
      vertex 20 15 0
      vertex 0.439992 11.1421 0
    endloop
  endfacet
  facet normal 0 0 -1
    outer loop
      vertex 0 11.2 0
      vertex 20 15 0
      vertex 0.221894 11.1855 0
    endloop
  endfacet
  facet normal 0 0 -1
    outer loop
      vertex -20 15 0
      vertex 0 11.2 0
      vertex -0.221894 11.1855 0
    endloop
  endfacet
  facet normal 0 0 -1
    outer loop
      vertex -1.68546 9.2781 0
      vertex -6.8 9.3 0
      vertex -1.7 9.5 0
    endloop
  endfacet
  facet normal 0 0 -1
    outer loop
      vertex -6.81027 9.45663 0
      vertex -1.7 9.5 0
      vertex -6.8 9.3 0
    endloop
  endfacet
  facet normal -0 0 -1
    outer loop
      vertex -1.7 9.5 0
      vertex -6.81027 9.45663 0
      vertex -1.68546 9.72189 0
    endloop
  endfacet
  facet normal 0 0 -1
    outer loop
      vertex -6.84089 9.61058 0
      vertex -1.68546 9.72189 0
      vertex -6.81027 9.45663 0
    endloop
  endfacet
  facet normal -0 0 -1
    outer loop
      vertex -1.68546 9.72189 0
      vertex -6.84089 9.61058 0
      vertex -1.64207 9.93999 0
    endloop
  endfacet
  facet normal 0 0 -1
    outer loop
      vertex -6.89134 9.75922 0
      vertex -1.64207 9.93999 0
      vertex -6.84089 9.61058 0
    endloop
  endfacet
  facet normal -0 0 -1
    outer loop
      vertex -1.64207 9.93999 0
      vertex -6.89134 9.75922 0
      vertex -1.57059 10.1506 0
    endloop
  endfacet
  facet normal 0 0 -1
    outer loop
      vertex -6.96077 9.9 0
      vertex -1.57059 10.1506 0
      vertex -6.89134 9.75922 0
    endloop
  endfacet
  facet normal -0 0 -1
    outer loop
      vertex -1.57059 10.1506 0
      vertex -6.96077 9.9 0
      vertex -1.47224 10.35 0
    endloop
  endfacet
  facet normal 0 0 -1
    outer loop
      vertex -7.04798 10.0305 0
      vertex -1.47224 10.35 0
      vertex -6.96077 9.9 0
    endloop
  endfacet
  facet normal -0 0 -1
    outer loop
      vertex -1.47224 10.35 0
      vertex -7.04798 10.0305 0
      vertex -1.3487 10.5349 0
    endloop
  endfacet
  facet normal 0 0 -1
    outer loop
      vertex -7.15147 10.1485 0
      vertex -1.3487 10.5349 0
      vertex -7.04798 10.0305 0
    endloop
  endfacet
  facet normal -0 0 -1
    outer loop
      vertex -1.3487 10.5349 0
      vertex -7.15147 10.1485 0
      vertex -1.20208 10.7021 0
    endloop
  endfacet
  facet normal 0 0 -1
    outer loop
      vertex -7.26949 10.252 0
      vertex -1.20208 10.7021 0
      vertex -7.15147 10.1485 0
    endloop
  endfacet
  facet normal 0 0 -1
    outer loop
      vertex -7.4 10.3392 0
      vertex -1.20208 10.7021 0
      vertex -7.26949 10.252 0
    endloop
  endfacet
  facet normal -0 0 -1
    outer loop
      vertex -1.20208 10.7021 0
      vertex -7.4 10.3392 0
      vertex -1.03489 10.8487 0
    endloop
  endfacet
  facet normal 0 0 -1
    outer loop
      vertex -7.54078 10.4087 0
      vertex -1.03489 10.8487 0
      vertex -7.4 10.3392 0
    endloop
  endfacet
  facet normal -0 0 -1
    outer loop
      vertex -1.03489 10.8487 0
      vertex -7.54078 10.4087 0
      vertex -0.849999 10.9722 0
    endloop
  endfacet
  facet normal 0 0 -1
    outer loop
      vertex -7.68942 10.4591 0
      vertex -0.849999 10.9722 0
      vertex -7.54078 10.4087 0
    endloop
  endfacet
  facet normal -0 0 -1
    outer loop
      vertex -0.849999 10.9722 0
      vertex -7.68942 10.4591 0
      vertex -0.650561 11.0706 0
    endloop
  endfacet
  facet normal 0 0 -1
    outer loop
      vertex -7.84337 10.4897 0
      vertex -0.650561 11.0706 0
      vertex -7.68942 10.4591 0
    endloop
  endfacet
  facet normal -0 0 -1
    outer loop
      vertex -0.650561 11.0706 0
      vertex -7.84337 10.4897 0
      vertex -0.439992 11.1421 0
    endloop
  endfacet
  facet normal 0 0 -1
    outer loop
      vertex -20 15 0
      vertex -0.439992 11.1421 0
      vertex -7.84337 10.4897 0
    endloop
  endfacet
  facet normal 0 0 -1
    outer loop
      vertex -0.439992 11.1421 0
      vertex -20 15 0
      vertex -0.221894 11.1855 0
    endloop
  endfacet
  facet normal 0 0 -1
    outer loop
      vertex -20 15 0
      vertex -7.84337 10.4897 0
      vertex -8 10.5 0
    endloop
  endfacet
  facet normal 0 0 -1
    outer loop
      vertex -20 15 0
      vertex -8 10.5 0
      vertex -8.15663 10.4897 0
    endloop
  endfacet
  facet normal 0 0 -1
    outer loop
      vertex -9.15911 8.98942 0
      vertex -23 12 0
      vertex -9.18973 9.14337 0
    endloop
  endfacet
  facet normal 0 -0 -1
    outer loop
      vertex -20 15 0
      vertex -9.18973 9.14337 0
      vertex -23 12 0
    endloop
  endfacet
  facet normal 0 0 -1
    outer loop
      vertex -9.18973 9.14337 0
      vertex -20 15 0
      vertex -9.2 9.3 0
    endloop
  endfacet
  facet normal 0 0 -1
    outer loop
      vertex 0 11.2 0
      vertex -20 15 0
      vertex 20 15 0
    endloop
  endfacet
  facet normal 0 0 -1
    outer loop
      vertex -8.31058 10.4591 0
      vertex -20 15 0
      vertex -8.15663 10.4897 0
    endloop
  endfacet
  facet normal 0 0 -1
    outer loop
      vertex -8.45922 10.4087 0
      vertex -20 15 0
      vertex -8.31058 10.4591 0
    endloop
  endfacet
  facet normal 0 0 -1
    outer loop
      vertex -8.6 10.3392 0
      vertex -20 15 0
      vertex -8.45922 10.4087 0
    endloop
  endfacet
  facet normal 0 0 -1
    outer loop
      vertex -8.73051 10.252 0
      vertex -20 15 0
      vertex -8.6 10.3392 0
    endloop
  endfacet
  facet normal 0 0 -1
    outer loop
      vertex -8.84853 10.1485 0
      vertex -20 15 0
      vertex -8.73051 10.252 0
    endloop
  endfacet
  facet normal 0 0 -1
    outer loop
      vertex -8.95202 10.0305 0
      vertex -20 15 0
      vertex -8.84853 10.1485 0
    endloop
  endfacet
  facet normal 0 0 -1
    outer loop
      vertex -9.03923 9.9 0
      vertex -20 15 0
      vertex -8.95202 10.0305 0
    endloop
  endfacet
  facet normal 0 0 -1
    outer loop
      vertex -9.10865 9.75922 0
      vertex -20 15 0
      vertex -9.03923 9.9 0
    endloop
  endfacet
  facet normal 0 0 -1
    outer loop
      vertex -9.2 9.3 0
      vertex -20 15 0
      vertex -9.18973 9.45663 0
    endloop
  endfacet
  facet normal 0 0 -1
    outer loop
      vertex -23 -12 0
      vertex -20 -15 0
      vertex -20.3916 -14.9743 0
    endloop
  endfacet
  facet normal 0 0 -1
    outer loop
      vertex -9.18973 9.45663 0
      vertex -20 15 0
      vertex -9.15911 9.61058 0
    endloop
  endfacet
  facet normal 0 0 -1
    outer loop
      vertex -23 -12 0
      vertex -20.3916 -14.9743 0
      vertex -20.7765 -14.8978 0
    endloop
  endfacet
  facet normal 0 0 -1
    outer loop
      vertex -9.15911 9.61058 0
      vertex -20 15 0
      vertex -9.10865 9.75922 0
    endloop
  endfacet
  facet normal 0 0 -1
    outer loop
      vertex -23 -12 0
      vertex -20.7765 -14.8978 0
      vertex -21.148 -14.7716 0
    endloop
  endfacet
  facet normal 0 0 -1
    outer loop
      vertex -20 15 0
      vertex -23 12 0
      vertex -20.3916 14.9743 0
    endloop
  endfacet
  facet normal 0 0 -1
    outer loop
      vertex -23 -12 0
      vertex -21.148 -14.7716 0
      vertex -21.5 -14.5981 0
    endloop
  endfacet
  facet normal 0 0 -1
    outer loop
      vertex -20.3916 14.9743 0
      vertex -23 12 0
      vertex -20.7765 14.8978 0
    endloop
  endfacet
  facet normal 0 0 -1
    outer loop
      vertex -23 -12 0
      vertex -21.5 -14.5981 0
      vertex -21.8263 -14.3801 0
    endloop
  endfacet
  facet normal 0 0 -1
    outer loop
      vertex -20.7765 14.8978 0
      vertex -23 12 0
      vertex -21.148 14.7716 0
    endloop
  endfacet
  facet normal 0 0 -1
    outer loop
      vertex -23 -12 0
      vertex -21.8263 -14.3801 0
      vertex -22.1213 -14.1213 0
    endloop
  endfacet
  facet normal 0 0 -1
    outer loop
      vertex -21.148 14.7716 0
      vertex -23 12 0
      vertex -21.5 14.5981 0
    endloop
  endfacet
  facet normal 0 0 -1
    outer loop
      vertex -23 -12 0
      vertex -22.1213 -14.1213 0
      vertex -22.3801 -13.8263 0
    endloop
  endfacet
  facet normal 0 0 -1
    outer loop
      vertex -21.5 14.5981 0
      vertex -23 12 0
      vertex -21.8263 14.3801 0
    endloop
  endfacet
  facet normal 0 0 -1
    outer loop
      vertex -23 -12 0
      vertex -22.3801 -13.8263 0
      vertex -22.5981 -13.5 0
    endloop
  endfacet
  facet normal 0 0 -1
    outer loop
      vertex -21.8263 14.3801 0
      vertex -23 12 0
      vertex -22.1213 14.1213 0
    endloop
  endfacet
  facet normal 0 0 -1
    outer loop
      vertex -23 -12 0
      vertex -22.5981 -13.5 0
      vertex -22.7716 -13.148 0
    endloop
  endfacet
  facet normal 0 0 -1
    outer loop
      vertex -22.1213 14.1213 0
      vertex -23 12 0
      vertex -22.3801 13.8263 0
    endloop
  endfacet
  facet normal 0 0 -1
    outer loop
      vertex -23 -12 0
      vertex -22.7716 -13.148 0
      vertex -22.8978 -12.7765 0
    endloop
  endfacet
  facet normal 0 0 -1
    outer loop
      vertex -22.3801 13.8263 0
      vertex -23 12 0
      vertex -22.5981 13.5 0
    endloop
  endfacet
  facet normal 0 0 -1
    outer loop
      vertex -23 -12 0
      vertex -22.8978 -12.7765 0
      vertex -22.9743 -12.3916 0
    endloop
  endfacet
  facet normal 0 0 -1
    outer loop
      vertex -22.5981 13.5 0
      vertex -23 12 0
      vertex -22.7716 13.148 0
    endloop
  endfacet
  facet normal 0 0 -1
    outer loop
      vertex -22.7716 13.148 0
      vertex -23 12 0
      vertex -22.8978 12.7765 0
    endloop
  endfacet
  facet normal 0 0 -1
    outer loop
      vertex -22.8978 12.7765 0
      vertex -23 12 0
      vertex -22.9743 12.3916 0
    endloop
  endfacet
  facet normal 0 -0.442287 0.896874
    outer loop
      vertex -23 3.15 2.84404
      vertex 6.67157 2.82843 2.68546
      vertex 7.03826 3.15 2.84404
    endloop
  endfacet
  facet normal -1.81122e-07 -0.4423 0.896867
    outer loop
      vertex -23 3.15 2.84404
      vertex 6.32659 2.43505 2.49146
      vertex 6.67157 2.82843 2.68546
    endloop
  endfacet
  facet normal 8.60159e-06 -0.442011 0.89701
    outer loop
      vertex -23 3.15 2.84404
      vertex 6.31046 2.4109 2.47956
      vertex 6.32659 2.43505 2.49146
    endloop
  endfacet
  facet normal 0 -0.442285 0.896875
    outer loop
      vertex 6.31046 2.4109 2.47956
      vertex -23 3.15 2.84404
      vertex -23 2.4109 2.47956
    endloop
  endfacet
  facet normal -2.88264e-05 -0.555561 0.831476
    outer loop
      vertex 8 3.8352 3.30187
      vertex 7.96927 3.69552 3.20854
      vertex 8 3.70595 3.21551
    endloop
  endfacet
  facet normal 1.57512e-05 -0.555568 0.831471
    outer loop
      vertex 8 3.8352 3.30187
      vertex 7.5 3.4641 3.05392
      vertex 7.96927 3.69552 3.20854
    endloop
  endfacet
  facet normal -0.000303624 -0.55527 0.83167
    outer loop
      vertex 8 3.8352 3.30187
      vertex 7.06495 3.17341 2.85968
      vertex 7.5 3.4641 3.05392
    endloop
  endfacet
  facet normal 0 -0.555567 0.831472
    outer loop
      vertex -23 3.8352 3.30187
      vertex 7.06495 3.17341 2.85968
      vertex 8 3.8352 3.30187
    endloop
  endfacet
  facet normal 1.46631e-06 -0.555521 0.831503
    outer loop
      vertex -23 3.8352 3.30187
      vertex 7.03826 3.15 2.84404
      vertex 7.06495 3.17341 2.85968
    endloop
  endfacet
  facet normal 0 -0.555565 0.831473
    outer loop
      vertex 7.03826 3.15 2.84404
      vertex -23 3.8352 3.30187
      vertex -23 3.15 2.84404
    endloop
  endfacet
  facet normal 0 -0.0654137 0.997858
    outer loop
      vertex -23 0.822314 2.0539
      vertex 5.53422 0.522104 2.03422
      vertex 5.59394 0.822314 2.0539
    endloop
  endfacet
  facet normal 1.21855e-07 -0.0654022 0.997859
    outer loop
      vertex -23 0.822314 2.0539
      vertex 5.5 0 2
      vertex 5.53422 0.522104 2.03422
    endloop
  endfacet
  facet normal 0 -0.0654064 0.997859
    outer loop
      vertex 5.5 0 2
      vertex -23 0.822314 2.0539
      vertex -23 0 2
    endloop
  endfacet
  facet normal -2.88264e-05 0.555561 0.831476
    outer loop
      vertex 7.96927 -3.69552 3.20854
      vertex 8 -3.8352 3.30187
      vertex 8 -3.70595 3.21551
    endloop
  endfacet
  facet normal 1.57512e-05 0.555568 0.831471
    outer loop
      vertex 7.5 -3.4641 3.05392
      vertex 8 -3.8352 3.30187
      vertex 7.96927 -3.69552 3.20854
    endloop
  endfacet
  facet normal -0.000303624 0.55527 0.83167
    outer loop
      vertex 7.06495 -3.17341 2.85968
      vertex 8 -3.8352 3.30187
      vertex 7.5 -3.4641 3.05392
    endloop
  endfacet
  facet normal 0 0.555565 0.831473
    outer loop
      vertex -23 -3.8352 3.30187
      vertex 7.03826 -3.15 2.84404
      vertex -23 -3.15 2.84404
    endloop
  endfacet
  facet normal 1.46631e-06 0.555521 0.831503
    outer loop
      vertex 7.03826 -3.15 2.84404
      vertex -23 -3.8352 3.30187
      vertex 7.06495 -3.17341 2.85968
    endloop
  endfacet
  facet normal 0 0.555567 0.831472
    outer loop
      vertex 7.06495 -3.17341 2.85968
      vertex -23 -3.8352 3.30187
      vertex 8 -3.8352 3.30187
    endloop
  endfacet
  facet normal 0 0.0654064 0.997859
    outer loop
      vertex -23 -0.822314 2.0539
      vertex 5.5 0 2
      vertex -23 0 2
    endloop
  endfacet
  facet normal 1.21855e-07 0.0654022 0.997859
    outer loop
      vertex 5.5 0 2
      vertex -23 -0.822314 2.0539
      vertex 5.53422 -0.522104 2.03422
    endloop
  endfacet
  facet normal 0 0.0654137 0.997858
    outer loop
      vertex 5.53422 -0.522104 2.03422
      vertex -23 -0.822314 2.0539
      vertex 5.59394 -0.822314 2.0539
    endloop
  endfacet
  facet normal 0 -0.659354 0.751833
    outer loop
      vertex -23 4.45477 3.84523
      vertex 8 3.8352 3.30187
      vertex 8 4.45477 3.84523
    endloop
  endfacet
  facet normal 0 -0.659354 0.751833
    outer loop
      vertex 8 3.8352 3.30187
      vertex -23 4.45477 3.84523
      vertex -23 3.8352 3.30187
    endloop
  endfacet
  facet normal 0 0.32144 0.94693
    outer loop
      vertex -23 -2.4109 2.47956
      vertex 5.85371 -1.63056 2.21467
      vertex -23 -1.63056 2.21467
    endloop
  endfacet
  facet normal -1.29549e-07 0.321444 0.946929
    outer loop
      vertex 5.85371 -1.63056 2.21467
      vertex -23 -2.4109 2.47956
      vertex 6.0359 -2 2.34008
    endloop
  endfacet
  facet normal 0 0.321436 0.946931
    outer loop
      vertex 6.0359 -2 2.34008
      vertex -23 -2.4109 2.47956
      vertex 6.31046 -2.4109 2.47956
    endloop
  endfacet
  facet normal 0 0.442285 0.896875
    outer loop
      vertex -23 -3.15 2.84404
      vertex 6.31046 -2.4109 2.47956
      vertex -23 -2.4109 2.47956
    endloop
  endfacet
  facet normal 8.60159e-06 0.442011 0.89701
    outer loop
      vertex 6.31046 -2.4109 2.47956
      vertex -23 -3.15 2.84404
      vertex 6.32659 -2.43505 2.49146
    endloop
  endfacet
  facet normal -1.81122e-07 0.4423 0.896867
    outer loop
      vertex 6.32659 -2.43505 2.49146
      vertex -23 -3.15 2.84404
      vertex 6.67157 -2.82843 2.68546
    endloop
  endfacet
  facet normal 0 0.442287 0.896874
    outer loop
      vertex 6.67157 -2.82843 2.68546
      vertex -23 -3.15 2.84404
      vertex 7.03826 -3.15 2.84404
    endloop
  endfacet
  facet normal 0 -0.751839 0.659347
    outer loop
      vertex -23 4.45477 3.84523
      vertex 8 4.5905 4
      vertex -23 4.5905 4
    endloop
  endfacet
  facet normal 0 -0.751839 0.659347
    outer loop
      vertex 8 4.5905 4
      vertex -23 4.45477 3.84523
      vertex 8 4.45477 3.84523
    endloop
  endfacet
  facet normal 0 -0.195115 0.98078
    outer loop
      vertex -23 1.63056 2.21467
      vertex 5.80448 1.53073 2.19481
      vertex 5.85371 1.63056 2.21467
    endloop
  endfacet
  facet normal 9.54497e-08 -0.195088 0.980786
    outer loop
      vertex -23 1.63056 2.21467
      vertex 5.6363 1.03528 2.09626
      vertex 5.80448 1.53073 2.19481
    endloop
  endfacet
  facet normal 1.99121e-07 -0.195083 0.980787
    outer loop
      vertex -23 1.63056 2.21467
      vertex 5.59394 0.822314 2.0539
      vertex 5.6363 1.03528 2.09626
    endloop
  endfacet
  facet normal 0 -0.19509 0.980785
    outer loop
      vertex 5.59394 0.822314 2.0539
      vertex -23 1.63056 2.21467
      vertex -23 0.822314 2.0539
    endloop
  endfacet
  facet normal -0 0.659354 0.751833
    outer loop
      vertex -23 -3.8352 3.30187
      vertex 8 -4.45477 3.84523
      vertex 8 -3.8352 3.30187
    endloop
  endfacet
  facet normal 0 0.659354 0.751833
    outer loop
      vertex 8 -4.45477 3.84523
      vertex -23 -3.8352 3.30187
      vertex -23 -4.45477 3.84523
    endloop
  endfacet
  facet normal 0 0.19509 0.980785
    outer loop
      vertex -23 -1.63056 2.21467
      vertex 5.59394 -0.822314 2.0539
      vertex -23 -0.822314 2.0539
    endloop
  endfacet
  facet normal 1.99121e-07 0.195083 0.980787
    outer loop
      vertex 5.59394 -0.822314 2.0539
      vertex -23 -1.63056 2.21467
      vertex 5.6363 -1.03528 2.09626
    endloop
  endfacet
  facet normal 9.54497e-08 0.195088 0.980786
    outer loop
      vertex 5.6363 -1.03528 2.09626
      vertex -23 -1.63056 2.21467
      vertex 5.80448 -1.53073 2.19481
    endloop
  endfacet
  facet normal 0 0.195115 0.98078
    outer loop
      vertex 5.80448 -1.53073 2.19481
      vertex -23 -1.63056 2.21467
      vertex 5.85371 -1.63056 2.21467
    endloop
  endfacet
  facet normal 0 -0.321436 0.946931
    outer loop
      vertex -23 2.4109 2.47956
      vertex 6.0359 2 2.34008
      vertex 6.31046 2.4109 2.47956
    endloop
  endfacet
  facet normal -1.29549e-07 -0.321444 0.946929
    outer loop
      vertex -23 2.4109 2.47956
      vertex 5.85371 1.63056 2.21467
      vertex 6.0359 2 2.34008
    endloop
  endfacet
  facet normal 0 -0.32144 0.94693
    outer loop
      vertex 5.85371 1.63056 2.21467
      vertex -23 2.4109 2.47956
      vertex -23 1.63056 2.21467
    endloop
  endfacet
  facet normal -1 0 0
    outer loop
      vertex 8 3.70595 4
      vertex 8 4.45477 3.84523
      vertex 8 3.8352 3.30187
    endloop
  endfacet
  facet normal -1 0 0
    outer loop
      vertex 8 3.70595 4
      vertex 8 3.8352 3.30187
      vertex 8 3.70595 3.21551
    endloop
  endfacet
  facet normal -1 0 0
    outer loop
      vertex 8 4.45477 3.84523
      vertex 8 3.70595 4
      vertex 8 4.5905 4
    endloop
  endfacet
  facet normal -1 0 0
    outer loop
      vertex 8 -3.8352 3.30187
      vertex 8 -3.70595 4
      vertex 8 -3.70595 3.21551
    endloop
  endfacet
  facet normal -1 0 0
    outer loop
      vertex 8 -4.45477 3.84523
      vertex 8 -3.70595 4
      vertex 8 -3.8352 3.30187
    endloop
  endfacet
  facet normal -1 -0 0
    outer loop
      vertex 8 -3.70595 4
      vertex 8 -4.45477 3.84523
      vertex 8 -4.5905 4
    endloop
  endfacet
  facet normal 0 0.751839 0.659347
    outer loop
      vertex 8 -4.45477 3.84523
      vertex -23 -4.5905 4
      vertex 8 -4.5905 4
    endloop
  endfacet
  facet normal 0 0.751839 0.659347
    outer loop
      vertex -23 -4.5905 4
      vertex 8 -4.45477 3.84523
      vertex -23 -4.45477 3.84523
    endloop
  endfacet
endsolid OpenSCAD_Model
