solid OpenSCAD_Model
  facet normal -0.980783 -0.195102 0
    outer loop
      vertex -27.5624 -24.3107 0
      vertex -27.5994 -24.1247 3
      vertex -27.5994 -24.1247 0
    endloop
  endfacet
  facet normal -0.980783 -0.195102 0
    outer loop
      vertex -27.5994 -24.1247 3
      vertex -27.5624 -24.3107 0
      vertex -27.5624 -24.3107 3
    endloop
  endfacet
  facet normal -0.997861 -0.0653644 0
    outer loop
      vertex -27.55 -24.5 0
      vertex -27.5624 -24.3107 3
      vertex -27.5624 -24.3107 0
    endloop
  endfacet
  facet normal -0.997861 -0.0653644 0
    outer loop
      vertex -27.5624 -24.3107 3
      vertex -27.55 -24.5 0
      vertex -27.55 -24.5 3
    endloop
  endfacet
  facet normal -0.3216 0.946876 0
    outer loop
      vertex -28.4451 -25.8396 0
      vertex -28.6247 -25.9006 3
      vertex -28.4451 -25.8396 3
    endloop
  endfacet
  facet normal -0.3216 0.946876 0
    outer loop
      vertex -28.6247 -25.9006 3
      vertex -28.4451 -25.8396 0
      vertex -28.6247 -25.9006 0
    endloop
  endfacet
  facet normal -0.831644 -0.555309 0
    outer loop
      vertex -27.7443 -23.775 0
      vertex -27.8496 -23.6173 3
      vertex -27.8496 -23.6173 0
    endloop
  endfacet
  facet normal -0.831644 -0.555309 0
    outer loop
      vertex -27.8496 -23.6173 3
      vertex -27.7443 -23.775 0
      vertex -27.7443 -23.775 3
    endloop
  endfacet
  facet normal 0.896839 -0.442356 0
    outer loop
      vertex -30.3396 -23.9451 3
      vertex -30.2557 -23.775 0
      vertex -30.2557 -23.775 3
    endloop
  endfacet
  facet normal 0.896839 -0.442356 0
    outer loop
      vertex -30.2557 -23.775 0
      vertex -30.3396 -23.9451 3
      vertex -30.3396 -23.9451 0
    endloop
  endfacet
  facet normal 0.555309 -0.831644 0
    outer loop
      vertex -29.8827 -23.3496 0
      vertex -29.725 -23.2443 3
      vertex -29.8827 -23.3496 3
    endloop
  endfacet
  facet normal 0.555309 -0.831644 0
    outer loop
      vertex -29.725 -23.2443 3
      vertex -29.8827 -23.3496 0
      vertex -29.725 -23.2443 0
    endloop
  endfacet
  facet normal 0.659474 -0.751727 0
    outer loop
      vertex -30.0253 -23.4747 0
      vertex -29.8827 -23.3496 3
      vertex -30.0253 -23.4747 3
    endloop
  endfacet
  facet normal 0.659474 -0.751727 0
    outer loop
      vertex -29.8827 -23.3496 3
      vertex -30.0253 -23.4747 0
      vertex -29.8827 -23.3496 0
    endloop
  endfacet
  facet normal 0.751727 -0.659474 0
    outer loop
      vertex -30.1504 -23.6173 3
      vertex -30.0253 -23.4747 0
      vertex -30.0253 -23.4747 3
    endloop
  endfacet
  facet normal 0.751727 -0.659474 0
    outer loop
      vertex -30.0253 -23.4747 0
      vertex -30.1504 -23.6173 3
      vertex -30.1504 -23.6173 0
    endloop
  endfacet
  facet normal -0.946876 0.3216 0
    outer loop
      vertex -27.6604 -25.0549 0
      vertex -27.5994 -24.8753 3
      vertex -27.5994 -24.8753 0
    endloop
  endfacet
  facet normal -0.946876 0.3216 0
    outer loop
      vertex -27.5994 -24.8753 3
      vertex -27.6604 -25.0549 0
      vertex -27.6604 -25.0549 3
    endloop
  endfacet
  facet normal 0.997861 -0.0653644 0
    outer loop
      vertex -30.45 -24.5 3
      vertex -30.4376 -24.3107 0
      vertex -30.4376 -24.3107 3
    endloop
  endfacet
  facet normal 0.997861 -0.0653644 0
    outer loop
      vertex -30.4376 -24.3107 0
      vertex -30.45 -24.5 3
      vertex -30.45 -24.5 0
    endloop
  endfacet
  facet normal -0.555309 -0.831644 0
    outer loop
      vertex -28.275 -23.2443 0
      vertex -28.1173 -23.3496 3
      vertex -28.275 -23.2443 3
    endloop
  endfacet
  facet normal -0.555309 -0.831644 -0
    outer loop
      vertex -28.1173 -23.3496 3
      vertex -28.275 -23.2443 0
      vertex -28.1173 -23.3496 0
    endloop
  endfacet
  facet normal 0.3216 0.946876 -0
    outer loop
      vertex -29.3753 -25.9006 0
      vertex -29.5549 -25.8396 3
      vertex -29.3753 -25.9006 3
    endloop
  endfacet
  facet normal 0.3216 0.946876 0
    outer loop
      vertex -29.5549 -25.8396 3
      vertex -29.3753 -25.9006 0
      vertex -29.5549 -25.8396 0
    endloop
  endfacet
  facet normal -0.195102 0.980783 0
    outer loop
      vertex -28.6247 -25.9006 0
      vertex -28.8107 -25.9376 3
      vertex -28.6247 -25.9006 3
    endloop
  endfacet
  facet normal -0.195102 0.980783 0
    outer loop
      vertex -28.8107 -25.9376 3
      vertex -28.6247 -25.9006 0
      vertex -28.8107 -25.9376 0
    endloop
  endfacet
  facet normal 0.3216 -0.946876 0
    outer loop
      vertex -29.5549 -23.1604 0
      vertex -29.3753 -23.0994 3
      vertex -29.5549 -23.1604 3
    endloop
  endfacet
  facet normal 0.3216 -0.946876 0
    outer loop
      vertex -29.3753 -23.0994 3
      vertex -29.5549 -23.1604 0
      vertex -29.3753 -23.0994 0
    endloop
  endfacet
  facet normal 0.831644 0.555309 0
    outer loop
      vertex -30.1504 -25.3827 3
      vertex -30.2557 -25.225 0
      vertex -30.2557 -25.225 3
    endloop
  endfacet
  facet normal 0.831644 0.555309 0
    outer loop
      vertex -30.2557 -25.225 0
      vertex -30.1504 -25.3827 3
      vertex -30.1504 -25.3827 0
    endloop
  endfacet
  facet normal -0.555309 0.831644 0
    outer loop
      vertex -28.1173 -25.6504 0
      vertex -28.275 -25.7557 3
      vertex -28.1173 -25.6504 3
    endloop
  endfacet
  facet normal -0.555309 0.831644 0
    outer loop
      vertex -28.275 -25.7557 3
      vertex -28.1173 -25.6504 0
      vertex -28.275 -25.7557 0
    endloop
  endfacet
  facet normal 0.946876 -0.3216 0
    outer loop
      vertex -30.4006 -24.1247 3
      vertex -30.3396 -23.9451 0
      vertex -30.3396 -23.9451 3
    endloop
  endfacet
  facet normal 0.946876 -0.3216 0
    outer loop
      vertex -30.3396 -23.9451 0
      vertex -30.4006 -24.1247 3
      vertex -30.4006 -24.1247 0
    endloop
  endfacet
  facet normal -0.3216 -0.946876 0
    outer loop
      vertex -28.6247 -23.0994 0
      vertex -28.4451 -23.1604 3
      vertex -28.6247 -23.0994 3
    endloop
  endfacet
  facet normal -0.3216 -0.946876 -0
    outer loop
      vertex -28.4451 -23.1604 3
      vertex -28.6247 -23.0994 0
      vertex -28.4451 -23.1604 0
    endloop
  endfacet
  facet normal -0.0653644 -0.997861 0
    outer loop
      vertex -29 -23.05 0
      vertex -28.8107 -23.0624 3
      vertex -29 -23.05 3
    endloop
  endfacet
  facet normal -0.0653644 -0.997861 -0
    outer loop
      vertex -28.8107 -23.0624 3
      vertex -29 -23.05 0
      vertex -28.8107 -23.0624 0
    endloop
  endfacet
  facet normal 0.442356 -0.896839 0
    outer loop
      vertex -29.725 -23.2443 0
      vertex -29.5549 -23.1604 3
      vertex -29.725 -23.2443 3
    endloop
  endfacet
  facet normal 0.442356 -0.896839 0
    outer loop
      vertex -29.5549 -23.1604 3
      vertex -29.725 -23.2443 0
      vertex -29.5549 -23.1604 0
    endloop
  endfacet
  facet normal -0.831644 0.555309 0
    outer loop
      vertex -27.8496 -25.3827 0
      vertex -27.7443 -25.225 3
      vertex -27.7443 -25.225 0
    endloop
  endfacet
  facet normal -0.831644 0.555309 0
    outer loop
      vertex -27.7443 -25.225 3
      vertex -27.8496 -25.3827 0
      vertex -27.8496 -25.3827 3
    endloop
  endfacet
  facet normal 0.997861 0.0653644 0
    outer loop
      vertex -30.4376 -24.6893 3
      vertex -30.45 -24.5 0
      vertex -30.45 -24.5 3
    endloop
  endfacet
  facet normal 0.997861 0.0653644 0
    outer loop
      vertex -30.45 -24.5 0
      vertex -30.4376 -24.6893 3
      vertex -30.4376 -24.6893 0
    endloop
  endfacet
  facet normal 0.946876 0.3216 0
    outer loop
      vertex -30.3396 -25.0549 3
      vertex -30.4006 -24.8753 0
      vertex -30.4006 -24.8753 3
    endloop
  endfacet
  facet normal 0.946876 0.3216 0
    outer loop
      vertex -30.4006 -24.8753 0
      vertex -30.3396 -25.0549 3
      vertex -30.3396 -25.0549 0
    endloop
  endfacet
  facet normal 0.659474 0.751727 -0
    outer loop
      vertex -29.8827 -25.6504 0
      vertex -30.0253 -25.5253 3
      vertex -29.8827 -25.6504 3
    endloop
  endfacet
  facet normal 0.659474 0.751727 0
    outer loop
      vertex -30.0253 -25.5253 3
      vertex -29.8827 -25.6504 0
      vertex -30.0253 -25.5253 0
    endloop
  endfacet
  facet normal -0.442356 -0.896839 0
    outer loop
      vertex -28.4451 -23.1604 0
      vertex -28.275 -23.2443 3
      vertex -28.4451 -23.1604 3
    endloop
  endfacet
  facet normal -0.442356 -0.896839 -0
    outer loop
      vertex -28.275 -23.2443 3
      vertex -28.4451 -23.1604 0
      vertex -28.275 -23.2443 0
    endloop
  endfacet
  facet normal 0.195102 -0.980783 0
    outer loop
      vertex -29.3753 -23.0994 0
      vertex -29.1893 -23.0624 3
      vertex -29.3753 -23.0994 3
    endloop
  endfacet
  facet normal 0.195102 -0.980783 0
    outer loop
      vertex -29.1893 -23.0624 3
      vertex -29.3753 -23.0994 0
      vertex -29.1893 -23.0624 0
    endloop
  endfacet
  facet normal -0.751727 -0.659474 0
    outer loop
      vertex -27.8496 -23.6173 0
      vertex -27.9747 -23.4747 3
      vertex -27.9747 -23.4747 0
    endloop
  endfacet
  facet normal -0.751727 -0.659474 0
    outer loop
      vertex -27.9747 -23.4747 3
      vertex -27.8496 -23.6173 0
      vertex -27.8496 -23.6173 3
    endloop
  endfacet
  facet normal -0.195102 -0.980783 0
    outer loop
      vertex -28.8107 -23.0624 0
      vertex -28.6247 -23.0994 3
      vertex -28.8107 -23.0624 3
    endloop
  endfacet
  facet normal -0.195102 -0.980783 -0
    outer loop
      vertex -28.6247 -23.0994 3
      vertex -28.8107 -23.0624 0
      vertex -28.6247 -23.0994 0
    endloop
  endfacet
  facet normal -0.751727 0.659474 0
    outer loop
      vertex -27.9747 -25.5253 0
      vertex -27.8496 -25.3827 3
      vertex -27.8496 -25.3827 0
    endloop
  endfacet
  facet normal -0.751727 0.659474 0
    outer loop
      vertex -27.8496 -25.3827 3
      vertex -27.9747 -25.5253 0
      vertex -27.9747 -25.5253 3
    endloop
  endfacet
  facet normal 0.442356 0.896839 -0
    outer loop
      vertex -29.5549 -25.8396 0
      vertex -29.725 -25.7557 3
      vertex -29.5549 -25.8396 3
    endloop
  endfacet
  facet normal 0.442356 0.896839 0
    outer loop
      vertex -29.725 -25.7557 3
      vertex -29.5549 -25.8396 0
      vertex -29.725 -25.7557 0
    endloop
  endfacet
  facet normal 0.0653644 -0.997861 0
    outer loop
      vertex -29.1893 -23.0624 0
      vertex -29 -23.05 3
      vertex -29.1893 -23.0624 3
    endloop
  endfacet
  facet normal 0.0653644 -0.997861 0
    outer loop
      vertex -29 -23.05 3
      vertex -29.1893 -23.0624 0
      vertex -29 -23.05 0
    endloop
  endfacet
  facet normal 0.980783 -0.195102 0
    outer loop
      vertex -30.4376 -24.3107 3
      vertex -30.4006 -24.1247 0
      vertex -30.4006 -24.1247 3
    endloop
  endfacet
  facet normal 0.980783 -0.195102 0
    outer loop
      vertex -30.4006 -24.1247 0
      vertex -30.4376 -24.3107 3
      vertex -30.4376 -24.3107 0
    endloop
  endfacet
  facet normal -0.0653644 0.997861 0
    outer loop
      vertex -28.8107 -25.9376 0
      vertex -29 -25.95 3
      vertex -28.8107 -25.9376 3
    endloop
  endfacet
  facet normal -0.0653644 0.997861 0
    outer loop
      vertex -29 -25.95 3
      vertex -28.8107 -25.9376 0
      vertex -29 -25.95 0
    endloop
  endfacet
  facet normal -0.442356 0.896839 0
    outer loop
      vertex -28.275 -25.7557 0
      vertex -28.4451 -25.8396 3
      vertex -28.275 -25.7557 3
    endloop
  endfacet
  facet normal -0.442356 0.896839 0
    outer loop
      vertex -28.4451 -25.8396 3
      vertex -28.275 -25.7557 0
      vertex -28.4451 -25.8396 0
    endloop
  endfacet
  facet normal -0.659474 0.751727 0
    outer loop
      vertex -27.9747 -25.5253 0
      vertex -28.1173 -25.6504 3
      vertex -27.9747 -25.5253 3
    endloop
  endfacet
  facet normal -0.659474 0.751727 0
    outer loop
      vertex -28.1173 -25.6504 3
      vertex -27.9747 -25.5253 0
      vertex -28.1173 -25.6504 0
    endloop
  endfacet
  facet normal 0.896839 0.442356 0
    outer loop
      vertex -30.2557 -25.225 3
      vertex -30.3396 -25.0549 0
      vertex -30.3396 -25.0549 3
    endloop
  endfacet
  facet normal 0.896839 0.442356 0
    outer loop
      vertex -30.3396 -25.0549 0
      vertex -30.2557 -25.225 3
      vertex -30.2557 -25.225 0
    endloop
  endfacet
  facet normal -0.896839 0.442356 0
    outer loop
      vertex -27.7443 -25.225 0
      vertex -27.6604 -25.0549 3
      vertex -27.6604 -25.0549 0
    endloop
  endfacet
  facet normal -0.896839 0.442356 0
    outer loop
      vertex -27.6604 -25.0549 3
      vertex -27.7443 -25.225 0
      vertex -27.7443 -25.225 3
    endloop
  endfacet
  facet normal -0.659474 -0.751727 0
    outer loop
      vertex -28.1173 -23.3496 0
      vertex -27.9747 -23.4747 3
      vertex -28.1173 -23.3496 3
    endloop
  endfacet
  facet normal -0.659474 -0.751727 -0
    outer loop
      vertex -27.9747 -23.4747 3
      vertex -28.1173 -23.3496 0
      vertex -27.9747 -23.4747 0
    endloop
  endfacet
  facet normal -0.997861 0.0653644 0
    outer loop
      vertex -27.5624 -24.6893 0
      vertex -27.55 -24.5 3
      vertex -27.55 -24.5 0
    endloop
  endfacet
  facet normal -0.997861 0.0653644 0
    outer loop
      vertex -27.55 -24.5 3
      vertex -27.5624 -24.6893 0
      vertex -27.5624 -24.6893 3
    endloop
  endfacet
  facet normal 0.555309 0.831644 -0
    outer loop
      vertex -29.725 -25.7557 0
      vertex -29.8827 -25.6504 3
      vertex -29.725 -25.7557 3
    endloop
  endfacet
  facet normal 0.555309 0.831644 0
    outer loop
      vertex -29.8827 -25.6504 3
      vertex -29.725 -25.7557 0
      vertex -29.8827 -25.6504 0
    endloop
  endfacet
  facet normal -0.896839 -0.442356 0
    outer loop
      vertex -27.6604 -23.9451 0
      vertex -27.7443 -23.775 3
      vertex -27.7443 -23.775 0
    endloop
  endfacet
  facet normal -0.896839 -0.442356 0
    outer loop
      vertex -27.7443 -23.775 3
      vertex -27.6604 -23.9451 0
      vertex -27.6604 -23.9451 3
    endloop
  endfacet
  facet normal -0.980783 0.195102 0
    outer loop
      vertex -27.5994 -24.8753 0
      vertex -27.5624 -24.6893 3
      vertex -27.5624 -24.6893 0
    endloop
  endfacet
  facet normal -0.980783 0.195102 0
    outer loop
      vertex -27.5624 -24.6893 3
      vertex -27.5994 -24.8753 0
      vertex -27.5994 -24.8753 3
    endloop
  endfacet
  facet normal -0.946876 -0.3216 0
    outer loop
      vertex -27.5994 -24.1247 0
      vertex -27.6604 -23.9451 3
      vertex -27.6604 -23.9451 0
    endloop
  endfacet
  facet normal -0.946876 -0.3216 0
    outer loop
      vertex -27.6604 -23.9451 3
      vertex -27.5994 -24.1247 0
      vertex -27.5994 -24.1247 3
    endloop
  endfacet
  facet normal 0.980783 0.195102 0
    outer loop
      vertex -30.4006 -24.8753 3
      vertex -30.4376 -24.6893 0
      vertex -30.4376 -24.6893 3
    endloop
  endfacet
  facet normal 0.980783 0.195102 0
    outer loop
      vertex -30.4376 -24.6893 0
      vertex -30.4006 -24.8753 3
      vertex -30.4006 -24.8753 0
    endloop
  endfacet
  facet normal 0.751727 0.659474 0
    outer loop
      vertex -30.0253 -25.5253 3
      vertex -30.1504 -25.3827 0
      vertex -30.1504 -25.3827 3
    endloop
  endfacet
  facet normal 0.751727 0.659474 0
    outer loop
      vertex -30.1504 -25.3827 0
      vertex -30.0253 -25.5253 3
      vertex -30.0253 -25.5253 0
    endloop
  endfacet
  facet normal 0.195102 0.980783 -0
    outer loop
      vertex -29.1893 -25.9376 0
      vertex -29.3753 -25.9006 3
      vertex -29.1893 -25.9376 3
    endloop
  endfacet
  facet normal 0.195102 0.980783 0
    outer loop
      vertex -29.3753 -25.9006 3
      vertex -29.1893 -25.9376 0
      vertex -29.3753 -25.9006 0
    endloop
  endfacet
  facet normal 0.831644 -0.555309 0
    outer loop
      vertex -30.2557 -23.775 3
      vertex -30.1504 -23.6173 0
      vertex -30.1504 -23.6173 3
    endloop
  endfacet
  facet normal 0.831644 -0.555309 0
    outer loop
      vertex -30.1504 -23.6173 0
      vertex -30.2557 -23.775 3
      vertex -30.2557 -23.775 0
    endloop
  endfacet
  facet normal 0.0653644 0.997861 -0
    outer loop
      vertex -29 -25.95 0
      vertex -29.1893 -25.9376 3
      vertex -29 -25.95 3
    endloop
  endfacet
  facet normal 0.0653644 0.997861 0
    outer loop
      vertex -29.1893 -25.9376 3
      vertex -29 -25.95 0
      vertex -29.1893 -25.9376 0
    endloop
  endfacet
  facet normal -0.980783 -0.195102 0
    outer loop
      vertex -27.5624 24.6893 0
      vertex -27.5994 24.8753 3
      vertex -27.5994 24.8753 0
    endloop
  endfacet
  facet normal -0.980783 -0.195102 0
    outer loop
      vertex -27.5994 24.8753 3
      vertex -27.5624 24.6893 0
      vertex -27.5624 24.6893 3
    endloop
  endfacet
  facet normal -0.997861 -0.0653644 0
    outer loop
      vertex -27.55 24.5 0
      vertex -27.5624 24.6893 3
      vertex -27.5624 24.6893 0
    endloop
  endfacet
  facet normal -0.997861 -0.0653644 0
    outer loop
      vertex -27.5624 24.6893 3
      vertex -27.55 24.5 0
      vertex -27.55 24.5 3
    endloop
  endfacet
  facet normal -0.442356 -0.896839 0
    outer loop
      vertex -28.4451 25.8396 0
      vertex -28.275 25.7557 3
      vertex -28.4451 25.8396 3
    endloop
  endfacet
  facet normal -0.442356 -0.896839 -0
    outer loop
      vertex -28.275 25.7557 3
      vertex -28.4451 25.8396 0
      vertex -28.275 25.7557 0
    endloop
  endfacet
  facet normal -0.659474 -0.751727 0
    outer loop
      vertex -28.1173 25.6504 0
      vertex -27.9747 25.5253 3
      vertex -28.1173 25.6504 3
    endloop
  endfacet
  facet normal -0.659474 -0.751727 -0
    outer loop
      vertex -27.9747 25.5253 3
      vertex -28.1173 25.6504 0
      vertex -27.9747 25.5253 0
    endloop
  endfacet
  facet normal -0.659474 0.751727 0
    outer loop
      vertex -27.9747 23.4747 0
      vertex -28.1173 23.3496 3
      vertex -27.9747 23.4747 3
    endloop
  endfacet
  facet normal -0.659474 0.751727 0
    outer loop
      vertex -28.1173 23.3496 3
      vertex -27.9747 23.4747 0
      vertex -28.1173 23.3496 0
    endloop
  endfacet
  facet normal -0.0653644 0.997861 0
    outer loop
      vertex -28.8107 23.0624 0
      vertex -29 23.05 3
      vertex -28.8107 23.0624 3
    endloop
  endfacet
  facet normal -0.0653644 0.997861 0
    outer loop
      vertex -29 23.05 3
      vertex -28.8107 23.0624 0
      vertex -29 23.05 0
    endloop
  endfacet
  facet normal -0.946876 0.3216 0
    outer loop
      vertex -27.6604 23.9451 0
      vertex -27.5994 24.1247 3
      vertex -27.5994 24.1247 0
    endloop
  endfacet
  facet normal -0.946876 0.3216 0
    outer loop
      vertex -27.5994 24.1247 3
      vertex -27.6604 23.9451 0
      vertex -27.6604 23.9451 3
    endloop
  endfacet
  facet normal -0.997861 0.0653644 0
    outer loop
      vertex -27.5624 24.3107 0
      vertex -27.55 24.5 3
      vertex -27.55 24.5 0
    endloop
  endfacet
  facet normal -0.997861 0.0653644 0
    outer loop
      vertex -27.55 24.5 3
      vertex -27.5624 24.3107 0
      vertex -27.5624 24.3107 3
    endloop
  endfacet
  facet normal 0.442356 0.896839 -0
    outer loop
      vertex -29.5549 23.1604 0
      vertex -29.725 23.2443 3
      vertex -29.5549 23.1604 3
    endloop
  endfacet
  facet normal 0.442356 0.896839 0
    outer loop
      vertex -29.725 23.2443 3
      vertex -29.5549 23.1604 0
      vertex -29.725 23.2443 0
    endloop
  endfacet
  facet normal 0.195102 0.980783 -0
    outer loop
      vertex -29.1893 23.0624 0
      vertex -29.3753 23.0994 3
      vertex -29.1893 23.0624 3
    endloop
  endfacet
  facet normal 0.195102 0.980783 0
    outer loop
      vertex -29.3753 23.0994 3
      vertex -29.1893 23.0624 0
      vertex -29.3753 23.0994 0
    endloop
  endfacet
  facet normal 0.0653644 -0.997861 0
    outer loop
      vertex -29.1893 25.9376 0
      vertex -29 25.95 3
      vertex -29.1893 25.9376 3
    endloop
  endfacet
  facet normal 0.0653644 -0.997861 0
    outer loop
      vertex -29 25.95 3
      vertex -29.1893 25.9376 0
      vertex -29 25.95 0
    endloop
  endfacet
  facet normal -0.831644 0.555309 0
    outer loop
      vertex -27.8496 23.6173 0
      vertex -27.7443 23.775 3
      vertex -27.7443 23.775 0
    endloop
  endfacet
  facet normal -0.831644 0.555309 0
    outer loop
      vertex -27.7443 23.775 3
      vertex -27.8496 23.6173 0
      vertex -27.8496 23.6173 3
    endloop
  endfacet
  facet normal -0.896839 0.442356 0
    outer loop
      vertex -27.7443 23.775 0
      vertex -27.6604 23.9451 3
      vertex -27.6604 23.9451 0
    endloop
  endfacet
  facet normal -0.896839 0.442356 0
    outer loop
      vertex -27.6604 23.9451 3
      vertex -27.7443 23.775 0
      vertex -27.7443 23.775 3
    endloop
  endfacet
  facet normal 0.831644 -0.555309 0
    outer loop
      vertex -30.2557 25.225 3
      vertex -30.1504 25.3827 0
      vertex -30.1504 25.3827 3
    endloop
  endfacet
  facet normal 0.831644 -0.555309 0
    outer loop
      vertex -30.1504 25.3827 0
      vertex -30.2557 25.225 3
      vertex -30.2557 25.225 0
    endloop
  endfacet
  facet normal 0.896839 0.442356 0
    outer loop
      vertex -30.2557 23.775 3
      vertex -30.3396 23.9451 0
      vertex -30.3396 23.9451 3
    endloop
  endfacet
  facet normal 0.896839 0.442356 0
    outer loop
      vertex -30.3396 23.9451 0
      vertex -30.2557 23.775 3
      vertex -30.2557 23.775 0
    endloop
  endfacet
  facet normal -0.442356 0.896839 0
    outer loop
      vertex -28.275 23.2443 0
      vertex -28.4451 23.1604 3
      vertex -28.275 23.2443 3
    endloop
  endfacet
  facet normal -0.442356 0.896839 0
    outer loop
      vertex -28.4451 23.1604 3
      vertex -28.275 23.2443 0
      vertex -28.4451 23.1604 0
    endloop
  endfacet
  facet normal 0.997861 -0.0653644 0
    outer loop
      vertex -30.45 24.5 3
      vertex -30.4376 24.6893 0
      vertex -30.4376 24.6893 3
    endloop
  endfacet
  facet normal 0.997861 -0.0653644 0
    outer loop
      vertex -30.4376 24.6893 0
      vertex -30.45 24.5 3
      vertex -30.45 24.5 0
    endloop
  endfacet
  facet normal -0.896839 -0.442356 0
    outer loop
      vertex -27.6604 25.0549 0
      vertex -27.7443 25.225 3
      vertex -27.7443 25.225 0
    endloop
  endfacet
  facet normal -0.896839 -0.442356 0
    outer loop
      vertex -27.7443 25.225 3
      vertex -27.6604 25.0549 0
      vertex -27.6604 25.0549 3
    endloop
  endfacet
  facet normal -0.3216 0.946876 0
    outer loop
      vertex -28.4451 23.1604 0
      vertex -28.6247 23.0994 3
      vertex -28.4451 23.1604 3
    endloop
  endfacet
  facet normal -0.3216 0.946876 0
    outer loop
      vertex -28.6247 23.0994 3
      vertex -28.4451 23.1604 0
      vertex -28.6247 23.0994 0
    endloop
  endfacet
  facet normal 0.751727 0.659474 0
    outer loop
      vertex -30.0253 23.4747 3
      vertex -30.1504 23.6173 0
      vertex -30.1504 23.6173 3
    endloop
  endfacet
  facet normal 0.751727 0.659474 0
    outer loop
      vertex -30.1504 23.6173 0
      vertex -30.0253 23.4747 3
      vertex -30.0253 23.4747 0
    endloop
  endfacet
  facet normal -0.555309 0.831644 0
    outer loop
      vertex -28.1173 23.3496 0
      vertex -28.275 23.2443 3
      vertex -28.1173 23.3496 3
    endloop
  endfacet
  facet normal -0.555309 0.831644 0
    outer loop
      vertex -28.275 23.2443 3
      vertex -28.1173 23.3496 0
      vertex -28.275 23.2443 0
    endloop
  endfacet
  facet normal 0.751727 -0.659474 0
    outer loop
      vertex -30.1504 25.3827 3
      vertex -30.0253 25.5253 0
      vertex -30.0253 25.5253 3
    endloop
  endfacet
  facet normal 0.751727 -0.659474 0
    outer loop
      vertex -30.0253 25.5253 0
      vertex -30.1504 25.3827 3
      vertex -30.1504 25.3827 0
    endloop
  endfacet
  facet normal -0.751727 0.659474 0
    outer loop
      vertex -27.9747 23.4747 0
      vertex -27.8496 23.6173 3
      vertex -27.8496 23.6173 0
    endloop
  endfacet
  facet normal -0.751727 0.659474 0
    outer loop
      vertex -27.8496 23.6173 3
      vertex -27.9747 23.4747 0
      vertex -27.9747 23.4747 3
    endloop
  endfacet
  facet normal -0.831644 -0.555309 0
    outer loop
      vertex -27.7443 25.225 0
      vertex -27.8496 25.3827 3
      vertex -27.8496 25.3827 0
    endloop
  endfacet
  facet normal -0.831644 -0.555309 0
    outer loop
      vertex -27.8496 25.3827 3
      vertex -27.7443 25.225 0
      vertex -27.7443 25.225 3
    endloop
  endfacet
  facet normal -0.195102 -0.980783 0
    outer loop
      vertex -28.8107 25.9376 0
      vertex -28.6247 25.9006 3
      vertex -28.8107 25.9376 3
    endloop
  endfacet
  facet normal -0.195102 -0.980783 -0
    outer loop
      vertex -28.6247 25.9006 3
      vertex -28.8107 25.9376 0
      vertex -28.6247 25.9006 0
    endloop
  endfacet
  facet normal 0.980783 -0.195102 0
    outer loop
      vertex -30.4376 24.6893 3
      vertex -30.4006 24.8753 0
      vertex -30.4006 24.8753 3
    endloop
  endfacet
  facet normal 0.980783 -0.195102 0
    outer loop
      vertex -30.4006 24.8753 0
      vertex -30.4376 24.6893 3
      vertex -30.4376 24.6893 0
    endloop
  endfacet
  facet normal -0.555309 -0.831644 0
    outer loop
      vertex -28.275 25.7557 0
      vertex -28.1173 25.6504 3
      vertex -28.275 25.7557 3
    endloop
  endfacet
  facet normal -0.555309 -0.831644 -0
    outer loop
      vertex -28.1173 25.6504 3
      vertex -28.275 25.7557 0
      vertex -28.1173 25.6504 0
    endloop
  endfacet
  facet normal -0.980783 0.195102 0
    outer loop
      vertex -27.5994 24.1247 0
      vertex -27.5624 24.3107 3
      vertex -27.5624 24.3107 0
    endloop
  endfacet
  facet normal -0.980783 0.195102 0
    outer loop
      vertex -27.5624 24.3107 3
      vertex -27.5994 24.1247 0
      vertex -27.5994 24.1247 3
    endloop
  endfacet
  facet normal 0.195102 -0.980783 0
    outer loop
      vertex -29.3753 25.9006 0
      vertex -29.1893 25.9376 3
      vertex -29.3753 25.9006 3
    endloop
  endfacet
  facet normal 0.195102 -0.980783 0
    outer loop
      vertex -29.1893 25.9376 3
      vertex -29.3753 25.9006 0
      vertex -29.1893 25.9376 0
    endloop
  endfacet
  facet normal 0.659474 -0.751727 0
    outer loop
      vertex -30.0253 25.5253 0
      vertex -29.8827 25.6504 3
      vertex -30.0253 25.5253 3
    endloop
  endfacet
  facet normal 0.659474 -0.751727 0
    outer loop
      vertex -29.8827 25.6504 3
      vertex -30.0253 25.5253 0
      vertex -29.8827 25.6504 0
    endloop
  endfacet
  facet normal -0.0653644 -0.997861 0
    outer loop
      vertex -29 25.95 0
      vertex -28.8107 25.9376 3
      vertex -29 25.95 3
    endloop
  endfacet
  facet normal -0.0653644 -0.997861 -0
    outer loop
      vertex -28.8107 25.9376 3
      vertex -29 25.95 0
      vertex -28.8107 25.9376 0
    endloop
  endfacet
  facet normal 0.3216 0.946876 -0
    outer loop
      vertex -29.3753 23.0994 0
      vertex -29.5549 23.1604 3
      vertex -29.3753 23.0994 3
    endloop
  endfacet
  facet normal 0.3216 0.946876 0
    outer loop
      vertex -29.5549 23.1604 3
      vertex -29.3753 23.0994 0
      vertex -29.5549 23.1604 0
    endloop
  endfacet
  facet normal 0.946876 -0.3216 0
    outer loop
      vertex -30.4006 24.8753 3
      vertex -30.3396 25.0549 0
      vertex -30.3396 25.0549 3
    endloop
  endfacet
  facet normal 0.946876 -0.3216 0
    outer loop
      vertex -30.3396 25.0549 0
      vertex -30.4006 24.8753 3
      vertex -30.4006 24.8753 0
    endloop
  endfacet
  facet normal -0.195102 0.980783 0
    outer loop
      vertex -28.6247 23.0994 0
      vertex -28.8107 23.0624 3
      vertex -28.6247 23.0994 3
    endloop
  endfacet
  facet normal -0.195102 0.980783 0
    outer loop
      vertex -28.8107 23.0624 3
      vertex -28.6247 23.0994 0
      vertex -28.8107 23.0624 0
    endloop
  endfacet
  facet normal -0.3216 -0.946876 0
    outer loop
      vertex -28.6247 25.9006 0
      vertex -28.4451 25.8396 3
      vertex -28.6247 25.9006 3
    endloop
  endfacet
  facet normal -0.3216 -0.946876 -0
    outer loop
      vertex -28.4451 25.8396 3
      vertex -28.6247 25.9006 0
      vertex -28.4451 25.8396 0
    endloop
  endfacet
  facet normal 0.0653644 0.997861 -0
    outer loop
      vertex -29 23.05 0
      vertex -29.1893 23.0624 3
      vertex -29 23.05 3
    endloop
  endfacet
  facet normal 0.0653644 0.997861 0
    outer loop
      vertex -29.1893 23.0624 3
      vertex -29 23.05 0
      vertex -29.1893 23.0624 0
    endloop
  endfacet
  facet normal -0.751727 -0.659474 0
    outer loop
      vertex -27.8496 25.3827 0
      vertex -27.9747 25.5253 3
      vertex -27.9747 25.5253 0
    endloop
  endfacet
  facet normal -0.751727 -0.659474 0
    outer loop
      vertex -27.9747 25.5253 3
      vertex -27.8496 25.3827 0
      vertex -27.8496 25.3827 3
    endloop
  endfacet
  facet normal -0.946876 -0.3216 0
    outer loop
      vertex -27.5994 24.8753 0
      vertex -27.6604 25.0549 3
      vertex -27.6604 25.0549 0
    endloop
  endfacet
  facet normal -0.946876 -0.3216 0
    outer loop
      vertex -27.6604 25.0549 3
      vertex -27.5994 24.8753 0
      vertex -27.5994 24.8753 3
    endloop
  endfacet
  facet normal 0.3216 -0.946876 0
    outer loop
      vertex -29.5549 25.8396 0
      vertex -29.3753 25.9006 3
      vertex -29.5549 25.8396 3
    endloop
  endfacet
  facet normal 0.3216 -0.946876 0
    outer loop
      vertex -29.3753 25.9006 3
      vertex -29.5549 25.8396 0
      vertex -29.3753 25.9006 0
    endloop
  endfacet
  facet normal 0.442356 -0.896839 0
    outer loop
      vertex -29.725 25.7557 0
      vertex -29.5549 25.8396 3
      vertex -29.725 25.7557 3
    endloop
  endfacet
  facet normal 0.442356 -0.896839 0
    outer loop
      vertex -29.5549 25.8396 3
      vertex -29.725 25.7557 0
      vertex -29.5549 25.8396 0
    endloop
  endfacet
  facet normal 0.997861 0.0653644 0
    outer loop
      vertex -30.4376 24.3107 3
      vertex -30.45 24.5 0
      vertex -30.45 24.5 3
    endloop
  endfacet
  facet normal 0.997861 0.0653644 0
    outer loop
      vertex -30.45 24.5 0
      vertex -30.4376 24.3107 3
      vertex -30.4376 24.3107 0
    endloop
  endfacet
  facet normal 0.946876 0.3216 0
    outer loop
      vertex -30.3396 23.9451 3
      vertex -30.4006 24.1247 0
      vertex -30.4006 24.1247 3
    endloop
  endfacet
  facet normal 0.946876 0.3216 0
    outer loop
      vertex -30.4006 24.1247 0
      vertex -30.3396 23.9451 3
      vertex -30.3396 23.9451 0
    endloop
  endfacet
  facet normal 0.831644 0.555309 0
    outer loop
      vertex -30.1504 23.6173 3
      vertex -30.2557 23.775 0
      vertex -30.2557 23.775 3
    endloop
  endfacet
  facet normal 0.831644 0.555309 0
    outer loop
      vertex -30.2557 23.775 0
      vertex -30.1504 23.6173 3
      vertex -30.1504 23.6173 0
    endloop
  endfacet
  facet normal 0.555309 -0.831644 0
    outer loop
      vertex -29.8827 25.6504 0
      vertex -29.725 25.7557 3
      vertex -29.8827 25.6504 3
    endloop
  endfacet
  facet normal 0.555309 -0.831644 0
    outer loop
      vertex -29.725 25.7557 3
      vertex -29.8827 25.6504 0
      vertex -29.725 25.7557 0
    endloop
  endfacet
  facet normal 0.980783 0.195102 0
    outer loop
      vertex -30.4006 24.1247 3
      vertex -30.4376 24.3107 0
      vertex -30.4376 24.3107 3
    endloop
  endfacet
  facet normal 0.980783 0.195102 0
    outer loop
      vertex -30.4376 24.3107 0
      vertex -30.4006 24.1247 3
      vertex -30.4006 24.1247 0
    endloop
  endfacet
  facet normal 0.555309 0.831644 -0
    outer loop
      vertex -29.725 23.2443 0
      vertex -29.8827 23.3496 3
      vertex -29.725 23.2443 3
    endloop
  endfacet
  facet normal 0.555309 0.831644 0
    outer loop
      vertex -29.8827 23.3496 3
      vertex -29.725 23.2443 0
      vertex -29.8827 23.3496 0
    endloop
  endfacet
  facet normal 0.896839 -0.442356 0
    outer loop
      vertex -30.3396 25.0549 3
      vertex -30.2557 25.225 0
      vertex -30.2557 25.225 3
    endloop
  endfacet
  facet normal 0.896839 -0.442356 0
    outer loop
      vertex -30.2557 25.225 0
      vertex -30.3396 25.0549 3
      vertex -30.3396 25.0549 0
    endloop
  endfacet
  facet normal 0.659474 0.751727 -0
    outer loop
      vertex -29.8827 23.3496 0
      vertex -30.0253 23.4747 3
      vertex -29.8827 23.3496 3
    endloop
  endfacet
  facet normal 0.659474 0.751727 0
    outer loop
      vertex -30.0253 23.4747 3
      vertex -29.8827 23.3496 0
      vertex -30.0253 23.4747 0
    endloop
  endfacet
  facet normal -0.980783 -0.195102 0
    outer loop
      vertex 30.4376 -24.3107 0
      vertex 30.4006 -24.1247 3
      vertex 30.4006 -24.1247 0
    endloop
  endfacet
  facet normal -0.980783 -0.195102 0
    outer loop
      vertex 30.4006 -24.1247 3
      vertex 30.4376 -24.3107 0
      vertex 30.4376 -24.3107 3
    endloop
  endfacet
  facet normal -0.997861 -0.0653644 0
    outer loop
      vertex 30.45 -24.5 0
      vertex 30.4376 -24.3107 3
      vertex 30.4376 -24.3107 0
    endloop
  endfacet
  facet normal -0.997861 -0.0653644 0
    outer loop
      vertex 30.4376 -24.3107 3
      vertex 30.45 -24.5 0
      vertex 30.45 -24.5 3
    endloop
  endfacet
  facet normal -0.3216 0.946876 0
    outer loop
      vertex 29.5549 -25.8396 0
      vertex 29.3753 -25.9006 3
      vertex 29.5549 -25.8396 3
    endloop
  endfacet
  facet normal -0.3216 0.946876 0
    outer loop
      vertex 29.3753 -25.9006 3
      vertex 29.5549 -25.8396 0
      vertex 29.3753 -25.9006 0
    endloop
  endfacet
  facet normal -0.831644 -0.555309 0
    outer loop
      vertex 30.2557 -23.775 0
      vertex 30.1504 -23.6173 3
      vertex 30.1504 -23.6173 0
    endloop
  endfacet
  facet normal -0.831644 -0.555309 0
    outer loop
      vertex 30.1504 -23.6173 3
      vertex 30.2557 -23.775 0
      vertex 30.2557 -23.775 3
    endloop
  endfacet
  facet normal 0.896839 -0.442356 0
    outer loop
      vertex 27.6604 -23.9451 3
      vertex 27.7443 -23.775 0
      vertex 27.7443 -23.775 3
    endloop
  endfacet
  facet normal 0.896839 -0.442356 0
    outer loop
      vertex 27.7443 -23.775 0
      vertex 27.6604 -23.9451 3
      vertex 27.6604 -23.9451 0
    endloop
  endfacet
  facet normal 0.555309 -0.831644 0
    outer loop
      vertex 28.1173 -23.3496 0
      vertex 28.275 -23.2443 3
      vertex 28.1173 -23.3496 3
    endloop
  endfacet
  facet normal 0.555309 -0.831644 0
    outer loop
      vertex 28.275 -23.2443 3
      vertex 28.1173 -23.3496 0
      vertex 28.275 -23.2443 0
    endloop
  endfacet
  facet normal 0.659474 -0.751727 0
    outer loop
      vertex 27.9747 -23.4747 0
      vertex 28.1173 -23.3496 3
      vertex 27.9747 -23.4747 3
    endloop
  endfacet
  facet normal 0.659474 -0.751727 0
    outer loop
      vertex 28.1173 -23.3496 3
      vertex 27.9747 -23.4747 0
      vertex 28.1173 -23.3496 0
    endloop
  endfacet
  facet normal 0.751727 -0.659474 0
    outer loop
      vertex 27.8496 -23.6173 3
      vertex 27.9747 -23.4747 0
      vertex 27.9747 -23.4747 3
    endloop
  endfacet
  facet normal 0.751727 -0.659474 0
    outer loop
      vertex 27.9747 -23.4747 0
      vertex 27.8496 -23.6173 3
      vertex 27.8496 -23.6173 0
    endloop
  endfacet
  facet normal -0.946876 0.3216 0
    outer loop
      vertex 30.3396 -25.0549 0
      vertex 30.4006 -24.8753 3
      vertex 30.4006 -24.8753 0
    endloop
  endfacet
  facet normal -0.946876 0.3216 0
    outer loop
      vertex 30.4006 -24.8753 3
      vertex 30.3396 -25.0549 0
      vertex 30.3396 -25.0549 3
    endloop
  endfacet
  facet normal 0.997861 -0.0653644 0
    outer loop
      vertex 27.55 -24.5 3
      vertex 27.5624 -24.3107 0
      vertex 27.5624 -24.3107 3
    endloop
  endfacet
  facet normal 0.997861 -0.0653644 0
    outer loop
      vertex 27.5624 -24.3107 0
      vertex 27.55 -24.5 3
      vertex 27.55 -24.5 0
    endloop
  endfacet
  facet normal -0.555309 -0.831644 0
    outer loop
      vertex 29.725 -23.2443 0
      vertex 29.8827 -23.3496 3
      vertex 29.725 -23.2443 3
    endloop
  endfacet
  facet normal -0.555309 -0.831644 -0
    outer loop
      vertex 29.8827 -23.3496 3
      vertex 29.725 -23.2443 0
      vertex 29.8827 -23.3496 0
    endloop
  endfacet
  facet normal 0.3216 0.946876 -0
    outer loop
      vertex 28.6247 -25.9006 0
      vertex 28.4451 -25.8396 3
      vertex 28.6247 -25.9006 3
    endloop
  endfacet
  facet normal 0.3216 0.946876 0
    outer loop
      vertex 28.4451 -25.8396 3
      vertex 28.6247 -25.9006 0
      vertex 28.4451 -25.8396 0
    endloop
  endfacet
  facet normal -0.195102 0.980783 0
    outer loop
      vertex 29.3753 -25.9006 0
      vertex 29.1893 -25.9376 3
      vertex 29.3753 -25.9006 3
    endloop
  endfacet
  facet normal -0.195102 0.980783 0
    outer loop
      vertex 29.1893 -25.9376 3
      vertex 29.3753 -25.9006 0
      vertex 29.1893 -25.9376 0
    endloop
  endfacet
  facet normal 0.3216 -0.946876 0
    outer loop
      vertex 28.4451 -23.1604 0
      vertex 28.6247 -23.0994 3
      vertex 28.4451 -23.1604 3
    endloop
  endfacet
  facet normal 0.3216 -0.946876 0
    outer loop
      vertex 28.6247 -23.0994 3
      vertex 28.4451 -23.1604 0
      vertex 28.6247 -23.0994 0
    endloop
  endfacet
  facet normal 0.831644 0.555309 0
    outer loop
      vertex 27.8496 -25.3827 3
      vertex 27.7443 -25.225 0
      vertex 27.7443 -25.225 3
    endloop
  endfacet
  facet normal 0.831644 0.555309 0
    outer loop
      vertex 27.7443 -25.225 0
      vertex 27.8496 -25.3827 3
      vertex 27.8496 -25.3827 0
    endloop
  endfacet
  facet normal -0.555309 0.831644 0
    outer loop
      vertex 29.8827 -25.6504 0
      vertex 29.725 -25.7557 3
      vertex 29.8827 -25.6504 3
    endloop
  endfacet
  facet normal -0.555309 0.831644 0
    outer loop
      vertex 29.725 -25.7557 3
      vertex 29.8827 -25.6504 0
      vertex 29.725 -25.7557 0
    endloop
  endfacet
  facet normal 0.946876 -0.3216 0
    outer loop
      vertex 27.5994 -24.1247 3
      vertex 27.6604 -23.9451 0
      vertex 27.6604 -23.9451 3
    endloop
  endfacet
  facet normal 0.946876 -0.3216 0
    outer loop
      vertex 27.6604 -23.9451 0
      vertex 27.5994 -24.1247 3
      vertex 27.5994 -24.1247 0
    endloop
  endfacet
  facet normal -0.3216 -0.946876 0
    outer loop
      vertex 29.3753 -23.0994 0
      vertex 29.5549 -23.1604 3
      vertex 29.3753 -23.0994 3
    endloop
  endfacet
  facet normal -0.3216 -0.946876 -0
    outer loop
      vertex 29.5549 -23.1604 3
      vertex 29.3753 -23.0994 0
      vertex 29.5549 -23.1604 0
    endloop
  endfacet
  facet normal -0.0653644 -0.997861 0
    outer loop
      vertex 29 -23.05 0
      vertex 29.1893 -23.0624 3
      vertex 29 -23.05 3
    endloop
  endfacet
  facet normal -0.0653644 -0.997861 -0
    outer loop
      vertex 29.1893 -23.0624 3
      vertex 29 -23.05 0
      vertex 29.1893 -23.0624 0
    endloop
  endfacet
  facet normal 0.442356 -0.896839 0
    outer loop
      vertex 28.275 -23.2443 0
      vertex 28.4451 -23.1604 3
      vertex 28.275 -23.2443 3
    endloop
  endfacet
  facet normal 0.442356 -0.896839 0
    outer loop
      vertex 28.4451 -23.1604 3
      vertex 28.275 -23.2443 0
      vertex 28.4451 -23.1604 0
    endloop
  endfacet
  facet normal -0.831644 0.555309 0
    outer loop
      vertex 30.1504 -25.3827 0
      vertex 30.2557 -25.225 3
      vertex 30.2557 -25.225 0
    endloop
  endfacet
  facet normal -0.831644 0.555309 0
    outer loop
      vertex 30.2557 -25.225 3
      vertex 30.1504 -25.3827 0
      vertex 30.1504 -25.3827 3
    endloop
  endfacet
  facet normal 0.997861 0.0653644 0
    outer loop
      vertex 27.5624 -24.6893 3
      vertex 27.55 -24.5 0
      vertex 27.55 -24.5 3
    endloop
  endfacet
  facet normal 0.997861 0.0653644 0
    outer loop
      vertex 27.55 -24.5 0
      vertex 27.5624 -24.6893 3
      vertex 27.5624 -24.6893 0
    endloop
  endfacet
  facet normal 0.946876 0.3216 0
    outer loop
      vertex 27.6604 -25.0549 3
      vertex 27.5994 -24.8753 0
      vertex 27.5994 -24.8753 3
    endloop
  endfacet
  facet normal 0.946876 0.3216 0
    outer loop
      vertex 27.5994 -24.8753 0
      vertex 27.6604 -25.0549 3
      vertex 27.6604 -25.0549 0
    endloop
  endfacet
  facet normal 0.659474 0.751727 -0
    outer loop
      vertex 28.1173 -25.6504 0
      vertex 27.9747 -25.5253 3
      vertex 28.1173 -25.6504 3
    endloop
  endfacet
  facet normal 0.659474 0.751727 0
    outer loop
      vertex 27.9747 -25.5253 3
      vertex 28.1173 -25.6504 0
      vertex 27.9747 -25.5253 0
    endloop
  endfacet
  facet normal -0.442356 -0.896839 0
    outer loop
      vertex 29.5549 -23.1604 0
      vertex 29.725 -23.2443 3
      vertex 29.5549 -23.1604 3
    endloop
  endfacet
  facet normal -0.442356 -0.896839 -0
    outer loop
      vertex 29.725 -23.2443 3
      vertex 29.5549 -23.1604 0
      vertex 29.725 -23.2443 0
    endloop
  endfacet
  facet normal 0.195102 -0.980783 0
    outer loop
      vertex 28.6247 -23.0994 0
      vertex 28.8107 -23.0624 3
      vertex 28.6247 -23.0994 3
    endloop
  endfacet
  facet normal 0.195102 -0.980783 0
    outer loop
      vertex 28.8107 -23.0624 3
      vertex 28.6247 -23.0994 0
      vertex 28.8107 -23.0624 0
    endloop
  endfacet
  facet normal -0.751727 -0.659474 0
    outer loop
      vertex 30.1504 -23.6173 0
      vertex 30.0253 -23.4747 3
      vertex 30.0253 -23.4747 0
    endloop
  endfacet
  facet normal -0.751727 -0.659474 0
    outer loop
      vertex 30.0253 -23.4747 3
      vertex 30.1504 -23.6173 0
      vertex 30.1504 -23.6173 3
    endloop
  endfacet
  facet normal -0.195102 -0.980783 0
    outer loop
      vertex 29.1893 -23.0624 0
      vertex 29.3753 -23.0994 3
      vertex 29.1893 -23.0624 3
    endloop
  endfacet
  facet normal -0.195102 -0.980783 -0
    outer loop
      vertex 29.3753 -23.0994 3
      vertex 29.1893 -23.0624 0
      vertex 29.3753 -23.0994 0
    endloop
  endfacet
  facet normal -0.751727 0.659474 0
    outer loop
      vertex 30.0253 -25.5253 0
      vertex 30.1504 -25.3827 3
      vertex 30.1504 -25.3827 0
    endloop
  endfacet
  facet normal -0.751727 0.659474 0
    outer loop
      vertex 30.1504 -25.3827 3
      vertex 30.0253 -25.5253 0
      vertex 30.0253 -25.5253 3
    endloop
  endfacet
  facet normal 0.442356 0.896839 -0
    outer loop
      vertex 28.4451 -25.8396 0
      vertex 28.275 -25.7557 3
      vertex 28.4451 -25.8396 3
    endloop
  endfacet
  facet normal 0.442356 0.896839 0
    outer loop
      vertex 28.275 -25.7557 3
      vertex 28.4451 -25.8396 0
      vertex 28.275 -25.7557 0
    endloop
  endfacet
  facet normal 0.0653644 -0.997861 0
    outer loop
      vertex 28.8107 -23.0624 0
      vertex 29 -23.05 3
      vertex 28.8107 -23.0624 3
    endloop
  endfacet
  facet normal 0.0653644 -0.997861 0
    outer loop
      vertex 29 -23.05 3
      vertex 28.8107 -23.0624 0
      vertex 29 -23.05 0
    endloop
  endfacet
  facet normal 0.980783 -0.195102 0
    outer loop
      vertex 27.5624 -24.3107 3
      vertex 27.5994 -24.1247 0
      vertex 27.5994 -24.1247 3
    endloop
  endfacet
  facet normal 0.980783 -0.195102 0
    outer loop
      vertex 27.5994 -24.1247 0
      vertex 27.5624 -24.3107 3
      vertex 27.5624 -24.3107 0
    endloop
  endfacet
  facet normal -0.0653644 0.997861 0
    outer loop
      vertex 29.1893 -25.9376 0
      vertex 29 -25.95 3
      vertex 29.1893 -25.9376 3
    endloop
  endfacet
  facet normal -0.0653644 0.997861 0
    outer loop
      vertex 29 -25.95 3
      vertex 29.1893 -25.9376 0
      vertex 29 -25.95 0
    endloop
  endfacet
  facet normal -0.442356 0.896839 0
    outer loop
      vertex 29.725 -25.7557 0
      vertex 29.5549 -25.8396 3
      vertex 29.725 -25.7557 3
    endloop
  endfacet
  facet normal -0.442356 0.896839 0
    outer loop
      vertex 29.5549 -25.8396 3
      vertex 29.725 -25.7557 0
      vertex 29.5549 -25.8396 0
    endloop
  endfacet
  facet normal -0.659474 0.751727 0
    outer loop
      vertex 30.0253 -25.5253 0
      vertex 29.8827 -25.6504 3
      vertex 30.0253 -25.5253 3
    endloop
  endfacet
  facet normal -0.659474 0.751727 0
    outer loop
      vertex 29.8827 -25.6504 3
      vertex 30.0253 -25.5253 0
      vertex 29.8827 -25.6504 0
    endloop
  endfacet
  facet normal 0.896839 0.442356 0
    outer loop
      vertex 27.7443 -25.225 3
      vertex 27.6604 -25.0549 0
      vertex 27.6604 -25.0549 3
    endloop
  endfacet
  facet normal 0.896839 0.442356 0
    outer loop
      vertex 27.6604 -25.0549 0
      vertex 27.7443 -25.225 3
      vertex 27.7443 -25.225 0
    endloop
  endfacet
  facet normal -0.896839 0.442356 0
    outer loop
      vertex 30.2557 -25.225 0
      vertex 30.3396 -25.0549 3
      vertex 30.3396 -25.0549 0
    endloop
  endfacet
  facet normal -0.896839 0.442356 0
    outer loop
      vertex 30.3396 -25.0549 3
      vertex 30.2557 -25.225 0
      vertex 30.2557 -25.225 3
    endloop
  endfacet
  facet normal -0.659474 -0.751727 0
    outer loop
      vertex 29.8827 -23.3496 0
      vertex 30.0253 -23.4747 3
      vertex 29.8827 -23.3496 3
    endloop
  endfacet
  facet normal -0.659474 -0.751727 -0
    outer loop
      vertex 30.0253 -23.4747 3
      vertex 29.8827 -23.3496 0
      vertex 30.0253 -23.4747 0
    endloop
  endfacet
  facet normal -0.997861 0.0653644 0
    outer loop
      vertex 30.4376 -24.6893 0
      vertex 30.45 -24.5 3
      vertex 30.45 -24.5 0
    endloop
  endfacet
  facet normal -0.997861 0.0653644 0
    outer loop
      vertex 30.45 -24.5 3
      vertex 30.4376 -24.6893 0
      vertex 30.4376 -24.6893 3
    endloop
  endfacet
  facet normal 0.555309 0.831644 -0
    outer loop
      vertex 28.275 -25.7557 0
      vertex 28.1173 -25.6504 3
      vertex 28.275 -25.7557 3
    endloop
  endfacet
  facet normal 0.555309 0.831644 0
    outer loop
      vertex 28.1173 -25.6504 3
      vertex 28.275 -25.7557 0
      vertex 28.1173 -25.6504 0
    endloop
  endfacet
  facet normal -0.896839 -0.442356 0
    outer loop
      vertex 30.3396 -23.9451 0
      vertex 30.2557 -23.775 3
      vertex 30.2557 -23.775 0
    endloop
  endfacet
  facet normal -0.896839 -0.442356 0
    outer loop
      vertex 30.2557 -23.775 3
      vertex 30.3396 -23.9451 0
      vertex 30.3396 -23.9451 3
    endloop
  endfacet
  facet normal -0.980783 0.195102 0
    outer loop
      vertex 30.4006 -24.8753 0
      vertex 30.4376 -24.6893 3
      vertex 30.4376 -24.6893 0
    endloop
  endfacet
  facet normal -0.980783 0.195102 0
    outer loop
      vertex 30.4376 -24.6893 3
      vertex 30.4006 -24.8753 0
      vertex 30.4006 -24.8753 3
    endloop
  endfacet
  facet normal -0.946876 -0.3216 0
    outer loop
      vertex 30.4006 -24.1247 0
      vertex 30.3396 -23.9451 3
      vertex 30.3396 -23.9451 0
    endloop
  endfacet
  facet normal -0.946876 -0.3216 0
    outer loop
      vertex 30.3396 -23.9451 3
      vertex 30.4006 -24.1247 0
      vertex 30.4006 -24.1247 3
    endloop
  endfacet
  facet normal 0.980783 0.195102 0
    outer loop
      vertex 27.5994 -24.8753 3
      vertex 27.5624 -24.6893 0
      vertex 27.5624 -24.6893 3
    endloop
  endfacet
  facet normal 0.980783 0.195102 0
    outer loop
      vertex 27.5624 -24.6893 0
      vertex 27.5994 -24.8753 3
      vertex 27.5994 -24.8753 0
    endloop
  endfacet
  facet normal 0.751727 0.659474 0
    outer loop
      vertex 27.9747 -25.5253 3
      vertex 27.8496 -25.3827 0
      vertex 27.8496 -25.3827 3
    endloop
  endfacet
  facet normal 0.751727 0.659474 0
    outer loop
      vertex 27.8496 -25.3827 0
      vertex 27.9747 -25.5253 3
      vertex 27.9747 -25.5253 0
    endloop
  endfacet
  facet normal 0.195102 0.980783 -0
    outer loop
      vertex 28.8107 -25.9376 0
      vertex 28.6247 -25.9006 3
      vertex 28.8107 -25.9376 3
    endloop
  endfacet
  facet normal 0.195102 0.980783 0
    outer loop
      vertex 28.6247 -25.9006 3
      vertex 28.8107 -25.9376 0
      vertex 28.6247 -25.9006 0
    endloop
  endfacet
  facet normal 0.831644 -0.555309 0
    outer loop
      vertex 27.7443 -23.775 3
      vertex 27.8496 -23.6173 0
      vertex 27.8496 -23.6173 3
    endloop
  endfacet
  facet normal 0.831644 -0.555309 0
    outer loop
      vertex 27.8496 -23.6173 0
      vertex 27.7443 -23.775 3
      vertex 27.7443 -23.775 0
    endloop
  endfacet
  facet normal 0.0653644 0.997861 -0
    outer loop
      vertex 29 -25.95 0
      vertex 28.8107 -25.9376 3
      vertex 29 -25.95 3
    endloop
  endfacet
  facet normal 0.0653644 0.997861 0
    outer loop
      vertex 28.8107 -25.9376 3
      vertex 29 -25.95 0
      vertex 28.8107 -25.9376 0
    endloop
  endfacet
  facet normal -0.980783 -0.195102 0
    outer loop
      vertex 30.4376 24.6893 0
      vertex 30.4006 24.8753 3
      vertex 30.4006 24.8753 0
    endloop
  endfacet
  facet normal -0.980783 -0.195102 0
    outer loop
      vertex 30.4006 24.8753 3
      vertex 30.4376 24.6893 0
      vertex 30.4376 24.6893 3
    endloop
  endfacet
  facet normal -0.997861 -0.0653644 0
    outer loop
      vertex 30.45 24.5 0
      vertex 30.4376 24.6893 3
      vertex 30.4376 24.6893 0
    endloop
  endfacet
  facet normal -0.997861 -0.0653644 0
    outer loop
      vertex 30.4376 24.6893 3
      vertex 30.45 24.5 0
      vertex 30.45 24.5 3
    endloop
  endfacet
  facet normal 0.831644 0.555309 0
    outer loop
      vertex 27.8496 23.6173 3
      vertex 27.7443 23.775 0
      vertex 27.7443 23.775 3
    endloop
  endfacet
  facet normal 0.831644 0.555309 0
    outer loop
      vertex 27.7443 23.775 0
      vertex 27.8496 23.6173 3
      vertex 27.8496 23.6173 0
    endloop
  endfacet
  facet normal -0.442356 -0.896839 0
    outer loop
      vertex 29.5549 25.8396 0
      vertex 29.725 25.7557 3
      vertex 29.5549 25.8396 3
    endloop
  endfacet
  facet normal -0.442356 -0.896839 -0
    outer loop
      vertex 29.725 25.7557 3
      vertex 29.5549 25.8396 0
      vertex 29.725 25.7557 0
    endloop
  endfacet
  facet normal -0.659474 -0.751727 0
    outer loop
      vertex 29.8827 25.6504 0
      vertex 30.0253 25.5253 3
      vertex 29.8827 25.6504 3
    endloop
  endfacet
  facet normal -0.659474 -0.751727 -0
    outer loop
      vertex 30.0253 25.5253 3
      vertex 29.8827 25.6504 0
      vertex 30.0253 25.5253 0
    endloop
  endfacet
  facet normal -0.659474 0.751727 0
    outer loop
      vertex 30.0253 23.4747 0
      vertex 29.8827 23.3496 3
      vertex 30.0253 23.4747 3
    endloop
  endfacet
  facet normal -0.659474 0.751727 0
    outer loop
      vertex 29.8827 23.3496 3
      vertex 30.0253 23.4747 0
      vertex 29.8827 23.3496 0
    endloop
  endfacet
  facet normal -0.0653644 0.997861 0
    outer loop
      vertex 29.1893 23.0624 0
      vertex 29 23.05 3
      vertex 29.1893 23.0624 3
    endloop
  endfacet
  facet normal -0.0653644 0.997861 0
    outer loop
      vertex 29 23.05 3
      vertex 29.1893 23.0624 0
      vertex 29 23.05 0
    endloop
  endfacet
  facet normal -0.946876 0.3216 0
    outer loop
      vertex 30.3396 23.9451 0
      vertex 30.4006 24.1247 3
      vertex 30.4006 24.1247 0
    endloop
  endfacet
  facet normal -0.946876 0.3216 0
    outer loop
      vertex 30.4006 24.1247 3
      vertex 30.3396 23.9451 0
      vertex 30.3396 23.9451 3
    endloop
  endfacet
  facet normal -0.997861 0.0653644 0
    outer loop
      vertex 30.4376 24.3107 0
      vertex 30.45 24.5 3
      vertex 30.45 24.5 0
    endloop
  endfacet
  facet normal -0.997861 0.0653644 0
    outer loop
      vertex 30.45 24.5 3
      vertex 30.4376 24.3107 0
      vertex 30.4376 24.3107 3
    endloop
  endfacet
  facet normal 0.442356 0.896839 -0
    outer loop
      vertex 28.4451 23.1604 0
      vertex 28.275 23.2443 3
      vertex 28.4451 23.1604 3
    endloop
  endfacet
  facet normal 0.442356 0.896839 0
    outer loop
      vertex 28.275 23.2443 3
      vertex 28.4451 23.1604 0
      vertex 28.275 23.2443 0
    endloop
  endfacet
  facet normal 0.195102 0.980783 -0
    outer loop
      vertex 28.8107 23.0624 0
      vertex 28.6247 23.0994 3
      vertex 28.8107 23.0624 3
    endloop
  endfacet
  facet normal 0.195102 0.980783 0
    outer loop
      vertex 28.6247 23.0994 3
      vertex 28.8107 23.0624 0
      vertex 28.6247 23.0994 0
    endloop
  endfacet
  facet normal 0.0653644 -0.997861 0
    outer loop
      vertex 28.8107 25.9376 0
      vertex 29 25.95 3
      vertex 28.8107 25.9376 3
    endloop
  endfacet
  facet normal 0.0653644 -0.997861 0
    outer loop
      vertex 29 25.95 3
      vertex 28.8107 25.9376 0
      vertex 29 25.95 0
    endloop
  endfacet
  facet normal -0.831644 0.555309 0
    outer loop
      vertex 30.1504 23.6173 0
      vertex 30.2557 23.775 3
      vertex 30.2557 23.775 0
    endloop
  endfacet
  facet normal -0.831644 0.555309 0
    outer loop
      vertex 30.2557 23.775 3
      vertex 30.1504 23.6173 0
      vertex 30.1504 23.6173 3
    endloop
  endfacet
  facet normal -0.896839 0.442356 0
    outer loop
      vertex 30.2557 23.775 0
      vertex 30.3396 23.9451 3
      vertex 30.3396 23.9451 0
    endloop
  endfacet
  facet normal -0.896839 0.442356 0
    outer loop
      vertex 30.3396 23.9451 3
      vertex 30.2557 23.775 0
      vertex 30.2557 23.775 3
    endloop
  endfacet
  facet normal 0.831644 -0.555309 0
    outer loop
      vertex 27.7443 25.225 3
      vertex 27.8496 25.3827 0
      vertex 27.8496 25.3827 3
    endloop
  endfacet
  facet normal 0.831644 -0.555309 0
    outer loop
      vertex 27.8496 25.3827 0
      vertex 27.7443 25.225 3
      vertex 27.7443 25.225 0
    endloop
  endfacet
  facet normal 0.896839 0.442356 0
    outer loop
      vertex 27.7443 23.775 3
      vertex 27.6604 23.9451 0
      vertex 27.6604 23.9451 3
    endloop
  endfacet
  facet normal 0.896839 0.442356 0
    outer loop
      vertex 27.6604 23.9451 0
      vertex 27.7443 23.775 3
      vertex 27.7443 23.775 0
    endloop
  endfacet
  facet normal -0.442356 0.896839 0
    outer loop
      vertex 29.725 23.2443 0
      vertex 29.5549 23.1604 3
      vertex 29.725 23.2443 3
    endloop
  endfacet
  facet normal -0.442356 0.896839 0
    outer loop
      vertex 29.5549 23.1604 3
      vertex 29.725 23.2443 0
      vertex 29.5549 23.1604 0
    endloop
  endfacet
  facet normal 0.997861 -0.0653644 0
    outer loop
      vertex 27.55 24.5 3
      vertex 27.5624 24.6893 0
      vertex 27.5624 24.6893 3
    endloop
  endfacet
  facet normal 0.997861 -0.0653644 0
    outer loop
      vertex 27.5624 24.6893 0
      vertex 27.55 24.5 3
      vertex 27.55 24.5 0
    endloop
  endfacet
  facet normal -0.896839 -0.442356 0
    outer loop
      vertex 30.3396 25.0549 0
      vertex 30.2557 25.225 3
      vertex 30.2557 25.225 0
    endloop
  endfacet
  facet normal -0.896839 -0.442356 0
    outer loop
      vertex 30.2557 25.225 3
      vertex 30.3396 25.0549 0
      vertex 30.3396 25.0549 3
    endloop
  endfacet
  facet normal -0.3216 0.946876 0
    outer loop
      vertex 29.5549 23.1604 0
      vertex 29.3753 23.0994 3
      vertex 29.5549 23.1604 3
    endloop
  endfacet
  facet normal -0.3216 0.946876 0
    outer loop
      vertex 29.3753 23.0994 3
      vertex 29.5549 23.1604 0
      vertex 29.3753 23.0994 0
    endloop
  endfacet
  facet normal 0.751727 0.659474 0
    outer loop
      vertex 27.9747 23.4747 3
      vertex 27.8496 23.6173 0
      vertex 27.8496 23.6173 3
    endloop
  endfacet
  facet normal 0.751727 0.659474 0
    outer loop
      vertex 27.8496 23.6173 0
      vertex 27.9747 23.4747 3
      vertex 27.9747 23.4747 0
    endloop
  endfacet
  facet normal -0.555309 0.831644 0
    outer loop
      vertex 29.8827 23.3496 0
      vertex 29.725 23.2443 3
      vertex 29.8827 23.3496 3
    endloop
  endfacet
  facet normal -0.555309 0.831644 0
    outer loop
      vertex 29.725 23.2443 3
      vertex 29.8827 23.3496 0
      vertex 29.725 23.2443 0
    endloop
  endfacet
  facet normal 0.751727 -0.659474 0
    outer loop
      vertex 27.8496 25.3827 3
      vertex 27.9747 25.5253 0
      vertex 27.9747 25.5253 3
    endloop
  endfacet
  facet normal 0.751727 -0.659474 0
    outer loop
      vertex 27.9747 25.5253 0
      vertex 27.8496 25.3827 3
      vertex 27.8496 25.3827 0
    endloop
  endfacet
  facet normal -0.751727 0.659474 0
    outer loop
      vertex 30.0253 23.4747 0
      vertex 30.1504 23.6173 3
      vertex 30.1504 23.6173 0
    endloop
  endfacet
  facet normal -0.751727 0.659474 0
    outer loop
      vertex 30.1504 23.6173 3
      vertex 30.0253 23.4747 0
      vertex 30.0253 23.4747 3
    endloop
  endfacet
  facet normal -0.831644 -0.555309 0
    outer loop
      vertex 30.2557 25.225 0
      vertex 30.1504 25.3827 3
      vertex 30.1504 25.3827 0
    endloop
  endfacet
  facet normal -0.831644 -0.555309 0
    outer loop
      vertex 30.1504 25.3827 3
      vertex 30.2557 25.225 0
      vertex 30.2557 25.225 3
    endloop
  endfacet
  facet normal -0.195102 -0.980783 0
    outer loop
      vertex 29.1893 25.9376 0
      vertex 29.3753 25.9006 3
      vertex 29.1893 25.9376 3
    endloop
  endfacet
  facet normal -0.195102 -0.980783 -0
    outer loop
      vertex 29.3753 25.9006 3
      vertex 29.1893 25.9376 0
      vertex 29.3753 25.9006 0
    endloop
  endfacet
  facet normal 0.946876 0.3216 0
    outer loop
      vertex 27.6604 23.9451 3
      vertex 27.5994 24.1247 0
      vertex 27.5994 24.1247 3
    endloop
  endfacet
  facet normal 0.946876 0.3216 0
    outer loop
      vertex 27.5994 24.1247 0
      vertex 27.6604 23.9451 3
      vertex 27.6604 23.9451 0
    endloop
  endfacet
  facet normal 0.980783 -0.195102 0
    outer loop
      vertex 27.5624 24.6893 3
      vertex 27.5994 24.8753 0
      vertex 27.5994 24.8753 3
    endloop
  endfacet
  facet normal 0.980783 -0.195102 0
    outer loop
      vertex 27.5994 24.8753 0
      vertex 27.5624 24.6893 3
      vertex 27.5624 24.6893 0
    endloop
  endfacet
  facet normal -0.555309 -0.831644 0
    outer loop
      vertex 29.725 25.7557 0
      vertex 29.8827 25.6504 3
      vertex 29.725 25.7557 3
    endloop
  endfacet
  facet normal -0.555309 -0.831644 -0
    outer loop
      vertex 29.8827 25.6504 3
      vertex 29.725 25.7557 0
      vertex 29.8827 25.6504 0
    endloop
  endfacet
  facet normal 0.195102 -0.980783 0
    outer loop
      vertex 28.6247 25.9006 0
      vertex 28.8107 25.9376 3
      vertex 28.6247 25.9006 3
    endloop
  endfacet
  facet normal 0.195102 -0.980783 0
    outer loop
      vertex 28.8107 25.9376 3
      vertex 28.6247 25.9006 0
      vertex 28.8107 25.9376 0
    endloop
  endfacet
  facet normal -0.980783 0.195102 0
    outer loop
      vertex 30.4006 24.1247 0
      vertex 30.4376 24.3107 3
      vertex 30.4376 24.3107 0
    endloop
  endfacet
  facet normal -0.980783 0.195102 0
    outer loop
      vertex 30.4376 24.3107 3
      vertex 30.4006 24.1247 0
      vertex 30.4006 24.1247 3
    endloop
  endfacet
  facet normal 0.659474 -0.751727 0
    outer loop
      vertex 27.9747 25.5253 0
      vertex 28.1173 25.6504 3
      vertex 27.9747 25.5253 3
    endloop
  endfacet
  facet normal 0.659474 -0.751727 0
    outer loop
      vertex 28.1173 25.6504 3
      vertex 27.9747 25.5253 0
      vertex 28.1173 25.6504 0
    endloop
  endfacet
  facet normal -0.0653644 -0.997861 0
    outer loop
      vertex 29 25.95 0
      vertex 29.1893 25.9376 3
      vertex 29 25.95 3
    endloop
  endfacet
  facet normal -0.0653644 -0.997861 -0
    outer loop
      vertex 29.1893 25.9376 3
      vertex 29 25.95 0
      vertex 29.1893 25.9376 0
    endloop
  endfacet
  facet normal 0.3216 0.946876 -0
    outer loop
      vertex 28.6247 23.0994 0
      vertex 28.4451 23.1604 3
      vertex 28.6247 23.0994 3
    endloop
  endfacet
  facet normal 0.3216 0.946876 0
    outer loop
      vertex 28.4451 23.1604 3
      vertex 28.6247 23.0994 0
      vertex 28.4451 23.1604 0
    endloop
  endfacet
  facet normal 0.946876 -0.3216 0
    outer loop
      vertex 27.5994 24.8753 3
      vertex 27.6604 25.0549 0
      vertex 27.6604 25.0549 3
    endloop
  endfacet
  facet normal 0.946876 -0.3216 0
    outer loop
      vertex 27.6604 25.0549 0
      vertex 27.5994 24.8753 3
      vertex 27.5994 24.8753 0
    endloop
  endfacet
  facet normal -0.195102 0.980783 0
    outer loop
      vertex 29.3753 23.0994 0
      vertex 29.1893 23.0624 3
      vertex 29.3753 23.0994 3
    endloop
  endfacet
  facet normal -0.195102 0.980783 0
    outer loop
      vertex 29.1893 23.0624 3
      vertex 29.3753 23.0994 0
      vertex 29.1893 23.0624 0
    endloop
  endfacet
  facet normal -0.3216 -0.946876 0
    outer loop
      vertex 29.3753 25.9006 0
      vertex 29.5549 25.8396 3
      vertex 29.3753 25.9006 3
    endloop
  endfacet
  facet normal -0.3216 -0.946876 -0
    outer loop
      vertex 29.5549 25.8396 3
      vertex 29.3753 25.9006 0
      vertex 29.5549 25.8396 0
    endloop
  endfacet
  facet normal 0.0653644 0.997861 -0
    outer loop
      vertex 29 23.05 0
      vertex 28.8107 23.0624 3
      vertex 29 23.05 3
    endloop
  endfacet
  facet normal 0.0653644 0.997861 0
    outer loop
      vertex 28.8107 23.0624 3
      vertex 29 23.05 0
      vertex 28.8107 23.0624 0
    endloop
  endfacet
  facet normal -0.751727 -0.659474 0
    outer loop
      vertex 30.1504 25.3827 0
      vertex 30.0253 25.5253 3
      vertex 30.0253 25.5253 0
    endloop
  endfacet
  facet normal -0.751727 -0.659474 0
    outer loop
      vertex 30.0253 25.5253 3
      vertex 30.1504 25.3827 0
      vertex 30.1504 25.3827 3
    endloop
  endfacet
  facet normal -0.946876 -0.3216 0
    outer loop
      vertex 30.4006 24.8753 0
      vertex 30.3396 25.0549 3
      vertex 30.3396 25.0549 0
    endloop
  endfacet
  facet normal -0.946876 -0.3216 0
    outer loop
      vertex 30.3396 25.0549 3
      vertex 30.4006 24.8753 0
      vertex 30.4006 24.8753 3
    endloop
  endfacet
  facet normal 0.3216 -0.946876 0
    outer loop
      vertex 28.4451 25.8396 0
      vertex 28.6247 25.9006 3
      vertex 28.4451 25.8396 3
    endloop
  endfacet
  facet normal 0.3216 -0.946876 0
    outer loop
      vertex 28.6247 25.9006 3
      vertex 28.4451 25.8396 0
      vertex 28.6247 25.9006 0
    endloop
  endfacet
  facet normal 0.442356 -0.896839 0
    outer loop
      vertex 28.275 25.7557 0
      vertex 28.4451 25.8396 3
      vertex 28.275 25.7557 3
    endloop
  endfacet
  facet normal 0.442356 -0.896839 0
    outer loop
      vertex 28.4451 25.8396 3
      vertex 28.275 25.7557 0
      vertex 28.4451 25.8396 0
    endloop
  endfacet
  facet normal 0.997861 0.0653644 0
    outer loop
      vertex 27.5624 24.3107 3
      vertex 27.55 24.5 0
      vertex 27.55 24.5 3
    endloop
  endfacet
  facet normal 0.997861 0.0653644 0
    outer loop
      vertex 27.55 24.5 0
      vertex 27.5624 24.3107 3
      vertex 27.5624 24.3107 0
    endloop
  endfacet
  facet normal 0.555309 -0.831644 0
    outer loop
      vertex 28.1173 25.6504 0
      vertex 28.275 25.7557 3
      vertex 28.1173 25.6504 3
    endloop
  endfacet
  facet normal 0.555309 -0.831644 0
    outer loop
      vertex 28.275 25.7557 3
      vertex 28.1173 25.6504 0
      vertex 28.275 25.7557 0
    endloop
  endfacet
  facet normal 0.980783 0.195102 0
    outer loop
      vertex 27.5994 24.1247 3
      vertex 27.5624 24.3107 0
      vertex 27.5624 24.3107 3
    endloop
  endfacet
  facet normal 0.980783 0.195102 0
    outer loop
      vertex 27.5624 24.3107 0
      vertex 27.5994 24.1247 3
      vertex 27.5994 24.1247 0
    endloop
  endfacet
  facet normal 0.555309 0.831644 -0
    outer loop
      vertex 28.275 23.2443 0
      vertex 28.1173 23.3496 3
      vertex 28.275 23.2443 3
    endloop
  endfacet
  facet normal 0.555309 0.831644 0
    outer loop
      vertex 28.1173 23.3496 3
      vertex 28.275 23.2443 0
      vertex 28.1173 23.3496 0
    endloop
  endfacet
  facet normal 0.896839 -0.442356 0
    outer loop
      vertex 27.6604 25.0549 3
      vertex 27.7443 25.225 0
      vertex 27.7443 25.225 3
    endloop
  endfacet
  facet normal 0.896839 -0.442356 0
    outer loop
      vertex 27.7443 25.225 0
      vertex 27.6604 25.0549 3
      vertex 27.6604 25.0549 0
    endloop
  endfacet
  facet normal 0.659474 0.751727 -0
    outer loop
      vertex 28.1173 23.3496 0
      vertex 27.9747 23.4747 3
      vertex 28.1173 23.3496 3
    endloop
  endfacet
  facet normal 0.659474 0.751727 0
    outer loop
      vertex 27.9747 23.4747 3
      vertex 28.1173 23.3496 0
      vertex 27.9747 23.4747 0
    endloop
  endfacet
  facet normal -0.98077 -0.195165 0
    outer loop
      vertex -13.5645 -15.0281 0
      vertex -13.6079 -14.81 3
      vertex -13.6079 -14.81 0
    endloop
  endfacet
  facet normal -0.98077 -0.195165 0
    outer loop
      vertex -13.6079 -14.81 3
      vertex -13.5645 -15.0281 0
      vertex -13.5645 -15.0281 3
    endloop
  endfacet
  facet normal -0.997872 -0.0652057 0
    outer loop
      vertex -13.55 -15.25 0
      vertex -13.5645 -15.0281 3
      vertex -13.5645 -15.0281 0
    endloop
  endfacet
  facet normal -0.997872 -0.0652057 0
    outer loop
      vertex -13.5645 -15.0281 3
      vertex -13.55 -15.25 0
      vertex -13.55 -15.25 3
    endloop
  endfacet
  facet normal -0.0652057 0.997872 0
    outer loop
      vertex -15.0281 -16.9355 0
      vertex -15.25 -16.95 3
      vertex -15.0281 -16.9355 3
    endloop
  endfacet
  facet normal -0.0652057 0.997872 0
    outer loop
      vertex -15.25 -16.95 3
      vertex -15.0281 -16.9355 0
      vertex -15.25 -16.95 0
    endloop
  endfacet
  facet normal 0.659268 -0.751908 0
    outer loop
      vertex -16.4521 -14.0479 0
      vertex -16.2849 -13.9013 3
      vertex -16.4521 -14.0479 3
    endloop
  endfacet
  facet normal 0.659268 -0.751908 0
    outer loop
      vertex -16.2849 -13.9013 3
      vertex -16.4521 -14.0479 0
      vertex -16.2849 -13.9013 0
    endloop
  endfacet
  facet normal 0.831566 0.555426 0
    outer loop
      vertex -16.5987 -16.2849 3
      vertex -16.7222 -16.1 0
      vertex -16.7222 -16.1 3
    endloop
  endfacet
  facet normal 0.831566 0.555426 0
    outer loop
      vertex -16.7222 -16.1 0
      vertex -16.5987 -16.2849 3
      vertex -16.5987 -16.2849 0
    endloop
  endfacet
  facet normal 0.195165 0.98077 -0
    outer loop
      vertex -15.4719 -16.9355 0
      vertex -15.69 -16.8921 3
      vertex -15.4719 -16.9355 3
    endloop
  endfacet
  facet normal 0.195165 0.98077 0
    outer loop
      vertex -15.69 -16.8921 3
      vertex -15.4719 -16.9355 0
      vertex -15.69 -16.8921 0
    endloop
  endfacet
  facet normal -0.659268 -0.751908 0
    outer loop
      vertex -14.2151 -13.9013 0
      vertex -14.0479 -14.0479 3
      vertex -14.2151 -13.9013 3
    endloop
  endfacet
  facet normal -0.659268 -0.751908 -0
    outer loop
      vertex -14.0479 -14.0479 3
      vertex -14.2151 -13.9013 0
      vertex -14.0479 -14.0479 0
    endloop
  endfacet
  facet normal -0.946915 0.321484 0
    outer loop
      vertex -13.6794 -15.9006 0
      vertex -13.6079 -15.69 3
      vertex -13.6079 -15.69 0
    endloop
  endfacet
  facet normal -0.946915 0.321484 0
    outer loop
      vertex -13.6079 -15.69 3
      vertex -13.6794 -15.9006 0
      vertex -13.6794 -15.9006 3
    endloop
  endfacet
  facet normal -0.751908 0.659268 0
    outer loop
      vertex -14.0479 -16.4521 0
      vertex -13.9013 -16.2849 3
      vertex -13.9013 -16.2849 0
    endloop
  endfacet
  facet normal -0.751908 0.659268 0
    outer loop
      vertex -13.9013 -16.2849 3
      vertex -14.0479 -16.4521 0
      vertex -14.0479 -16.4521 3
    endloop
  endfacet
  facet normal -0.751908 -0.659268 0
    outer loop
      vertex -13.9013 -14.2151 0
      vertex -14.0479 -14.0479 3
      vertex -14.0479 -14.0479 0
    endloop
  endfacet
  facet normal -0.751908 -0.659268 0
    outer loop
      vertex -14.0479 -14.0479 3
      vertex -13.9013 -14.2151 0
      vertex -13.9013 -14.2151 3
    endloop
  endfacet
  facet normal 0.946915 0.321484 0
    outer loop
      vertex -16.8206 -15.9006 3
      vertex -16.8921 -15.69 0
      vertex -16.8921 -15.69 3
    endloop
  endfacet
  facet normal 0.946915 0.321484 0
    outer loop
      vertex -16.8921 -15.69 0
      vertex -16.8206 -15.9006 3
      vertex -16.8206 -15.9006 0
    endloop
  endfacet
  facet normal -0.321484 0.946915 0
    outer loop
      vertex -14.5994 -16.8206 0
      vertex -14.81 -16.8921 3
      vertex -14.5994 -16.8206 3
    endloop
  endfacet
  facet normal -0.321484 0.946915 0
    outer loop
      vertex -14.81 -16.8921 3
      vertex -14.5994 -16.8206 0
      vertex -14.81 -16.8921 0
    endloop
  endfacet
  facet normal 0.0652057 0.997872 -0
    outer loop
      vertex -15.25 -16.95 0
      vertex -15.4719 -16.9355 3
      vertex -15.25 -16.95 3
    endloop
  endfacet
  facet normal 0.0652057 0.997872 0
    outer loop
      vertex -15.4719 -16.9355 3
      vertex -15.25 -16.95 0
      vertex -15.4719 -16.9355 0
    endloop
  endfacet
  facet normal 0.321484 -0.946915 0
    outer loop
      vertex -15.9006 -13.6794 0
      vertex -15.69 -13.6079 3
      vertex -15.9006 -13.6794 3
    endloop
  endfacet
  facet normal 0.321484 -0.946915 0
    outer loop
      vertex -15.69 -13.6079 3
      vertex -15.9006 -13.6794 0
      vertex -15.69 -13.6079 0
    endloop
  endfacet
  facet normal -0.946915 -0.321484 0
    outer loop
      vertex -13.6079 -14.81 0
      vertex -13.6794 -14.5994 3
      vertex -13.6794 -14.5994 0
    endloop
  endfacet
  facet normal -0.946915 -0.321484 0
    outer loop
      vertex -13.6794 -14.5994 3
      vertex -13.6079 -14.81 0
      vertex -13.6079 -14.81 3
    endloop
  endfacet
  facet normal 0.751908 -0.659268 0
    outer loop
      vertex -16.5987 -14.2151 3
      vertex -16.4521 -14.0479 0
      vertex -16.4521 -14.0479 3
    endloop
  endfacet
  facet normal 0.751908 -0.659268 0
    outer loop
      vertex -16.4521 -14.0479 0
      vertex -16.5987 -14.2151 3
      vertex -16.5987 -14.2151 0
    endloop
  endfacet
  facet normal 0.44253 0.896754 -0
    outer loop
      vertex -15.9006 -16.8206 0
      vertex -16.1 -16.7222 3
      vertex -15.9006 -16.8206 3
    endloop
  endfacet
  facet normal 0.44253 0.896754 0
    outer loop
      vertex -16.1 -16.7222 3
      vertex -15.9006 -16.8206 0
      vertex -16.1 -16.7222 0
    endloop
  endfacet
  facet normal 0.0652057 -0.997872 0
    outer loop
      vertex -15.4719 -13.5645 0
      vertex -15.25 -13.55 3
      vertex -15.4719 -13.5645 3
    endloop
  endfacet
  facet normal 0.0652057 -0.997872 0
    outer loop
      vertex -15.25 -13.55 3
      vertex -15.4719 -13.5645 0
      vertex -15.25 -13.55 0
    endloop
  endfacet
  facet normal -0.896754 0.44253 0
    outer loop
      vertex -13.7778 -16.1 0
      vertex -13.6794 -15.9006 3
      vertex -13.6794 -15.9006 0
    endloop
  endfacet
  facet normal -0.896754 0.44253 0
    outer loop
      vertex -13.6794 -15.9006 3
      vertex -13.7778 -16.1 0
      vertex -13.7778 -16.1 3
    endloop
  endfacet
  facet normal -0.555426 0.831566 0
    outer loop
      vertex -14.2151 -16.5987 0
      vertex -14.4 -16.7222 3
      vertex -14.2151 -16.5987 3
    endloop
  endfacet
  facet normal -0.555426 0.831566 0
    outer loop
      vertex -14.4 -16.7222 3
      vertex -14.2151 -16.5987 0
      vertex -14.4 -16.7222 0
    endloop
  endfacet
  facet normal 0.98077 0.195165 0
    outer loop
      vertex -16.8921 -15.69 3
      vertex -16.9355 -15.4719 0
      vertex -16.9355 -15.4719 3
    endloop
  endfacet
  facet normal 0.98077 0.195165 0
    outer loop
      vertex -16.9355 -15.4719 0
      vertex -16.8921 -15.69 3
      vertex -16.8921 -15.69 0
    endloop
  endfacet
  facet normal -0.195165 -0.98077 0
    outer loop
      vertex -15.0281 -13.5645 0
      vertex -14.81 -13.6079 3
      vertex -15.0281 -13.5645 3
    endloop
  endfacet
  facet normal -0.195165 -0.98077 -0
    outer loop
      vertex -14.81 -13.6079 3
      vertex -15.0281 -13.5645 0
      vertex -14.81 -13.6079 0
    endloop
  endfacet
  facet normal -0.831566 -0.555426 0
    outer loop
      vertex -13.7778 -14.4 0
      vertex -13.9013 -14.2151 3
      vertex -13.9013 -14.2151 0
    endloop
  endfacet
  facet normal -0.831566 -0.555426 0
    outer loop
      vertex -13.9013 -14.2151 3
      vertex -13.7778 -14.4 0
      vertex -13.7778 -14.4 3
    endloop
  endfacet
  facet normal -0.997872 0.0652057 0
    outer loop
      vertex -13.5645 -15.4719 0
      vertex -13.55 -15.25 3
      vertex -13.55 -15.25 0
    endloop
  endfacet
  facet normal -0.997872 0.0652057 0
    outer loop
      vertex -13.55 -15.25 3
      vertex -13.5645 -15.4719 0
      vertex -13.5645 -15.4719 3
    endloop
  endfacet
  facet normal -0.321484 -0.946915 0
    outer loop
      vertex -14.81 -13.6079 0
      vertex -14.5994 -13.6794 3
      vertex -14.81 -13.6079 3
    endloop
  endfacet
  facet normal -0.321484 -0.946915 -0
    outer loop
      vertex -14.5994 -13.6794 3
      vertex -14.81 -13.6079 0
      vertex -14.5994 -13.6794 0
    endloop
  endfacet
  facet normal -0.555426 -0.831566 0
    outer loop
      vertex -14.4 -13.7778 0
      vertex -14.2151 -13.9013 3
      vertex -14.4 -13.7778 3
    endloop
  endfacet
  facet normal -0.555426 -0.831566 -0
    outer loop
      vertex -14.2151 -13.9013 3
      vertex -14.4 -13.7778 0
      vertex -14.2151 -13.9013 0
    endloop
  endfacet
  facet normal 0.195165 -0.98077 0
    outer loop
      vertex -15.69 -13.6079 0
      vertex -15.4719 -13.5645 3
      vertex -15.69 -13.6079 3
    endloop
  endfacet
  facet normal 0.195165 -0.98077 0
    outer loop
      vertex -15.4719 -13.5645 3
      vertex -15.69 -13.6079 0
      vertex -15.4719 -13.5645 0
    endloop
  endfacet
  facet normal -0.659268 0.751908 0
    outer loop
      vertex -14.0479 -16.4521 0
      vertex -14.2151 -16.5987 3
      vertex -14.0479 -16.4521 3
    endloop
  endfacet
  facet normal -0.659268 0.751908 0
    outer loop
      vertex -14.2151 -16.5987 3
      vertex -14.0479 -16.4521 0
      vertex -14.2151 -16.5987 0
    endloop
  endfacet
  facet normal 0.896754 -0.44253 0
    outer loop
      vertex -16.8206 -14.5994 3
      vertex -16.7222 -14.4 0
      vertex -16.7222 -14.4 3
    endloop
  endfacet
  facet normal 0.896754 -0.44253 0
    outer loop
      vertex -16.7222 -14.4 0
      vertex -16.8206 -14.5994 3
      vertex -16.8206 -14.5994 0
    endloop
  endfacet
  facet normal -0.98077 0.195165 0
    outer loop
      vertex -13.6079 -15.69 0
      vertex -13.5645 -15.4719 3
      vertex -13.5645 -15.4719 0
    endloop
  endfacet
  facet normal -0.98077 0.195165 0
    outer loop
      vertex -13.5645 -15.4719 3
      vertex -13.6079 -15.69 0
      vertex -13.6079 -15.69 3
    endloop
  endfacet
  facet normal -0.195165 0.98077 0
    outer loop
      vertex -14.81 -16.8921 0
      vertex -15.0281 -16.9355 3
      vertex -14.81 -16.8921 3
    endloop
  endfacet
  facet normal -0.195165 0.98077 0
    outer loop
      vertex -15.0281 -16.9355 3
      vertex -14.81 -16.8921 0
      vertex -15.0281 -16.9355 0
    endloop
  endfacet
  facet normal 0.659268 0.751908 -0
    outer loop
      vertex -16.2849 -16.5987 0
      vertex -16.4521 -16.4521 3
      vertex -16.2849 -16.5987 3
    endloop
  endfacet
  facet normal 0.659268 0.751908 0
    outer loop
      vertex -16.4521 -16.4521 3
      vertex -16.2849 -16.5987 0
      vertex -16.4521 -16.4521 0
    endloop
  endfacet
  facet normal 0.751908 0.659268 0
    outer loop
      vertex -16.4521 -16.4521 3
      vertex -16.5987 -16.2849 0
      vertex -16.5987 -16.2849 3
    endloop
  endfacet
  facet normal 0.751908 0.659268 0
    outer loop
      vertex -16.5987 -16.2849 0
      vertex -16.4521 -16.4521 3
      vertex -16.4521 -16.4521 0
    endloop
  endfacet
  facet normal -0.0652057 -0.997872 0
    outer loop
      vertex -15.25 -13.55 0
      vertex -15.0281 -13.5645 3
      vertex -15.25 -13.55 3
    endloop
  endfacet
  facet normal -0.0652057 -0.997872 -0
    outer loop
      vertex -15.0281 -13.5645 3
      vertex -15.25 -13.55 0
      vertex -15.0281 -13.5645 0
    endloop
  endfacet
  facet normal -0.44253 -0.896754 0
    outer loop
      vertex -14.5994 -13.6794 0
      vertex -14.4 -13.7778 3
      vertex -14.5994 -13.6794 3
    endloop
  endfacet
  facet normal -0.44253 -0.896754 -0
    outer loop
      vertex -14.4 -13.7778 3
      vertex -14.5994 -13.6794 0
      vertex -14.4 -13.7778 0
    endloop
  endfacet
  facet normal -0.831566 0.555426 0
    outer loop
      vertex -13.9013 -16.2849 0
      vertex -13.7778 -16.1 3
      vertex -13.7778 -16.1 0
    endloop
  endfacet
  facet normal -0.831566 0.555426 0
    outer loop
      vertex -13.7778 -16.1 3
      vertex -13.9013 -16.2849 0
      vertex -13.9013 -16.2849 3
    endloop
  endfacet
  facet normal 0.997872 0.0652057 0
    outer loop
      vertex -16.9355 -15.4719 3
      vertex -16.95 -15.25 0
      vertex -16.95 -15.25 3
    endloop
  endfacet
  facet normal 0.997872 0.0652057 0
    outer loop
      vertex -16.95 -15.25 0
      vertex -16.9355 -15.4719 3
      vertex -16.9355 -15.4719 0
    endloop
  endfacet
  facet normal -0.44253 0.896754 0
    outer loop
      vertex -14.4 -16.7222 0
      vertex -14.5994 -16.8206 3
      vertex -14.4 -16.7222 3
    endloop
  endfacet
  facet normal -0.44253 0.896754 0
    outer loop
      vertex -14.5994 -16.8206 3
      vertex -14.4 -16.7222 0
      vertex -14.5994 -16.8206 0
    endloop
  endfacet
  facet normal 0.98077 -0.195165 0
    outer loop
      vertex -16.9355 -15.0281 3
      vertex -16.8921 -14.81 0
      vertex -16.8921 -14.81 3
    endloop
  endfacet
  facet normal 0.98077 -0.195165 0
    outer loop
      vertex -16.8921 -14.81 0
      vertex -16.9355 -15.0281 3
      vertex -16.9355 -15.0281 0
    endloop
  endfacet
  facet normal 0.896754 0.44253 0
    outer loop
      vertex -16.7222 -16.1 3
      vertex -16.8206 -15.9006 0
      vertex -16.8206 -15.9006 3
    endloop
  endfacet
  facet normal 0.896754 0.44253 0
    outer loop
      vertex -16.8206 -15.9006 0
      vertex -16.7222 -16.1 3
      vertex -16.7222 -16.1 0
    endloop
  endfacet
  facet normal 0.946915 -0.321484 0
    outer loop
      vertex -16.8921 -14.81 3
      vertex -16.8206 -14.5994 0
      vertex -16.8206 -14.5994 3
    endloop
  endfacet
  facet normal 0.946915 -0.321484 0
    outer loop
      vertex -16.8206 -14.5994 0
      vertex -16.8921 -14.81 3
      vertex -16.8921 -14.81 0
    endloop
  endfacet
  facet normal 0.555426 -0.831566 0
    outer loop
      vertex -16.2849 -13.9013 0
      vertex -16.1 -13.7778 3
      vertex -16.2849 -13.9013 3
    endloop
  endfacet
  facet normal 0.555426 -0.831566 0
    outer loop
      vertex -16.1 -13.7778 3
      vertex -16.2849 -13.9013 0
      vertex -16.1 -13.7778 0
    endloop
  endfacet
  facet normal -0.896754 -0.44253 0
    outer loop
      vertex -13.6794 -14.5994 0
      vertex -13.7778 -14.4 3
      vertex -13.7778 -14.4 0
    endloop
  endfacet
  facet normal -0.896754 -0.44253 0
    outer loop
      vertex -13.7778 -14.4 3
      vertex -13.6794 -14.5994 0
      vertex -13.6794 -14.5994 3
    endloop
  endfacet
  facet normal 0.997872 -0.0652057 0
    outer loop
      vertex -16.95 -15.25 3
      vertex -16.9355 -15.0281 0
      vertex -16.9355 -15.0281 3
    endloop
  endfacet
  facet normal 0.997872 -0.0652057 0
    outer loop
      vertex -16.9355 -15.0281 0
      vertex -16.95 -15.25 3
      vertex -16.95 -15.25 0
    endloop
  endfacet
  facet normal 0.321484 0.946915 -0
    outer loop
      vertex -15.69 -16.8921 0
      vertex -15.9006 -16.8206 3
      vertex -15.69 -16.8921 3
    endloop
  endfacet
  facet normal 0.321484 0.946915 0
    outer loop
      vertex -15.9006 -16.8206 3
      vertex -15.69 -16.8921 0
      vertex -15.9006 -16.8206 0
    endloop
  endfacet
  facet normal 0.44253 -0.896754 0
    outer loop
      vertex -16.1 -13.7778 0
      vertex -15.9006 -13.6794 3
      vertex -16.1 -13.7778 3
    endloop
  endfacet
  facet normal 0.44253 -0.896754 0
    outer loop
      vertex -15.9006 -13.6794 3
      vertex -16.1 -13.7778 0
      vertex -15.9006 -13.6794 0
    endloop
  endfacet
  facet normal 0.831566 -0.555426 0
    outer loop
      vertex -16.7222 -14.4 3
      vertex -16.5987 -14.2151 0
      vertex -16.5987 -14.2151 3
    endloop
  endfacet
  facet normal 0.831566 -0.555426 0
    outer loop
      vertex -16.5987 -14.2151 0
      vertex -16.7222 -14.4 3
      vertex -16.7222 -14.4 0
    endloop
  endfacet
  facet normal 0.555426 0.831566 -0
    outer loop
      vertex -16.1 -16.7222 0
      vertex -16.2849 -16.5987 3
      vertex -16.1 -16.7222 3
    endloop
  endfacet
  facet normal 0.555426 0.831566 0
    outer loop
      vertex -16.2849 -16.5987 3
      vertex -16.1 -16.7222 0
      vertex -16.2849 -16.5987 0
    endloop
  endfacet
  facet normal -0.98077 -0.195165 0
    outer loop
      vertex -13.5645 15.4719 0
      vertex -13.6079 15.69 3
      vertex -13.6079 15.69 0
    endloop
  endfacet
  facet normal -0.98077 -0.195165 0
    outer loop
      vertex -13.6079 15.69 3
      vertex -13.5645 15.4719 0
      vertex -13.5645 15.4719 3
    endloop
  endfacet
  facet normal -0.997872 -0.0652057 0
    outer loop
      vertex -13.55 15.25 0
      vertex -13.5645 15.4719 3
      vertex -13.5645 15.4719 0
    endloop
  endfacet
  facet normal -0.997872 -0.0652057 0
    outer loop
      vertex -13.5645 15.4719 3
      vertex -13.55 15.25 0
      vertex -13.55 15.25 3
    endloop
  endfacet
  facet normal 0.44253 -0.896754 0
    outer loop
      vertex -16.1 16.7222 0
      vertex -15.9006 16.8206 3
      vertex -16.1 16.7222 3
    endloop
  endfacet
  facet normal 0.44253 -0.896754 0
    outer loop
      vertex -15.9006 16.8206 3
      vertex -16.1 16.7222 0
      vertex -15.9006 16.8206 0
    endloop
  endfacet
  facet normal -0.555426 -0.831566 0
    outer loop
      vertex -14.4 16.7222 0
      vertex -14.2151 16.5987 3
      vertex -14.4 16.7222 3
    endloop
  endfacet
  facet normal -0.555426 -0.831566 -0
    outer loop
      vertex -14.2151 16.5987 3
      vertex -14.4 16.7222 0
      vertex -14.2151 16.5987 0
    endloop
  endfacet
  facet normal 0.659268 -0.751908 0
    outer loop
      vertex -16.4521 16.4521 0
      vertex -16.2849 16.5987 3
      vertex -16.4521 16.4521 3
    endloop
  endfacet
  facet normal 0.659268 -0.751908 0
    outer loop
      vertex -16.2849 16.5987 3
      vertex -16.4521 16.4521 0
      vertex -16.2849 16.5987 0
    endloop
  endfacet
  facet normal -0.321484 0.946915 0
    outer loop
      vertex -14.5994 13.6794 0
      vertex -14.81 13.6079 3
      vertex -14.5994 13.6794 3
    endloop
  endfacet
  facet normal -0.321484 0.946915 0
    outer loop
      vertex -14.81 13.6079 3
      vertex -14.5994 13.6794 0
      vertex -14.81 13.6079 0
    endloop
  endfacet
  facet normal -0.831566 0.555426 0
    outer loop
      vertex -13.9013 14.2151 0
      vertex -13.7778 14.4 3
      vertex -13.7778 14.4 0
    endloop
  endfacet
  facet normal -0.831566 0.555426 0
    outer loop
      vertex -13.7778 14.4 3
      vertex -13.9013 14.2151 0
      vertex -13.9013 14.2151 3
    endloop
  endfacet
  facet normal -0.946915 0.321484 0
    outer loop
      vertex -13.6794 14.5994 0
      vertex -13.6079 14.81 3
      vertex -13.6079 14.81 0
    endloop
  endfacet
  facet normal -0.946915 0.321484 0
    outer loop
      vertex -13.6079 14.81 3
      vertex -13.6794 14.5994 0
      vertex -13.6794 14.5994 3
    endloop
  endfacet
  facet normal -0.321484 -0.946915 0
    outer loop
      vertex -14.81 16.8921 0
      vertex -14.5994 16.8206 3
      vertex -14.81 16.8921 3
    endloop
  endfacet
  facet normal -0.321484 -0.946915 -0
    outer loop
      vertex -14.5994 16.8206 3
      vertex -14.81 16.8921 0
      vertex -14.5994 16.8206 0
    endloop
  endfacet
  facet normal -0.195165 -0.98077 0
    outer loop
      vertex -15.0281 16.9355 0
      vertex -14.81 16.8921 3
      vertex -15.0281 16.9355 3
    endloop
  endfacet
  facet normal -0.195165 -0.98077 -0
    outer loop
      vertex -14.81 16.8921 3
      vertex -15.0281 16.9355 0
      vertex -14.81 16.8921 0
    endloop
  endfacet
  facet normal 0.555426 -0.831566 0
    outer loop
      vertex -16.2849 16.5987 0
      vertex -16.1 16.7222 3
      vertex -16.2849 16.5987 3
    endloop
  endfacet
  facet normal 0.555426 -0.831566 0
    outer loop
      vertex -16.1 16.7222 3
      vertex -16.2849 16.5987 0
      vertex -16.1 16.7222 0
    endloop
  endfacet
  facet normal -0.896754 0.44253 0
    outer loop
      vertex -13.7778 14.4 0
      vertex -13.6794 14.5994 3
      vertex -13.6794 14.5994 0
    endloop
  endfacet
  facet normal -0.896754 0.44253 0
    outer loop
      vertex -13.6794 14.5994 3
      vertex -13.7778 14.4 0
      vertex -13.7778 14.4 3
    endloop
  endfacet
  facet normal -0.659268 -0.751908 0
    outer loop
      vertex -14.2151 16.5987 0
      vertex -14.0479 16.4521 3
      vertex -14.2151 16.5987 3
    endloop
  endfacet
  facet normal -0.659268 -0.751908 -0
    outer loop
      vertex -14.0479 16.4521 3
      vertex -14.2151 16.5987 0
      vertex -14.0479 16.4521 0
    endloop
  endfacet
  facet normal -0.555426 0.831566 0
    outer loop
      vertex -14.2151 13.9013 0
      vertex -14.4 13.7778 3
      vertex -14.2151 13.9013 3
    endloop
  endfacet
  facet normal -0.555426 0.831566 0
    outer loop
      vertex -14.4 13.7778 3
      vertex -14.2151 13.9013 0
      vertex -14.4 13.7778 0
    endloop
  endfacet
  facet normal -0.44253 -0.896754 0
    outer loop
      vertex -14.5994 16.8206 0
      vertex -14.4 16.7222 3
      vertex -14.5994 16.8206 3
    endloop
  endfacet
  facet normal -0.44253 -0.896754 -0
    outer loop
      vertex -14.4 16.7222 3
      vertex -14.5994 16.8206 0
      vertex -14.4 16.7222 0
    endloop
  endfacet
  facet normal 0.659268 0.751908 -0
    outer loop
      vertex -16.2849 13.9013 0
      vertex -16.4521 14.0479 3
      vertex -16.2849 13.9013 3
    endloop
  endfacet
  facet normal 0.659268 0.751908 0
    outer loop
      vertex -16.4521 14.0479 3
      vertex -16.2849 13.9013 0
      vertex -16.4521 14.0479 0
    endloop
  endfacet
  facet normal 0.751908 0.659268 0
    outer loop
      vertex -16.4521 14.0479 3
      vertex -16.5987 14.2151 0
      vertex -16.5987 14.2151 3
    endloop
  endfacet
  facet normal 0.751908 0.659268 0
    outer loop
      vertex -16.5987 14.2151 0
      vertex -16.4521 14.0479 3
      vertex -16.4521 14.0479 0
    endloop
  endfacet
  facet normal 0.831566 0.555426 0
    outer loop
      vertex -16.5987 14.2151 3
      vertex -16.7222 14.4 0
      vertex -16.7222 14.4 3
    endloop
  endfacet
  facet normal 0.831566 0.555426 0
    outer loop
      vertex -16.7222 14.4 0
      vertex -16.5987 14.2151 3
      vertex -16.5987 14.2151 0
    endloop
  endfacet
  facet normal -0.831566 -0.555426 0
    outer loop
      vertex -13.7778 16.1 0
      vertex -13.9013 16.2849 3
      vertex -13.9013 16.2849 0
    endloop
  endfacet
  facet normal -0.831566 -0.555426 0
    outer loop
      vertex -13.9013 16.2849 3
      vertex -13.7778 16.1 0
      vertex -13.7778 16.1 3
    endloop
  endfacet
  facet normal -0.195165 0.98077 0
    outer loop
      vertex -14.81 13.6079 0
      vertex -15.0281 13.5645 3
      vertex -14.81 13.6079 3
    endloop
  endfacet
  facet normal -0.195165 0.98077 0
    outer loop
      vertex -15.0281 13.5645 3
      vertex -14.81 13.6079 0
      vertex -15.0281 13.5645 0
    endloop
  endfacet
  facet normal -0.98077 0.195165 0
    outer loop
      vertex -13.6079 14.81 0
      vertex -13.5645 15.0281 3
      vertex -13.5645 15.0281 0
    endloop
  endfacet
  facet normal -0.98077 0.195165 0
    outer loop
      vertex -13.5645 15.0281 3
      vertex -13.6079 14.81 0
      vertex -13.6079 14.81 3
    endloop
  endfacet
  facet normal 0.946915 0.321484 0
    outer loop
      vertex -16.8206 14.5994 3
      vertex -16.8921 14.81 0
      vertex -16.8921 14.81 3
    endloop
  endfacet
  facet normal 0.946915 0.321484 0
    outer loop
      vertex -16.8921 14.81 0
      vertex -16.8206 14.5994 3
      vertex -16.8206 14.5994 0
    endloop
  endfacet
  facet normal -0.44253 0.896754 0
    outer loop
      vertex -14.4 13.7778 0
      vertex -14.5994 13.6794 3
      vertex -14.4 13.7778 3
    endloop
  endfacet
  facet normal -0.44253 0.896754 0
    outer loop
      vertex -14.5994 13.6794 3
      vertex -14.4 13.7778 0
      vertex -14.5994 13.6794 0
    endloop
  endfacet
  facet normal -0.0652057 -0.997872 0
    outer loop
      vertex -15.25 16.95 0
      vertex -15.0281 16.9355 3
      vertex -15.25 16.95 3
    endloop
  endfacet
  facet normal -0.0652057 -0.997872 -0
    outer loop
      vertex -15.0281 16.9355 3
      vertex -15.25 16.95 0
      vertex -15.0281 16.9355 0
    endloop
  endfacet
  facet normal 0.321484 -0.946915 0
    outer loop
      vertex -15.9006 16.8206 0
      vertex -15.69 16.8921 3
      vertex -15.9006 16.8206 3
    endloop
  endfacet
  facet normal 0.321484 -0.946915 0
    outer loop
      vertex -15.69 16.8921 3
      vertex -15.9006 16.8206 0
      vertex -15.69 16.8921 0
    endloop
  endfacet
  facet normal 0.195165 -0.98077 0
    outer loop
      vertex -15.69 16.8921 0
      vertex -15.4719 16.9355 3
      vertex -15.69 16.8921 3
    endloop
  endfacet
  facet normal 0.195165 -0.98077 0
    outer loop
      vertex -15.4719 16.9355 3
      vertex -15.69 16.8921 0
      vertex -15.4719 16.9355 0
    endloop
  endfacet
  facet normal -0.896754 -0.44253 0
    outer loop
      vertex -13.6794 15.9006 0
      vertex -13.7778 16.1 3
      vertex -13.7778 16.1 0
    endloop
  endfacet
  facet normal -0.896754 -0.44253 0
    outer loop
      vertex -13.7778 16.1 3
      vertex -13.6794 15.9006 0
      vertex -13.6794 15.9006 3
    endloop
  endfacet
  facet normal -0.997872 0.0652057 0
    outer loop
      vertex -13.5645 15.0281 0
      vertex -13.55 15.25 3
      vertex -13.55 15.25 0
    endloop
  endfacet
  facet normal -0.997872 0.0652057 0
    outer loop
      vertex -13.55 15.25 3
      vertex -13.5645 15.0281 0
      vertex -13.5645 15.0281 3
    endloop
  endfacet
  facet normal -0.0652057 0.997872 0
    outer loop
      vertex -15.0281 13.5645 0
      vertex -15.25 13.55 3
      vertex -15.0281 13.5645 3
    endloop
  endfacet
  facet normal -0.0652057 0.997872 0
    outer loop
      vertex -15.25 13.55 3
      vertex -15.0281 13.5645 0
      vertex -15.25 13.55 0
    endloop
  endfacet
  facet normal -0.751908 -0.659268 0
    outer loop
      vertex -13.9013 16.2849 0
      vertex -14.0479 16.4521 3
      vertex -14.0479 16.4521 0
    endloop
  endfacet
  facet normal -0.751908 -0.659268 0
    outer loop
      vertex -14.0479 16.4521 3
      vertex -13.9013 16.2849 0
      vertex -13.9013 16.2849 3
    endloop
  endfacet
  facet normal 0.997872 0.0652057 0
    outer loop
      vertex -16.9355 15.0281 3
      vertex -16.95 15.25 0
      vertex -16.95 15.25 3
    endloop
  endfacet
  facet normal 0.997872 0.0652057 0
    outer loop
      vertex -16.95 15.25 0
      vertex -16.9355 15.0281 3
      vertex -16.9355 15.0281 0
    endloop
  endfacet
  facet normal -0.751908 0.659268 0
    outer loop
      vertex -14.0479 14.0479 0
      vertex -13.9013 14.2151 3
      vertex -13.9013 14.2151 0
    endloop
  endfacet
  facet normal -0.751908 0.659268 0
    outer loop
      vertex -13.9013 14.2151 3
      vertex -14.0479 14.0479 0
      vertex -14.0479 14.0479 3
    endloop
  endfacet
  facet normal 0.751908 -0.659268 0
    outer loop
      vertex -16.5987 16.2849 3
      vertex -16.4521 16.4521 0
      vertex -16.4521 16.4521 3
    endloop
  endfacet
  facet normal 0.751908 -0.659268 0
    outer loop
      vertex -16.4521 16.4521 0
      vertex -16.5987 16.2849 3
      vertex -16.5987 16.2849 0
    endloop
  endfacet
  facet normal 0.831566 -0.555426 0
    outer loop
      vertex -16.7222 16.1 3
      vertex -16.5987 16.2849 0
      vertex -16.5987 16.2849 3
    endloop
  endfacet
  facet normal 0.831566 -0.555426 0
    outer loop
      vertex -16.5987 16.2849 0
      vertex -16.7222 16.1 3
      vertex -16.7222 16.1 0
    endloop
  endfacet
  facet normal 0.0652057 -0.997872 0
    outer loop
      vertex -15.4719 16.9355 0
      vertex -15.25 16.95 3
      vertex -15.4719 16.9355 3
    endloop
  endfacet
  facet normal 0.0652057 -0.997872 0
    outer loop
      vertex -15.25 16.95 3
      vertex -15.4719 16.9355 0
      vertex -15.25 16.95 0
    endloop
  endfacet
  facet normal 0.98077 0.195165 0
    outer loop
      vertex -16.8921 14.81 3
      vertex -16.9355 15.0281 0
      vertex -16.9355 15.0281 3
    endloop
  endfacet
  facet normal 0.98077 0.195165 0
    outer loop
      vertex -16.9355 15.0281 0
      vertex -16.8921 14.81 3
      vertex -16.8921 14.81 0
    endloop
  endfacet
  facet normal 0.321484 0.946915 -0
    outer loop
      vertex -15.69 13.6079 0
      vertex -15.9006 13.6794 3
      vertex -15.69 13.6079 3
    endloop
  endfacet
  facet normal 0.321484 0.946915 0
    outer loop
      vertex -15.9006 13.6794 3
      vertex -15.69 13.6079 0
      vertex -15.9006 13.6794 0
    endloop
  endfacet
  facet normal -0.946915 -0.321484 0
    outer loop
      vertex -13.6079 15.69 0
      vertex -13.6794 15.9006 3
      vertex -13.6794 15.9006 0
    endloop
  endfacet
  facet normal -0.946915 -0.321484 0
    outer loop
      vertex -13.6794 15.9006 3
      vertex -13.6079 15.69 0
      vertex -13.6079 15.69 3
    endloop
  endfacet
  facet normal 0.44253 0.896754 -0
    outer loop
      vertex -15.9006 13.6794 0
      vertex -16.1 13.7778 3
      vertex -15.9006 13.6794 3
    endloop
  endfacet
  facet normal 0.44253 0.896754 0
    outer loop
      vertex -16.1 13.7778 3
      vertex -15.9006 13.6794 0
      vertex -16.1 13.7778 0
    endloop
  endfacet
  facet normal 0.555426 0.831566 -0
    outer loop
      vertex -16.1 13.7778 0
      vertex -16.2849 13.9013 3
      vertex -16.1 13.7778 3
    endloop
  endfacet
  facet normal 0.555426 0.831566 0
    outer loop
      vertex -16.2849 13.9013 3
      vertex -16.1 13.7778 0
      vertex -16.2849 13.9013 0
    endloop
  endfacet
  facet normal 0.0652057 0.997872 -0
    outer loop
      vertex -15.25 13.55 0
      vertex -15.4719 13.5645 3
      vertex -15.25 13.55 3
    endloop
  endfacet
  facet normal 0.0652057 0.997872 0
    outer loop
      vertex -15.4719 13.5645 3
      vertex -15.25 13.55 0
      vertex -15.4719 13.5645 0
    endloop
  endfacet
  facet normal 0.195165 0.98077 -0
    outer loop
      vertex -15.4719 13.5645 0
      vertex -15.69 13.6079 3
      vertex -15.4719 13.5645 3
    endloop
  endfacet
  facet normal 0.195165 0.98077 0
    outer loop
      vertex -15.69 13.6079 3
      vertex -15.4719 13.5645 0
      vertex -15.69 13.6079 0
    endloop
  endfacet
  facet normal 0.896754 -0.44253 0
    outer loop
      vertex -16.8206 15.9006 3
      vertex -16.7222 16.1 0
      vertex -16.7222 16.1 3
    endloop
  endfacet
  facet normal 0.896754 -0.44253 0
    outer loop
      vertex -16.7222 16.1 0
      vertex -16.8206 15.9006 3
      vertex -16.8206 15.9006 0
    endloop
  endfacet
  facet normal 0.896754 0.44253 0
    outer loop
      vertex -16.7222 14.4 3
      vertex -16.8206 14.5994 0
      vertex -16.8206 14.5994 3
    endloop
  endfacet
  facet normal 0.896754 0.44253 0
    outer loop
      vertex -16.8206 14.5994 0
      vertex -16.7222 14.4 3
      vertex -16.7222 14.4 0
    endloop
  endfacet
  facet normal 0.997872 -0.0652057 0
    outer loop
      vertex -16.95 15.25 3
      vertex -16.9355 15.4719 0
      vertex -16.9355 15.4719 3
    endloop
  endfacet
  facet normal 0.997872 -0.0652057 0
    outer loop
      vertex -16.9355 15.4719 0
      vertex -16.95 15.25 3
      vertex -16.95 15.25 0
    endloop
  endfacet
  facet normal 0.98077 -0.195165 0
    outer loop
      vertex -16.9355 15.4719 3
      vertex -16.8921 15.69 0
      vertex -16.8921 15.69 3
    endloop
  endfacet
  facet normal 0.98077 -0.195165 0
    outer loop
      vertex -16.8921 15.69 0
      vertex -16.9355 15.4719 3
      vertex -16.9355 15.4719 0
    endloop
  endfacet
  facet normal 0.946915 -0.321484 0
    outer loop
      vertex -16.8921 15.69 3
      vertex -16.8206 15.9006 0
      vertex -16.8206 15.9006 3
    endloop
  endfacet
  facet normal 0.946915 -0.321484 0
    outer loop
      vertex -16.8206 15.9006 0
      vertex -16.8921 15.69 3
      vertex -16.8921 15.69 0
    endloop
  endfacet
  facet normal -0.659268 0.751908 0
    outer loop
      vertex -14.0479 14.0479 0
      vertex -14.2151 13.9013 3
      vertex -14.0479 14.0479 3
    endloop
  endfacet
  facet normal -0.659268 0.751908 0
    outer loop
      vertex -14.2151 13.9013 3
      vertex -14.0479 14.0479 0
      vertex -14.2151 13.9013 0
    endloop
  endfacet
  facet normal -0.98077 -0.195165 0
    outer loop
      vertex 16.9355 -15.0281 0
      vertex 16.8921 -14.81 3
      vertex 16.8921 -14.81 0
    endloop
  endfacet
  facet normal -0.98077 -0.195165 0
    outer loop
      vertex 16.8921 -14.81 3
      vertex 16.9355 -15.0281 0
      vertex 16.9355 -15.0281 3
    endloop
  endfacet
  facet normal -0.997872 -0.0652057 0
    outer loop
      vertex 16.95 -15.25 0
      vertex 16.9355 -15.0281 3
      vertex 16.9355 -15.0281 0
    endloop
  endfacet
  facet normal -0.997872 -0.0652057 0
    outer loop
      vertex 16.9355 -15.0281 3
      vertex 16.95 -15.25 0
      vertex 16.95 -15.25 3
    endloop
  endfacet
  facet normal -0.0652057 0.997872 0
    outer loop
      vertex 15.4719 -16.9355 0
      vertex 15.25 -16.95 3
      vertex 15.4719 -16.9355 3
    endloop
  endfacet
  facet normal -0.0652057 0.997872 0
    outer loop
      vertex 15.25 -16.95 3
      vertex 15.4719 -16.9355 0
      vertex 15.25 -16.95 0
    endloop
  endfacet
  facet normal 0.659268 -0.751908 0
    outer loop
      vertex 14.0479 -14.0479 0
      vertex 14.2151 -13.9013 3
      vertex 14.0479 -14.0479 3
    endloop
  endfacet
  facet normal 0.659268 -0.751908 0
    outer loop
      vertex 14.2151 -13.9013 3
      vertex 14.0479 -14.0479 0
      vertex 14.2151 -13.9013 0
    endloop
  endfacet
  facet normal 0.831566 0.555426 0
    outer loop
      vertex 13.9013 -16.2849 3
      vertex 13.7778 -16.1 0
      vertex 13.7778 -16.1 3
    endloop
  endfacet
  facet normal 0.831566 0.555426 0
    outer loop
      vertex 13.7778 -16.1 0
      vertex 13.9013 -16.2849 3
      vertex 13.9013 -16.2849 0
    endloop
  endfacet
  facet normal 0.195165 0.98077 -0
    outer loop
      vertex 15.0281 -16.9355 0
      vertex 14.81 -16.8921 3
      vertex 15.0281 -16.9355 3
    endloop
  endfacet
  facet normal 0.195165 0.98077 0
    outer loop
      vertex 14.81 -16.8921 3
      vertex 15.0281 -16.9355 0
      vertex 14.81 -16.8921 0
    endloop
  endfacet
  facet normal -0.659268 -0.751908 0
    outer loop
      vertex 16.2849 -13.9013 0
      vertex 16.4521 -14.0479 3
      vertex 16.2849 -13.9013 3
    endloop
  endfacet
  facet normal -0.659268 -0.751908 -0
    outer loop
      vertex 16.4521 -14.0479 3
      vertex 16.2849 -13.9013 0
      vertex 16.4521 -14.0479 0
    endloop
  endfacet
  facet normal -0.946915 0.321484 0
    outer loop
      vertex 16.8206 -15.9006 0
      vertex 16.8921 -15.69 3
      vertex 16.8921 -15.69 0
    endloop
  endfacet
  facet normal -0.946915 0.321484 0
    outer loop
      vertex 16.8921 -15.69 3
      vertex 16.8206 -15.9006 0
      vertex 16.8206 -15.9006 3
    endloop
  endfacet
  facet normal -0.751908 0.659268 0
    outer loop
      vertex 16.4521 -16.4521 0
      vertex 16.5987 -16.2849 3
      vertex 16.5987 -16.2849 0
    endloop
  endfacet
  facet normal -0.751908 0.659268 0
    outer loop
      vertex 16.5987 -16.2849 3
      vertex 16.4521 -16.4521 0
      vertex 16.4521 -16.4521 3
    endloop
  endfacet
  facet normal -0.751908 -0.659268 0
    outer loop
      vertex 16.5987 -14.2151 0
      vertex 16.4521 -14.0479 3
      vertex 16.4521 -14.0479 0
    endloop
  endfacet
  facet normal -0.751908 -0.659268 0
    outer loop
      vertex 16.4521 -14.0479 3
      vertex 16.5987 -14.2151 0
      vertex 16.5987 -14.2151 3
    endloop
  endfacet
  facet normal 0.946915 0.321484 0
    outer loop
      vertex 13.6794 -15.9006 3
      vertex 13.6079 -15.69 0
      vertex 13.6079 -15.69 3
    endloop
  endfacet
  facet normal 0.946915 0.321484 0
    outer loop
      vertex 13.6079 -15.69 0
      vertex 13.6794 -15.9006 3
      vertex 13.6794 -15.9006 0
    endloop
  endfacet
  facet normal -0.321484 0.946915 0
    outer loop
      vertex 15.9006 -16.8206 0
      vertex 15.69 -16.8921 3
      vertex 15.9006 -16.8206 3
    endloop
  endfacet
  facet normal -0.321484 0.946915 0
    outer loop
      vertex 15.69 -16.8921 3
      vertex 15.9006 -16.8206 0
      vertex 15.69 -16.8921 0
    endloop
  endfacet
  facet normal 0.0652057 0.997872 -0
    outer loop
      vertex 15.25 -16.95 0
      vertex 15.0281 -16.9355 3
      vertex 15.25 -16.95 3
    endloop
  endfacet
  facet normal 0.0652057 0.997872 0
    outer loop
      vertex 15.0281 -16.9355 3
      vertex 15.25 -16.95 0
      vertex 15.0281 -16.9355 0
    endloop
  endfacet
  facet normal 0.321484 -0.946915 0
    outer loop
      vertex 14.5994 -13.6794 0
      vertex 14.81 -13.6079 3
      vertex 14.5994 -13.6794 3
    endloop
  endfacet
  facet normal 0.321484 -0.946915 0
    outer loop
      vertex 14.81 -13.6079 3
      vertex 14.5994 -13.6794 0
      vertex 14.81 -13.6079 0
    endloop
  endfacet
  facet normal -0.946915 -0.321484 0
    outer loop
      vertex 16.8921 -14.81 0
      vertex 16.8206 -14.5994 3
      vertex 16.8206 -14.5994 0
    endloop
  endfacet
  facet normal -0.946915 -0.321484 0
    outer loop
      vertex 16.8206 -14.5994 3
      vertex 16.8921 -14.81 0
      vertex 16.8921 -14.81 3
    endloop
  endfacet
  facet normal 0.751908 -0.659268 0
    outer loop
      vertex 13.9013 -14.2151 3
      vertex 14.0479 -14.0479 0
      vertex 14.0479 -14.0479 3
    endloop
  endfacet
  facet normal 0.751908 -0.659268 0
    outer loop
      vertex 14.0479 -14.0479 0
      vertex 13.9013 -14.2151 3
      vertex 13.9013 -14.2151 0
    endloop
  endfacet
  facet normal 0.44253 0.896754 -0
    outer loop
      vertex 14.5994 -16.8206 0
      vertex 14.4 -16.7222 3
      vertex 14.5994 -16.8206 3
    endloop
  endfacet
  facet normal 0.44253 0.896754 0
    outer loop
      vertex 14.4 -16.7222 3
      vertex 14.5994 -16.8206 0
      vertex 14.4 -16.7222 0
    endloop
  endfacet
  facet normal 0.0652057 -0.997872 0
    outer loop
      vertex 15.0281 -13.5645 0
      vertex 15.25 -13.55 3
      vertex 15.0281 -13.5645 3
    endloop
  endfacet
  facet normal 0.0652057 -0.997872 0
    outer loop
      vertex 15.25 -13.55 3
      vertex 15.0281 -13.5645 0
      vertex 15.25 -13.55 0
    endloop
  endfacet
  facet normal -0.896754 0.44253 0
    outer loop
      vertex 16.7222 -16.1 0
      vertex 16.8206 -15.9006 3
      vertex 16.8206 -15.9006 0
    endloop
  endfacet
  facet normal -0.896754 0.44253 0
    outer loop
      vertex 16.8206 -15.9006 3
      vertex 16.7222 -16.1 0
      vertex 16.7222 -16.1 3
    endloop
  endfacet
  facet normal -0.555426 0.831566 0
    outer loop
      vertex 16.2849 -16.5987 0
      vertex 16.1 -16.7222 3
      vertex 16.2849 -16.5987 3
    endloop
  endfacet
  facet normal -0.555426 0.831566 0
    outer loop
      vertex 16.1 -16.7222 3
      vertex 16.2849 -16.5987 0
      vertex 16.1 -16.7222 0
    endloop
  endfacet
  facet normal 0.98077 0.195165 0
    outer loop
      vertex 13.6079 -15.69 3
      vertex 13.5645 -15.4719 0
      vertex 13.5645 -15.4719 3
    endloop
  endfacet
  facet normal 0.98077 0.195165 0
    outer loop
      vertex 13.5645 -15.4719 0
      vertex 13.6079 -15.69 3
      vertex 13.6079 -15.69 0
    endloop
  endfacet
  facet normal 0.751908 0.659268 0
    outer loop
      vertex 14.0479 -16.4521 3
      vertex 13.9013 -16.2849 0
      vertex 13.9013 -16.2849 3
    endloop
  endfacet
  facet normal 0.751908 0.659268 0
    outer loop
      vertex 13.9013 -16.2849 0
      vertex 14.0479 -16.4521 3
      vertex 14.0479 -16.4521 0
    endloop
  endfacet
  facet normal -0.195165 -0.98077 0
    outer loop
      vertex 15.4719 -13.5645 0
      vertex 15.69 -13.6079 3
      vertex 15.4719 -13.5645 3
    endloop
  endfacet
  facet normal -0.195165 -0.98077 -0
    outer loop
      vertex 15.69 -13.6079 3
      vertex 15.4719 -13.5645 0
      vertex 15.69 -13.6079 0
    endloop
  endfacet
  facet normal -0.831566 -0.555426 0
    outer loop
      vertex 16.7222 -14.4 0
      vertex 16.5987 -14.2151 3
      vertex 16.5987 -14.2151 0
    endloop
  endfacet
  facet normal -0.831566 -0.555426 0
    outer loop
      vertex 16.5987 -14.2151 3
      vertex 16.7222 -14.4 0
      vertex 16.7222 -14.4 3
    endloop
  endfacet
  facet normal -0.997872 0.0652057 0
    outer loop
      vertex 16.9355 -15.4719 0
      vertex 16.95 -15.25 3
      vertex 16.95 -15.25 0
    endloop
  endfacet
  facet normal -0.997872 0.0652057 0
    outer loop
      vertex 16.95 -15.25 3
      vertex 16.9355 -15.4719 0
      vertex 16.9355 -15.4719 3
    endloop
  endfacet
  facet normal -0.321484 -0.946915 0
    outer loop
      vertex 15.69 -13.6079 0
      vertex 15.9006 -13.6794 3
      vertex 15.69 -13.6079 3
    endloop
  endfacet
  facet normal -0.321484 -0.946915 -0
    outer loop
      vertex 15.9006 -13.6794 3
      vertex 15.69 -13.6079 0
      vertex 15.9006 -13.6794 0
    endloop
  endfacet
  facet normal -0.555426 -0.831566 0
    outer loop
      vertex 16.1 -13.7778 0
      vertex 16.2849 -13.9013 3
      vertex 16.1 -13.7778 3
    endloop
  endfacet
  facet normal -0.555426 -0.831566 -0
    outer loop
      vertex 16.2849 -13.9013 3
      vertex 16.1 -13.7778 0
      vertex 16.2849 -13.9013 0
    endloop
  endfacet
  facet normal 0.195165 -0.98077 0
    outer loop
      vertex 14.81 -13.6079 0
      vertex 15.0281 -13.5645 3
      vertex 14.81 -13.6079 3
    endloop
  endfacet
  facet normal 0.195165 -0.98077 0
    outer loop
      vertex 15.0281 -13.5645 3
      vertex 14.81 -13.6079 0
      vertex 15.0281 -13.5645 0
    endloop
  endfacet
  facet normal -0.659268 0.751908 0
    outer loop
      vertex 16.4521 -16.4521 0
      vertex 16.2849 -16.5987 3
      vertex 16.4521 -16.4521 3
    endloop
  endfacet
  facet normal -0.659268 0.751908 0
    outer loop
      vertex 16.2849 -16.5987 3
      vertex 16.4521 -16.4521 0
      vertex 16.2849 -16.5987 0
    endloop
  endfacet
  facet normal 0.896754 -0.44253 0
    outer loop
      vertex 13.6794 -14.5994 3
      vertex 13.7778 -14.4 0
      vertex 13.7778 -14.4 3
    endloop
  endfacet
  facet normal 0.896754 -0.44253 0
    outer loop
      vertex 13.7778 -14.4 0
      vertex 13.6794 -14.5994 3
      vertex 13.6794 -14.5994 0
    endloop
  endfacet
  facet normal -0.98077 0.195165 0
    outer loop
      vertex 16.8921 -15.69 0
      vertex 16.9355 -15.4719 3
      vertex 16.9355 -15.4719 0
    endloop
  endfacet
  facet normal -0.98077 0.195165 0
    outer loop
      vertex 16.9355 -15.4719 3
      vertex 16.8921 -15.69 0
      vertex 16.8921 -15.69 3
    endloop
  endfacet
  facet normal -0.195165 0.98077 0
    outer loop
      vertex 15.69 -16.8921 0
      vertex 15.4719 -16.9355 3
      vertex 15.69 -16.8921 3
    endloop
  endfacet
  facet normal -0.195165 0.98077 0
    outer loop
      vertex 15.4719 -16.9355 3
      vertex 15.69 -16.8921 0
      vertex 15.4719 -16.9355 0
    endloop
  endfacet
  facet normal 0.659268 0.751908 -0
    outer loop
      vertex 14.2151 -16.5987 0
      vertex 14.0479 -16.4521 3
      vertex 14.2151 -16.5987 3
    endloop
  endfacet
  facet normal 0.659268 0.751908 0
    outer loop
      vertex 14.0479 -16.4521 3
      vertex 14.2151 -16.5987 0
      vertex 14.0479 -16.4521 0
    endloop
  endfacet
  facet normal -0.0652057 -0.997872 0
    outer loop
      vertex 15.25 -13.55 0
      vertex 15.4719 -13.5645 3
      vertex 15.25 -13.55 3
    endloop
  endfacet
  facet normal -0.0652057 -0.997872 -0
    outer loop
      vertex 15.4719 -13.5645 3
      vertex 15.25 -13.55 0
      vertex 15.4719 -13.5645 0
    endloop
  endfacet
  facet normal -0.44253 -0.896754 0
    outer loop
      vertex 15.9006 -13.6794 0
      vertex 16.1 -13.7778 3
      vertex 15.9006 -13.6794 3
    endloop
  endfacet
  facet normal -0.44253 -0.896754 -0
    outer loop
      vertex 16.1 -13.7778 3
      vertex 15.9006 -13.6794 0
      vertex 16.1 -13.7778 0
    endloop
  endfacet
  facet normal -0.831566 0.555426 0
    outer loop
      vertex 16.5987 -16.2849 0
      vertex 16.7222 -16.1 3
      vertex 16.7222 -16.1 0
    endloop
  endfacet
  facet normal -0.831566 0.555426 0
    outer loop
      vertex 16.7222 -16.1 3
      vertex 16.5987 -16.2849 0
      vertex 16.5987 -16.2849 3
    endloop
  endfacet
  facet normal 0.997872 0.0652057 0
    outer loop
      vertex 13.5645 -15.4719 3
      vertex 13.55 -15.25 0
      vertex 13.55 -15.25 3
    endloop
  endfacet
  facet normal 0.997872 0.0652057 0
    outer loop
      vertex 13.55 -15.25 0
      vertex 13.5645 -15.4719 3
      vertex 13.5645 -15.4719 0
    endloop
  endfacet
  facet normal -0.44253 0.896754 0
    outer loop
      vertex 16.1 -16.7222 0
      vertex 15.9006 -16.8206 3
      vertex 16.1 -16.7222 3
    endloop
  endfacet
  facet normal -0.44253 0.896754 0
    outer loop
      vertex 15.9006 -16.8206 3
      vertex 16.1 -16.7222 0
      vertex 15.9006 -16.8206 0
    endloop
  endfacet
  facet normal 0.98077 -0.195165 0
    outer loop
      vertex 13.5645 -15.0281 3
      vertex 13.6079 -14.81 0
      vertex 13.6079 -14.81 3
    endloop
  endfacet
  facet normal 0.98077 -0.195165 0
    outer loop
      vertex 13.6079 -14.81 0
      vertex 13.5645 -15.0281 3
      vertex 13.5645 -15.0281 0
    endloop
  endfacet
  facet normal 0.896754 0.44253 0
    outer loop
      vertex 13.7778 -16.1 3
      vertex 13.6794 -15.9006 0
      vertex 13.6794 -15.9006 3
    endloop
  endfacet
  facet normal 0.896754 0.44253 0
    outer loop
      vertex 13.6794 -15.9006 0
      vertex 13.7778 -16.1 3
      vertex 13.7778 -16.1 0
    endloop
  endfacet
  facet normal 0.946915 -0.321484 0
    outer loop
      vertex 13.6079 -14.81 3
      vertex 13.6794 -14.5994 0
      vertex 13.6794 -14.5994 3
    endloop
  endfacet
  facet normal 0.946915 -0.321484 0
    outer loop
      vertex 13.6794 -14.5994 0
      vertex 13.6079 -14.81 3
      vertex 13.6079 -14.81 0
    endloop
  endfacet
  facet normal 0.555426 -0.831566 0
    outer loop
      vertex 14.2151 -13.9013 0
      vertex 14.4 -13.7778 3
      vertex 14.2151 -13.9013 3
    endloop
  endfacet
  facet normal 0.555426 -0.831566 0
    outer loop
      vertex 14.4 -13.7778 3
      vertex 14.2151 -13.9013 0
      vertex 14.4 -13.7778 0
    endloop
  endfacet
  facet normal -0.896754 -0.44253 0
    outer loop
      vertex 16.8206 -14.5994 0
      vertex 16.7222 -14.4 3
      vertex 16.7222 -14.4 0
    endloop
  endfacet
  facet normal -0.896754 -0.44253 0
    outer loop
      vertex 16.7222 -14.4 3
      vertex 16.8206 -14.5994 0
      vertex 16.8206 -14.5994 3
    endloop
  endfacet
  facet normal 0.997872 -0.0652057 0
    outer loop
      vertex 13.55 -15.25 3
      vertex 13.5645 -15.0281 0
      vertex 13.5645 -15.0281 3
    endloop
  endfacet
  facet normal 0.997872 -0.0652057 0
    outer loop
      vertex 13.5645 -15.0281 0
      vertex 13.55 -15.25 3
      vertex 13.55 -15.25 0
    endloop
  endfacet
  facet normal 0.321484 0.946915 -0
    outer loop
      vertex 14.81 -16.8921 0
      vertex 14.5994 -16.8206 3
      vertex 14.81 -16.8921 3
    endloop
  endfacet
  facet normal 0.321484 0.946915 0
    outer loop
      vertex 14.5994 -16.8206 3
      vertex 14.81 -16.8921 0
      vertex 14.5994 -16.8206 0
    endloop
  endfacet
  facet normal 0.44253 -0.896754 0
    outer loop
      vertex 14.4 -13.7778 0
      vertex 14.5994 -13.6794 3
      vertex 14.4 -13.7778 3
    endloop
  endfacet
  facet normal 0.44253 -0.896754 0
    outer loop
      vertex 14.5994 -13.6794 3
      vertex 14.4 -13.7778 0
      vertex 14.5994 -13.6794 0
    endloop
  endfacet
  facet normal 0.831566 -0.555426 0
    outer loop
      vertex 13.7778 -14.4 3
      vertex 13.9013 -14.2151 0
      vertex 13.9013 -14.2151 3
    endloop
  endfacet
  facet normal 0.831566 -0.555426 0
    outer loop
      vertex 13.9013 -14.2151 0
      vertex 13.7778 -14.4 3
      vertex 13.7778 -14.4 0
    endloop
  endfacet
  facet normal 0.555426 0.831566 -0
    outer loop
      vertex 14.4 -16.7222 0
      vertex 14.2151 -16.5987 3
      vertex 14.4 -16.7222 3
    endloop
  endfacet
  facet normal 0.555426 0.831566 0
    outer loop
      vertex 14.2151 -16.5987 3
      vertex 14.4 -16.7222 0
      vertex 14.2151 -16.5987 0
    endloop
  endfacet
  facet normal -0.98077 -0.195165 0
    outer loop
      vertex 16.9355 15.4719 0
      vertex 16.8921 15.69 3
      vertex 16.8921 15.69 0
    endloop
  endfacet
  facet normal -0.98077 -0.195165 0
    outer loop
      vertex 16.8921 15.69 3
      vertex 16.9355 15.4719 0
      vertex 16.9355 15.4719 3
    endloop
  endfacet
  facet normal -0.997872 -0.0652057 0
    outer loop
      vertex 16.95 15.25 0
      vertex 16.9355 15.4719 3
      vertex 16.9355 15.4719 0
    endloop
  endfacet
  facet normal -0.997872 -0.0652057 0
    outer loop
      vertex 16.9355 15.4719 3
      vertex 16.95 15.25 0
      vertex 16.95 15.25 3
    endloop
  endfacet
  facet normal 0.44253 -0.896754 0
    outer loop
      vertex 14.4 16.7222 0
      vertex 14.5994 16.8206 3
      vertex 14.4 16.7222 3
    endloop
  endfacet
  facet normal 0.44253 -0.896754 0
    outer loop
      vertex 14.5994 16.8206 3
      vertex 14.4 16.7222 0
      vertex 14.5994 16.8206 0
    endloop
  endfacet
  facet normal -0.555426 -0.831566 0
    outer loop
      vertex 16.1 16.7222 0
      vertex 16.2849 16.5987 3
      vertex 16.1 16.7222 3
    endloop
  endfacet
  facet normal -0.555426 -0.831566 -0
    outer loop
      vertex 16.2849 16.5987 3
      vertex 16.1 16.7222 0
      vertex 16.2849 16.5987 0
    endloop
  endfacet
  facet normal 0.659268 -0.751908 0
    outer loop
      vertex 14.0479 16.4521 0
      vertex 14.2151 16.5987 3
      vertex 14.0479 16.4521 3
    endloop
  endfacet
  facet normal 0.659268 -0.751908 0
    outer loop
      vertex 14.2151 16.5987 3
      vertex 14.0479 16.4521 0
      vertex 14.2151 16.5987 0
    endloop
  endfacet
  facet normal -0.321484 0.946915 0
    outer loop
      vertex 15.9006 13.6794 0
      vertex 15.69 13.6079 3
      vertex 15.9006 13.6794 3
    endloop
  endfacet
  facet normal -0.321484 0.946915 0
    outer loop
      vertex 15.69 13.6079 3
      vertex 15.9006 13.6794 0
      vertex 15.69 13.6079 0
    endloop
  endfacet
  facet normal -0.831566 0.555426 0
    outer loop
      vertex 16.5987 14.2151 0
      vertex 16.7222 14.4 3
      vertex 16.7222 14.4 0
    endloop
  endfacet
  facet normal -0.831566 0.555426 0
    outer loop
      vertex 16.7222 14.4 3
      vertex 16.5987 14.2151 0
      vertex 16.5987 14.2151 3
    endloop
  endfacet
  facet normal -0.946915 0.321484 0
    outer loop
      vertex 16.8206 14.5994 0
      vertex 16.8921 14.81 3
      vertex 16.8921 14.81 0
    endloop
  endfacet
  facet normal -0.946915 0.321484 0
    outer loop
      vertex 16.8921 14.81 3
      vertex 16.8206 14.5994 0
      vertex 16.8206 14.5994 3
    endloop
  endfacet
  facet normal -0.321484 -0.946915 0
    outer loop
      vertex 15.69 16.8921 0
      vertex 15.9006 16.8206 3
      vertex 15.69 16.8921 3
    endloop
  endfacet
  facet normal -0.321484 -0.946915 -0
    outer loop
      vertex 15.9006 16.8206 3
      vertex 15.69 16.8921 0
      vertex 15.9006 16.8206 0
    endloop
  endfacet
  facet normal -0.195165 -0.98077 0
    outer loop
      vertex 15.4719 16.9355 0
      vertex 15.69 16.8921 3
      vertex 15.4719 16.9355 3
    endloop
  endfacet
  facet normal -0.195165 -0.98077 -0
    outer loop
      vertex 15.69 16.8921 3
      vertex 15.4719 16.9355 0
      vertex 15.69 16.8921 0
    endloop
  endfacet
  facet normal 0.555426 -0.831566 0
    outer loop
      vertex 14.2151 16.5987 0
      vertex 14.4 16.7222 3
      vertex 14.2151 16.5987 3
    endloop
  endfacet
  facet normal 0.555426 -0.831566 0
    outer loop
      vertex 14.4 16.7222 3
      vertex 14.2151 16.5987 0
      vertex 14.4 16.7222 0
    endloop
  endfacet
  facet normal -0.896754 0.44253 0
    outer loop
      vertex 16.7222 14.4 0
      vertex 16.8206 14.5994 3
      vertex 16.8206 14.5994 0
    endloop
  endfacet
  facet normal -0.896754 0.44253 0
    outer loop
      vertex 16.8206 14.5994 3
      vertex 16.7222 14.4 0
      vertex 16.7222 14.4 3
    endloop
  endfacet
  facet normal -0.659268 -0.751908 0
    outer loop
      vertex 16.2849 16.5987 0
      vertex 16.4521 16.4521 3
      vertex 16.2849 16.5987 3
    endloop
  endfacet
  facet normal -0.659268 -0.751908 -0
    outer loop
      vertex 16.4521 16.4521 3
      vertex 16.2849 16.5987 0
      vertex 16.4521 16.4521 0
    endloop
  endfacet
  facet normal -0.555426 0.831566 0
    outer loop
      vertex 16.2849 13.9013 0
      vertex 16.1 13.7778 3
      vertex 16.2849 13.9013 3
    endloop
  endfacet
  facet normal -0.555426 0.831566 0
    outer loop
      vertex 16.1 13.7778 3
      vertex 16.2849 13.9013 0
      vertex 16.1 13.7778 0
    endloop
  endfacet
  facet normal -0.44253 -0.896754 0
    outer loop
      vertex 15.9006 16.8206 0
      vertex 16.1 16.7222 3
      vertex 15.9006 16.8206 3
    endloop
  endfacet
  facet normal -0.44253 -0.896754 -0
    outer loop
      vertex 16.1 16.7222 3
      vertex 15.9006 16.8206 0
      vertex 16.1 16.7222 0
    endloop
  endfacet
  facet normal 0.659268 0.751908 -0
    outer loop
      vertex 14.2151 13.9013 0
      vertex 14.0479 14.0479 3
      vertex 14.2151 13.9013 3
    endloop
  endfacet
  facet normal 0.659268 0.751908 0
    outer loop
      vertex 14.0479 14.0479 3
      vertex 14.2151 13.9013 0
      vertex 14.0479 14.0479 0
    endloop
  endfacet
  facet normal 0.751908 0.659268 0
    outer loop
      vertex 14.0479 14.0479 3
      vertex 13.9013 14.2151 0
      vertex 13.9013 14.2151 3
    endloop
  endfacet
  facet normal 0.751908 0.659268 0
    outer loop
      vertex 13.9013 14.2151 0
      vertex 14.0479 14.0479 3
      vertex 14.0479 14.0479 0
    endloop
  endfacet
  facet normal 0.831566 0.555426 0
    outer loop
      vertex 13.9013 14.2151 3
      vertex 13.7778 14.4 0
      vertex 13.7778 14.4 3
    endloop
  endfacet
  facet normal 0.831566 0.555426 0
    outer loop
      vertex 13.7778 14.4 0
      vertex 13.9013 14.2151 3
      vertex 13.9013 14.2151 0
    endloop
  endfacet
  facet normal -0.831566 -0.555426 0
    outer loop
      vertex 16.7222 16.1 0
      vertex 16.5987 16.2849 3
      vertex 16.5987 16.2849 0
    endloop
  endfacet
  facet normal -0.831566 -0.555426 0
    outer loop
      vertex 16.5987 16.2849 3
      vertex 16.7222 16.1 0
      vertex 16.7222 16.1 3
    endloop
  endfacet
  facet normal -0.195165 0.98077 0
    outer loop
      vertex 15.69 13.6079 0
      vertex 15.4719 13.5645 3
      vertex 15.69 13.6079 3
    endloop
  endfacet
  facet normal -0.195165 0.98077 0
    outer loop
      vertex 15.4719 13.5645 3
      vertex 15.69 13.6079 0
      vertex 15.4719 13.5645 0
    endloop
  endfacet
  facet normal -0.98077 0.195165 0
    outer loop
      vertex 16.8921 14.81 0
      vertex 16.9355 15.0281 3
      vertex 16.9355 15.0281 0
    endloop
  endfacet
  facet normal -0.98077 0.195165 0
    outer loop
      vertex 16.9355 15.0281 3
      vertex 16.8921 14.81 0
      vertex 16.8921 14.81 3
    endloop
  endfacet
  facet normal 0.946915 0.321484 0
    outer loop
      vertex 13.6794 14.5994 3
      vertex 13.6079 14.81 0
      vertex 13.6079 14.81 3
    endloop
  endfacet
  facet normal 0.946915 0.321484 0
    outer loop
      vertex 13.6079 14.81 0
      vertex 13.6794 14.5994 3
      vertex 13.6794 14.5994 0
    endloop
  endfacet
  facet normal -0.44253 0.896754 0
    outer loop
      vertex 16.1 13.7778 0
      vertex 15.9006 13.6794 3
      vertex 16.1 13.7778 3
    endloop
  endfacet
  facet normal -0.44253 0.896754 0
    outer loop
      vertex 15.9006 13.6794 3
      vertex 16.1 13.7778 0
      vertex 15.9006 13.6794 0
    endloop
  endfacet
  facet normal -0.0652057 -0.997872 0
    outer loop
      vertex 15.25 16.95 0
      vertex 15.4719 16.9355 3
      vertex 15.25 16.95 3
    endloop
  endfacet
  facet normal -0.0652057 -0.997872 -0
    outer loop
      vertex 15.4719 16.9355 3
      vertex 15.25 16.95 0
      vertex 15.4719 16.9355 0
    endloop
  endfacet
  facet normal 0.321484 -0.946915 0
    outer loop
      vertex 14.5994 16.8206 0
      vertex 14.81 16.8921 3
      vertex 14.5994 16.8206 3
    endloop
  endfacet
  facet normal 0.321484 -0.946915 0
    outer loop
      vertex 14.81 16.8921 3
      vertex 14.5994 16.8206 0
      vertex 14.81 16.8921 0
    endloop
  endfacet
  facet normal 0.195165 -0.98077 0
    outer loop
      vertex 14.81 16.8921 0
      vertex 15.0281 16.9355 3
      vertex 14.81 16.8921 3
    endloop
  endfacet
  facet normal 0.195165 -0.98077 0
    outer loop
      vertex 15.0281 16.9355 3
      vertex 14.81 16.8921 0
      vertex 15.0281 16.9355 0
    endloop
  endfacet
  facet normal -0.896754 -0.44253 0
    outer loop
      vertex 16.8206 15.9006 0
      vertex 16.7222 16.1 3
      vertex 16.7222 16.1 0
    endloop
  endfacet
  facet normal -0.896754 -0.44253 0
    outer loop
      vertex 16.7222 16.1 3
      vertex 16.8206 15.9006 0
      vertex 16.8206 15.9006 3
    endloop
  endfacet
  facet normal -0.997872 0.0652057 0
    outer loop
      vertex 16.9355 15.0281 0
      vertex 16.95 15.25 3
      vertex 16.95 15.25 0
    endloop
  endfacet
  facet normal -0.997872 0.0652057 0
    outer loop
      vertex 16.95 15.25 3
      vertex 16.9355 15.0281 0
      vertex 16.9355 15.0281 3
    endloop
  endfacet
  facet normal -0.0652057 0.997872 0
    outer loop
      vertex 15.4719 13.5645 0
      vertex 15.25 13.55 3
      vertex 15.4719 13.5645 3
    endloop
  endfacet
  facet normal -0.0652057 0.997872 0
    outer loop
      vertex 15.25 13.55 3
      vertex 15.4719 13.5645 0
      vertex 15.25 13.55 0
    endloop
  endfacet
  facet normal -0.751908 -0.659268 0
    outer loop
      vertex 16.5987 16.2849 0
      vertex 16.4521 16.4521 3
      vertex 16.4521 16.4521 0
    endloop
  endfacet
  facet normal -0.751908 -0.659268 0
    outer loop
      vertex 16.4521 16.4521 3
      vertex 16.5987 16.2849 0
      vertex 16.5987 16.2849 3
    endloop
  endfacet
  facet normal 0.997872 0.0652057 0
    outer loop
      vertex 13.5645 15.0281 3
      vertex 13.55 15.25 0
      vertex 13.55 15.25 3
    endloop
  endfacet
  facet normal 0.997872 0.0652057 0
    outer loop
      vertex 13.55 15.25 0
      vertex 13.5645 15.0281 3
      vertex 13.5645 15.0281 0
    endloop
  endfacet
  facet normal -0.751908 0.659268 0
    outer loop
      vertex 16.4521 14.0479 0
      vertex 16.5987 14.2151 3
      vertex 16.5987 14.2151 0
    endloop
  endfacet
  facet normal -0.751908 0.659268 0
    outer loop
      vertex 16.5987 14.2151 3
      vertex 16.4521 14.0479 0
      vertex 16.4521 14.0479 3
    endloop
  endfacet
  facet normal 0.751908 -0.659268 0
    outer loop
      vertex 13.9013 16.2849 3
      vertex 14.0479 16.4521 0
      vertex 14.0479 16.4521 3
    endloop
  endfacet
  facet normal 0.751908 -0.659268 0
    outer loop
      vertex 14.0479 16.4521 0
      vertex 13.9013 16.2849 3
      vertex 13.9013 16.2849 0
    endloop
  endfacet
  facet normal 0.831566 -0.555426 0
    outer loop
      vertex 13.7778 16.1 3
      vertex 13.9013 16.2849 0
      vertex 13.9013 16.2849 3
    endloop
  endfacet
  facet normal 0.831566 -0.555426 0
    outer loop
      vertex 13.9013 16.2849 0
      vertex 13.7778 16.1 3
      vertex 13.7778 16.1 0
    endloop
  endfacet
  facet normal 0.0652057 -0.997872 0
    outer loop
      vertex 15.0281 16.9355 0
      vertex 15.25 16.95 3
      vertex 15.0281 16.9355 3
    endloop
  endfacet
  facet normal 0.0652057 -0.997872 0
    outer loop
      vertex 15.25 16.95 3
      vertex 15.0281 16.9355 0
      vertex 15.25 16.95 0
    endloop
  endfacet
  facet normal 0.98077 0.195165 0
    outer loop
      vertex 13.6079 14.81 3
      vertex 13.5645 15.0281 0
      vertex 13.5645 15.0281 3
    endloop
  endfacet
  facet normal 0.98077 0.195165 0
    outer loop
      vertex 13.5645 15.0281 0
      vertex 13.6079 14.81 3
      vertex 13.6079 14.81 0
    endloop
  endfacet
  facet normal 0.321484 0.946915 -0
    outer loop
      vertex 14.81 13.6079 0
      vertex 14.5994 13.6794 3
      vertex 14.81 13.6079 3
    endloop
  endfacet
  facet normal 0.321484 0.946915 0
    outer loop
      vertex 14.5994 13.6794 3
      vertex 14.81 13.6079 0
      vertex 14.5994 13.6794 0
    endloop
  endfacet
  facet normal -0.946915 -0.321484 0
    outer loop
      vertex 16.8921 15.69 0
      vertex 16.8206 15.9006 3
      vertex 16.8206 15.9006 0
    endloop
  endfacet
  facet normal -0.946915 -0.321484 0
    outer loop
      vertex 16.8206 15.9006 3
      vertex 16.8921 15.69 0
      vertex 16.8921 15.69 3
    endloop
  endfacet
  facet normal 0.44253 0.896754 -0
    outer loop
      vertex 14.5994 13.6794 0
      vertex 14.4 13.7778 3
      vertex 14.5994 13.6794 3
    endloop
  endfacet
  facet normal 0.44253 0.896754 0
    outer loop
      vertex 14.4 13.7778 3
      vertex 14.5994 13.6794 0
      vertex 14.4 13.7778 0
    endloop
  endfacet
  facet normal 0.555426 0.831566 -0
    outer loop
      vertex 14.4 13.7778 0
      vertex 14.2151 13.9013 3
      vertex 14.4 13.7778 3
    endloop
  endfacet
  facet normal 0.555426 0.831566 0
    outer loop
      vertex 14.2151 13.9013 3
      vertex 14.4 13.7778 0
      vertex 14.2151 13.9013 0
    endloop
  endfacet
  facet normal 0.195165 0.98077 -0
    outer loop
      vertex 15.0281 13.5645 0
      vertex 14.81 13.6079 3
      vertex 15.0281 13.5645 3
    endloop
  endfacet
  facet normal 0.195165 0.98077 0
    outer loop
      vertex 14.81 13.6079 3
      vertex 15.0281 13.5645 0
      vertex 14.81 13.6079 0
    endloop
  endfacet
  facet normal 0.896754 -0.44253 0
    outer loop
      vertex 13.6794 15.9006 3
      vertex 13.7778 16.1 0
      vertex 13.7778 16.1 3
    endloop
  endfacet
  facet normal 0.896754 -0.44253 0
    outer loop
      vertex 13.7778 16.1 0
      vertex 13.6794 15.9006 3
      vertex 13.6794 15.9006 0
    endloop
  endfacet
  facet normal 0.0652057 0.997872 -0
    outer loop
      vertex 15.25 13.55 0
      vertex 15.0281 13.5645 3
      vertex 15.25 13.55 3
    endloop
  endfacet
  facet normal 0.0652057 0.997872 0
    outer loop
      vertex 15.0281 13.5645 3
      vertex 15.25 13.55 0
      vertex 15.0281 13.5645 0
    endloop
  endfacet
  facet normal 0.896754 0.44253 0
    outer loop
      vertex 13.7778 14.4 3
      vertex 13.6794 14.5994 0
      vertex 13.6794 14.5994 3
    endloop
  endfacet
  facet normal 0.896754 0.44253 0
    outer loop
      vertex 13.6794 14.5994 0
      vertex 13.7778 14.4 3
      vertex 13.7778 14.4 0
    endloop
  endfacet
  facet normal 0.997872 -0.0652057 0
    outer loop
      vertex 13.55 15.25 3
      vertex 13.5645 15.4719 0
      vertex 13.5645 15.4719 3
    endloop
  endfacet
  facet normal 0.997872 -0.0652057 0
    outer loop
      vertex 13.5645 15.4719 0
      vertex 13.55 15.25 3
      vertex 13.55 15.25 0
    endloop
  endfacet
  facet normal 0.98077 -0.195165 0
    outer loop
      vertex 13.5645 15.4719 3
      vertex 13.6079 15.69 0
      vertex 13.6079 15.69 3
    endloop
  endfacet
  facet normal 0.98077 -0.195165 0
    outer loop
      vertex 13.6079 15.69 0
      vertex 13.5645 15.4719 3
      vertex 13.5645 15.4719 0
    endloop
  endfacet
  facet normal 0.946915 -0.321484 0
    outer loop
      vertex 13.6079 15.69 3
      vertex 13.6794 15.9006 0
      vertex 13.6794 15.9006 3
    endloop
  endfacet
  facet normal 0.946915 -0.321484 0
    outer loop
      vertex 13.6794 15.9006 0
      vertex 13.6079 15.69 3
      vertex 13.6079 15.69 0
    endloop
  endfacet
  facet normal -0.659268 0.751908 0
    outer loop
      vertex 16.4521 14.0479 0
      vertex 16.2849 13.9013 3
      vertex 16.4521 14.0479 3
    endloop
  endfacet
  facet normal -0.659268 0.751908 0
    outer loop
      vertex 16.2849 13.9013 3
      vertex 16.4521 14.0479 0
      vertex 16.2849 13.9013 0
    endloop
  endfacet
  facet normal -0.997861 -0.0653646 0
    outer loop
      vertex -49.9658 -31.5221 0
      vertex -50 -31 3
      vertex -50 -31 0
    endloop
  endfacet
  facet normal -0.997861 -0.0653646 0
    outer loop
      vertex -50 -31 3
      vertex -49.9658 -31.5221 0
      vertex -49.9658 -31.5221 3
    endloop
  endfacet
  facet normal 1 -0 0
    outer loop
      vertex 50 -31 3
      vertex 50 31 0
      vertex 50 31 3
    endloop
  endfacet
  facet normal 1 0 0
    outer loop
      vertex 50 31 0
      vertex 50 -31 3
      vertex 50 -31 0
    endloop
  endfacet
  facet normal -0.94691 0.321498 0
    outer loop
      vertex -49.8637 32.0353 0
      vertex -49.6955 32.5307 3
      vertex -49.6955 32.5307 0
    endloop
  endfacet
  facet normal -0.94691 0.321498 0
    outer loop
      vertex -49.6955 32.5307 3
      vertex -49.8637 32.0353 0
      vertex -49.8637 32.0353 3
    endloop
  endfacet
  facet normal 0.442238 0.896898 -0
    outer loop
      vertex 48 34.4641 0
      vertex 47.5307 34.6955 3
      vertex 48 34.4641 3
    endloop
  endfacet
  facet normal 0.442238 0.896898 0
    outer loop
      vertex 47.5307 34.6955 3
      vertex 48 34.4641 0
      vertex 47.5307 34.6955 0
    endloop
  endfacet
  facet normal 0.751842 0.659343 0
    outer loop
      vertex 49.1734 33.435 3
      vertex 48.8284 33.8284 0
      vertex 48.8284 33.8284 3
    endloop
  endfacet
  facet normal 0.751842 0.659343 0
    outer loop
      vertex 48.8284 33.8284 0
      vertex 49.1734 33.435 3
      vertex 49.1734 33.435 0
    endloop
  endfacet
  facet normal 0.94691 0.321498 0
    outer loop
      vertex 49.8637 32.0353 3
      vertex 49.6955 32.5307 0
      vertex 49.6955 32.5307 3
    endloop
  endfacet
  facet normal 0.94691 0.321498 0
    outer loop
      vertex 49.6955 32.5307 0
      vertex 49.8637 32.0353 3
      vertex 49.8637 32.0353 0
    endloop
  endfacet
  facet normal -0.896898 -0.442238 0
    outer loop
      vertex -49.4641 -33 0
      vertex -49.6955 -32.5307 3
      vertex -49.6955 -32.5307 0
    endloop
  endfacet
  facet normal -0.896898 -0.442238 0
    outer loop
      vertex -49.6955 -32.5307 3
      vertex -49.4641 -33 0
      vertex -49.4641 -33 3
    endloop
  endfacet
  facet normal -0.195124 -0.980779 0
    outer loop
      vertex -47.0353 -34.8637 0
      vertex -46.5221 -34.9658 3
      vertex -47.0353 -34.8637 3
    endloop
  endfacet
  facet normal -0.195124 -0.980779 -0
    outer loop
      vertex -46.5221 -34.9658 3
      vertex -47.0353 -34.8637 0
      vertex -46.5221 -34.9658 0
    endloop
  endfacet
  facet normal 0 -1 0
    outer loop
      vertex -46 -35 0
      vertex 46 -35 3
      vertex -46 -35 3
    endloop
  endfacet
  facet normal 0 -1 -0
    outer loop
      vertex 46 -35 3
      vertex -46 -35 0
      vertex 46 -35 0
    endloop
  endfacet
  facet normal -0.980779 0.195124 0
    outer loop
      vertex -49.9658 31.5221 0
      vertex -49.8637 32.0353 3
      vertex -49.8637 32.0353 0
    endloop
  endfacet
  facet normal -0.980779 0.195124 0
    outer loop
      vertex -49.8637 32.0353 3
      vertex -49.9658 31.5221 0
      vertex -49.9658 31.5221 3
    endloop
  endfacet
  facet normal -0.980779 -0.195124 0
    outer loop
      vertex -49.8637 -32.0353 0
      vertex -49.9658 -31.5221 3
      vertex -49.9658 -31.5221 0
    endloop
  endfacet
  facet normal -0.980779 -0.195124 0
    outer loop
      vertex -49.9658 -31.5221 3
      vertex -49.8637 -32.0353 0
      vertex -49.8637 -32.0353 3
    endloop
  endfacet
  facet normal -0.0653646 -0.997861 0
    outer loop
      vertex -46.5221 -34.9658 0
      vertex -46 -35 3
      vertex -46.5221 -34.9658 3
    endloop
  endfacet
  facet normal -0.0653646 -0.997861 -0
    outer loop
      vertex -46 -35 3
      vertex -46.5221 -34.9658 0
      vertex -46 -35 0
    endloop
  endfacet
  facet normal 0 1 -0
    outer loop
      vertex 46 35 0
      vertex -46 35 3
      vertex 46 35 3
    endloop
  endfacet
  facet normal 0 1 0
    outer loop
      vertex -46 35 3
      vertex 46 35 0
      vertex -46 35 0
    endloop
  endfacet
  facet normal -0.896898 0.442238 0
    outer loop
      vertex -49.6955 32.5307 0
      vertex -49.4641 33 3
      vertex -49.4641 33 0
    endloop
  endfacet
  facet normal -0.896898 0.442238 0
    outer loop
      vertex -49.4641 33 3
      vertex -49.6955 32.5307 0
      vertex -49.6955 32.5307 3
    endloop
  endfacet
  facet normal -1 0 0
    outer loop
      vertex -50 -31 0
      vertex -50 31 3
      vertex -50 31 0
    endloop
  endfacet
  facet normal -1 -0 0
    outer loop
      vertex -50 31 3
      vertex -50 -31 0
      vertex -50 -31 3
    endloop
  endfacet
  facet normal -0.94691 -0.321498 0
    outer loop
      vertex -49.6955 -32.5307 0
      vertex -49.8637 -32.0353 3
      vertex -49.8637 -32.0353 0
    endloop
  endfacet
  facet normal -0.94691 -0.321498 0
    outer loop
      vertex -49.8637 -32.0353 3
      vertex -49.6955 -32.5307 0
      vertex -49.6955 -32.5307 3
    endloop
  endfacet
  facet normal -0.0653646 0.997861 0
    outer loop
      vertex -46 35 0
      vertex -46.5221 34.9658 3
      vertex -46 35 3
    endloop
  endfacet
  facet normal -0.0653646 0.997861 0
    outer loop
      vertex -46.5221 34.9658 3
      vertex -46 35 0
      vertex -46.5221 34.9658 0
    endloop
  endfacet
  facet normal -0.555626 -0.831432 0
    outer loop
      vertex -48.435 -34.1734 0
      vertex -48 -34.4641 3
      vertex -48.435 -34.1734 3
    endloop
  endfacet
  facet normal -0.555626 -0.831432 -0
    outer loop
      vertex -48 -34.4641 3
      vertex -48.435 -34.1734 0
      vertex -48 -34.4641 0
    endloop
  endfacet
  facet normal -0.195124 0.980779 0
    outer loop
      vertex -46.5221 34.9658 0
      vertex -47.0353 34.8637 3
      vertex -46.5221 34.9658 3
    endloop
  endfacet
  facet normal -0.195124 0.980779 0
    outer loop
      vertex -47.0353 34.8637 3
      vertex -46.5221 34.9658 0
      vertex -47.0353 34.8637 0
    endloop
  endfacet
  facet normal 0.997861 0.0653646 0
    outer loop
      vertex 50 31 3
      vertex 49.9658 31.5221 0
      vertex 49.9658 31.5221 3
    endloop
  endfacet
  facet normal 0.997861 0.0653646 0
    outer loop
      vertex 49.9658 31.5221 0
      vertex 50 31 3
      vertex 50 31 0
    endloop
  endfacet
  facet normal -0.321498 -0.94691 0
    outer loop
      vertex -47.5307 -34.6955 0
      vertex -47.0353 -34.8637 3
      vertex -47.5307 -34.6955 3
    endloop
  endfacet
  facet normal -0.321498 -0.94691 -0
    outer loop
      vertex -47.0353 -34.8637 3
      vertex -47.5307 -34.6955 0
      vertex -47.0353 -34.8637 0
    endloop
  endfacet
  facet normal 0.0653646 0.997861 -0
    outer loop
      vertex 46.5221 34.9658 0
      vertex 46 35 3
      vertex 46.5221 34.9658 3
    endloop
  endfacet
  facet normal 0.0653646 0.997861 0
    outer loop
      vertex 46 35 3
      vertex 46.5221 34.9658 0
      vertex 46 35 0
    endloop
  endfacet
  facet normal -0.555626 0.831432 0
    outer loop
      vertex -48 34.4641 0
      vertex -48.435 34.1734 3
      vertex -48 34.4641 3
    endloop
  endfacet
  facet normal -0.555626 0.831432 0
    outer loop
      vertex -48.435 34.1734 3
      vertex -48 34.4641 0
      vertex -48.435 34.1734 0
    endloop
  endfacet
  facet normal -0.321498 0.94691 0
    outer loop
      vertex -47.0353 34.8637 0
      vertex -47.5307 34.6955 3
      vertex -47.0353 34.8637 3
    endloop
  endfacet
  facet normal -0.321498 0.94691 0
    outer loop
      vertex -47.5307 34.6955 3
      vertex -47.0353 34.8637 0
      vertex -47.5307 34.6955 0
    endloop
  endfacet
  facet normal 0.659343 0.751842 -0
    outer loop
      vertex 48.8284 33.8284 0
      vertex 48.435 34.1734 3
      vertex 48.8284 33.8284 3
    endloop
  endfacet
  facet normal 0.659343 0.751842 0
    outer loop
      vertex 48.435 34.1734 3
      vertex 48.8284 33.8284 0
      vertex 48.435 34.1734 0
    endloop
  endfacet
  facet normal -0.442238 0.896898 0
    outer loop
      vertex -47.5307 34.6955 0
      vertex -48 34.4641 3
      vertex -47.5307 34.6955 3
    endloop
  endfacet
  facet normal -0.442238 0.896898 0
    outer loop
      vertex -48 34.4641 3
      vertex -47.5307 34.6955 0
      vertex -48 34.4641 0
    endloop
  endfacet
  facet normal 0.195124 0.980779 -0
    outer loop
      vertex 47.0353 34.8637 0
      vertex 46.5221 34.9658 3
      vertex 47.0353 34.8637 3
    endloop
  endfacet
  facet normal 0.195124 0.980779 0
    outer loop
      vertex 46.5221 34.9658 3
      vertex 47.0353 34.8637 0
      vertex 46.5221 34.9658 0
    endloop
  endfacet
  facet normal -0.751842 0.659343 0
    outer loop
      vertex -49.1734 33.435 0
      vertex -48.8284 33.8284 3
      vertex -48.8284 33.8284 0
    endloop
  endfacet
  facet normal -0.751842 0.659343 0
    outer loop
      vertex -48.8284 33.8284 3
      vertex -49.1734 33.435 0
      vertex -49.1734 33.435 3
    endloop
  endfacet
  facet normal -0.751842 -0.659343 0
    outer loop
      vertex -48.8284 -33.8284 0
      vertex -49.1734 -33.435 3
      vertex -49.1734 -33.435 0
    endloop
  endfacet
  facet normal -0.751842 -0.659343 0
    outer loop
      vertex -49.1734 -33.435 3
      vertex -48.8284 -33.8284 0
      vertex -48.8284 -33.8284 3
    endloop
  endfacet
  facet normal -0.442238 -0.896898 0
    outer loop
      vertex -48 -34.4641 0
      vertex -47.5307 -34.6955 3
      vertex -48 -34.4641 3
    endloop
  endfacet
  facet normal -0.442238 -0.896898 -0
    outer loop
      vertex -47.5307 -34.6955 3
      vertex -48 -34.4641 0
      vertex -47.5307 -34.6955 0
    endloop
  endfacet
  facet normal 0.831432 -0.555626 0
    outer loop
      vertex 49.1734 -33.435 3
      vertex 49.4641 -33 0
      vertex 49.4641 -33 3
    endloop
  endfacet
  facet normal 0.831432 -0.555626 0
    outer loop
      vertex 49.4641 -33 0
      vertex 49.1734 -33.435 3
      vertex 49.1734 -33.435 0
    endloop
  endfacet
  facet normal -0.659343 0.751842 0
    outer loop
      vertex -48.435 34.1734 0
      vertex -48.8284 33.8284 3
      vertex -48.435 34.1734 3
    endloop
  endfacet
  facet normal -0.659343 0.751842 0
    outer loop
      vertex -48.8284 33.8284 3
      vertex -48.435 34.1734 0
      vertex -48.8284 33.8284 0
    endloop
  endfacet
  facet normal -0.831432 0.555626 0
    outer loop
      vertex -49.4641 33 0
      vertex -49.1734 33.435 3
      vertex -49.1734 33.435 0
    endloop
  endfacet
  facet normal -0.831432 0.555626 0
    outer loop
      vertex -49.1734 33.435 3
      vertex -49.4641 33 0
      vertex -49.4641 33 3
    endloop
  endfacet
  facet normal -0 0 -1
    outer loop
      vertex -16.8921 -15.69 0
      vertex -28.275 -23.2443 0
      vertex -16.9355 -15.4719 0
    endloop
  endfacet
  facet normal 0 0 -1
    outer loop
      vertex -16.7222 14.4 0
      vertex -27.5624 24.3107 0
      vertex -27.55 24.5 0
    endloop
  endfacet
  facet normal 0 0 -1
    outer loop
      vertex -28.4451 -23.1604 0
      vertex -16.9355 -15.4719 0
      vertex -28.275 -23.2443 0
    endloop
  endfacet
  facet normal 0 0 -1
    outer loop
      vertex -16.7222 14.4 0
      vertex -27.5994 24.1247 0
      vertex -27.5624 24.3107 0
    endloop
  endfacet
  facet normal -0 0 -1
    outer loop
      vertex -16.9355 -15.4719 0
      vertex -28.4451 -23.1604 0
      vertex -16.95 -15.25 0
    endloop
  endfacet
  facet normal 0 0 -1
    outer loop
      vertex -16.7222 14.4 0
      vertex -27.6604 23.9451 0
      vertex -27.5994 24.1247 0
    endloop
  endfacet
  facet normal 0 0 -1
    outer loop
      vertex -28.6247 -23.0994 0
      vertex -16.95 -15.25 0
      vertex -28.4451 -23.1604 0
    endloop
  endfacet
  facet normal 0 0 -1
    outer loop
      vertex -16.7222 14.4 0
      vertex -27.7443 23.775 0
      vertex -27.6604 23.9451 0
    endloop
  endfacet
  facet normal -0 0 -1
    outer loop
      vertex -16.95 -15.25 0
      vertex -28.6247 -23.0994 0
      vertex -16.9355 -15.0281 0
    endloop
  endfacet
  facet normal 0 0 -1
    outer loop
      vertex -16.7222 14.4 0
      vertex -27.8496 23.6173 0
      vertex -27.7443 23.775 0
    endloop
  endfacet
  facet normal 0 0 -1
    outer loop
      vertex -28.8107 -23.0624 0
      vertex -16.9355 -15.0281 0
      vertex -28.6247 -23.0994 0
    endloop
  endfacet
  facet normal 0 0 -1
    outer loop
      vertex -16.7222 14.4 0
      vertex -27.9747 23.4747 0
      vertex -27.8496 23.6173 0
    endloop
  endfacet
  facet normal -0 0 -1
    outer loop
      vertex -16.9355 -15.0281 0
      vertex -28.8107 -23.0624 0
      vertex -16.8921 -14.81 0
    endloop
  endfacet
  facet normal 0 0 -1
    outer loop
      vertex -16.7222 14.4 0
      vertex -28.1173 23.3496 0
      vertex -27.9747 23.4747 0
    endloop
  endfacet
  facet normal 0 0 -1
    outer loop
      vertex -29 -23.05 0
      vertex -16.8921 -14.81 0
      vertex -28.8107 -23.0624 0
    endloop
  endfacet
  facet normal 0 0 -1
    outer loop
      vertex -16.7222 14.4 0
      vertex -28.275 23.2443 0
      vertex -28.1173 23.3496 0
    endloop
  endfacet
  facet normal -0 0 -1
    outer loop
      vertex -16.8921 -14.81 0
      vertex -29 -23.05 0
      vertex -16.8206 -14.5994 0
    endloop
  endfacet
  facet normal 0 0 -1
    outer loop
      vertex -16.7222 14.4 0
      vertex -28.4451 23.1604 0
      vertex -28.275 23.2443 0
    endloop
  endfacet
  facet normal 0 0 -1
    outer loop
      vertex -29.1893 -23.0624 0
      vertex -16.8206 -14.5994 0
      vertex -29 -23.05 0
    endloop
  endfacet
  facet normal 0 0 -1
    outer loop
      vertex -16.7222 14.4 0
      vertex -28.6247 23.0994 0
      vertex -28.4451 23.1604 0
    endloop
  endfacet
  facet normal -0 0 -1
    outer loop
      vertex -16.8206 -14.5994 0
      vertex -29.1893 -23.0624 0
      vertex -16.7222 -14.4 0
    endloop
  endfacet
  facet normal 0 0 -1
    outer loop
      vertex -16.7222 14.4 0
      vertex -28.8107 23.0624 0
      vertex -28.6247 23.0994 0
    endloop
  endfacet
  facet normal 0 0 -1
    outer loop
      vertex -29.3753 -23.0994 0
      vertex -16.7222 -14.4 0
      vertex -29.1893 -23.0624 0
    endloop
  endfacet
  facet normal 0 0 -1
    outer loop
      vertex -16.7222 14.4 0
      vertex -29 23.05 0
      vertex -28.8107 23.0624 0
    endloop
  endfacet
  facet normal -0 0 -1
    outer loop
      vertex -16.7222 -14.4 0
      vertex -29.3753 -23.0994 0
      vertex -16.7222 14.4 0
    endloop
  endfacet
  facet normal 0 0 -1
    outer loop
      vertex -16.7222 14.4 0
      vertex -29.1893 23.0624 0
      vertex -29 23.05 0
    endloop
  endfacet
  facet normal 0 0 -1
    outer loop
      vertex -29.3753 23.0994 0
      vertex -16.7222 14.4 0
      vertex -29.3753 -23.0994 0
    endloop
  endfacet
  facet normal 0 0 -1
    outer loop
      vertex -16.7222 14.4 0
      vertex -29.3753 23.0994 0
      vertex -29.1893 23.0624 0
    endloop
  endfacet
  facet normal 0 0 -1
    outer loop
      vertex -29.5549 -23.1604 0
      vertex -29.3753 23.0994 0
      vertex -29.3753 -23.0994 0
    endloop
  endfacet
  facet normal 0 0 -1
    outer loop
      vertex -29.5549 -23.1604 0
      vertex -29.5549 23.1604 0
      vertex -29.3753 23.0994 0
    endloop
  endfacet
  facet normal 0 0 -1
    outer loop
      vertex -29.725 -23.2443 0
      vertex -29.5549 23.1604 0
      vertex -29.5549 -23.1604 0
    endloop
  endfacet
  facet normal 0 0 -1
    outer loop
      vertex -29.725 -23.2443 0
      vertex -29.725 23.2443 0
      vertex -29.5549 23.1604 0
    endloop
  endfacet
  facet normal 0 0 -1
    outer loop
      vertex -29.8827 -23.3496 0
      vertex -29.725 23.2443 0
      vertex -29.725 -23.2443 0
    endloop
  endfacet
  facet normal 0 0 -1
    outer loop
      vertex -29.8827 -23.3496 0
      vertex -29.8827 23.3496 0
      vertex -29.725 23.2443 0
    endloop
  endfacet
  facet normal 0 0 -1
    outer loop
      vertex -30.0253 -23.4747 0
      vertex -29.8827 23.3496 0
      vertex -29.8827 -23.3496 0
    endloop
  endfacet
  facet normal 0 0 -1
    outer loop
      vertex -30.0253 -23.4747 0
      vertex -30.0253 23.4747 0
      vertex -29.8827 23.3496 0
    endloop
  endfacet
  facet normal 0 0 -1
    outer loop
      vertex -50 -31 0
      vertex -30.0253 -23.4747 0
      vertex -30.1504 -23.6173 0
    endloop
  endfacet
  facet normal -0 0 -1
    outer loop
      vertex -30.0253 -23.4747 0
      vertex -50 -31 0
      vertex -30.0253 23.4747 0
    endloop
  endfacet
  facet normal 0 0 -1
    outer loop
      vertex -50 -31 0
      vertex -30.1504 -23.6173 0
      vertex -30.2557 -23.775 0
    endloop
  endfacet
  facet normal 0 0 -1
    outer loop
      vertex -50 31 0
      vertex -30.0253 23.4747 0
      vertex -50 -31 0
    endloop
  endfacet
  facet normal 0 0 -1
    outer loop
      vertex -50 -31 0
      vertex -30.2557 -23.775 0
      vertex -30.3396 -23.9451 0
    endloop
  endfacet
  facet normal 0 0 -1
    outer loop
      vertex -30.0253 23.4747 0
      vertex -50 31 0
      vertex -30.1504 23.6173 0
    endloop
  endfacet
  facet normal 0 0 -1
    outer loop
      vertex -50 -31 0
      vertex -30.3396 -23.9451 0
      vertex -30.4006 -24.1247 0
    endloop
  endfacet
  facet normal 0 0 -1
    outer loop
      vertex -30.1504 23.6173 0
      vertex -50 31 0
      vertex -30.2557 23.775 0
    endloop
  endfacet
  facet normal 0 0 -1
    outer loop
      vertex -50 -31 0
      vertex -30.4006 -24.1247 0
      vertex -30.4376 -24.3107 0
    endloop
  endfacet
  facet normal 0 0 -1
    outer loop
      vertex -30.2557 23.775 0
      vertex -50 31 0
      vertex -30.3396 23.9451 0
    endloop
  endfacet
  facet normal 0 0 -1
    outer loop
      vertex -50 -31 0
      vertex -30.4376 -24.3107 0
      vertex -30.45 -24.5 0
    endloop
  endfacet
  facet normal 0 0 -1
    outer loop
      vertex -30.3396 23.9451 0
      vertex -50 31 0
      vertex -30.4006 24.1247 0
    endloop
  endfacet
  facet normal 0 0 -1
    outer loop
      vertex 13.7778 -14.4 0
      vertex -13.7778 -14.4 0
      vertex 13.9013 -14.2151 0
    endloop
  endfacet
  facet normal 0 0 -1
    outer loop
      vertex 14.0479 14.0479 0
      vertex -13.5645 15.0281 0
      vertex -13.55 15.25 0
    endloop
  endfacet
  facet normal 0 0 -1
    outer loop
      vertex -13.9013 -14.2151 0
      vertex 13.9013 -14.2151 0
      vertex -13.7778 -14.4 0
    endloop
  endfacet
  facet normal 0 0 -1
    outer loop
      vertex 14.0479 14.0479 0
      vertex -13.6079 14.81 0
      vertex -13.5645 15.0281 0
    endloop
  endfacet
  facet normal 0 0 -1
    outer loop
      vertex 13.9013 -14.2151 0
      vertex -13.9013 -14.2151 0
      vertex 14.0479 -14.0479 0
    endloop
  endfacet
  facet normal 0 0 -1
    outer loop
      vertex 14.0479 14.0479 0
      vertex -13.6794 14.5994 0
      vertex -13.6079 14.81 0
    endloop
  endfacet
  facet normal 0 0 -1
    outer loop
      vertex -14.0479 -14.0479 0
      vertex 14.0479 -14.0479 0
      vertex -13.9013 -14.2151 0
    endloop
  endfacet
  facet normal 0 0 -1
    outer loop
      vertex 14.0479 14.0479 0
      vertex -13.7778 14.4 0
      vertex -13.6794 14.5994 0
    endloop
  endfacet
  facet normal 0 0 -1
    outer loop
      vertex 14.0479 -14.0479 0
      vertex -14.0479 -14.0479 0
      vertex 14.0479 14.0479 0
    endloop
  endfacet
  facet normal 0 0 -1
    outer loop
      vertex 14.0479 14.0479 0
      vertex -13.9013 14.2151 0
      vertex -13.7778 14.4 0
    endloop
  endfacet
  facet normal 0 0 -1
    outer loop
      vertex -14.0479 14.0479 0
      vertex 14.0479 14.0479 0
      vertex -14.0479 -14.0479 0
    endloop
  endfacet
  facet normal 0 0 -1
    outer loop
      vertex 14.0479 14.0479 0
      vertex -14.0479 14.0479 0
      vertex -13.9013 14.2151 0
    endloop
  endfacet
  facet normal 0 0 -1
    outer loop
      vertex -14.2151 -13.9013 0
      vertex -14.0479 14.0479 0
      vertex -14.0479 -14.0479 0
    endloop
  endfacet
  facet normal 0 0 -1
    outer loop
      vertex -14.2151 -13.9013 0
      vertex -14.2151 13.9013 0
      vertex -14.0479 14.0479 0
    endloop
  endfacet
  facet normal 0 0 -1
    outer loop
      vertex -14.4 -13.7778 0
      vertex -14.2151 13.9013 0
      vertex -14.2151 -13.9013 0
    endloop
  endfacet
  facet normal 0 0 -1
    outer loop
      vertex -14.4 -13.7778 0
      vertex -14.4 13.7778 0
      vertex -14.2151 13.9013 0
    endloop
  endfacet
  facet normal 0 0 -1
    outer loop
      vertex -14.5994 -13.6794 0
      vertex -14.4 13.7778 0
      vertex -14.4 -13.7778 0
    endloop
  endfacet
  facet normal 0 0 -1
    outer loop
      vertex -14.5994 -13.6794 0
      vertex -14.5994 13.6794 0
      vertex -14.4 13.7778 0
    endloop
  endfacet
  facet normal 0 0 -1
    outer loop
      vertex -14.81 -13.6079 0
      vertex -14.5994 13.6794 0
      vertex -14.5994 -13.6794 0
    endloop
  endfacet
  facet normal 0 0 -1
    outer loop
      vertex -14.81 -13.6079 0
      vertex -14.81 13.6079 0
      vertex -14.5994 13.6794 0
    endloop
  endfacet
  facet normal 0 0 -1
    outer loop
      vertex -15.0281 -13.5645 0
      vertex -14.81 13.6079 0
      vertex -14.81 -13.6079 0
    endloop
  endfacet
  facet normal 0 0 -1
    outer loop
      vertex -15.0281 -13.5645 0
      vertex -15.0281 13.5645 0
      vertex -14.81 13.6079 0
    endloop
  endfacet
  facet normal 0 0 -1
    outer loop
      vertex -15.25 -13.55 0
      vertex -15.0281 13.5645 0
      vertex -15.0281 -13.5645 0
    endloop
  endfacet
  facet normal 0 0 -1
    outer loop
      vertex -15.25 -13.55 0
      vertex -15.25 13.55 0
      vertex -15.0281 13.5645 0
    endloop
  endfacet
  facet normal 0 0 -1
    outer loop
      vertex -15.4719 -13.5645 0
      vertex -15.25 13.55 0
      vertex -15.25 -13.55 0
    endloop
  endfacet
  facet normal 0 0 -1
    outer loop
      vertex -15.4719 -13.5645 0
      vertex -15.4719 13.5645 0
      vertex -15.25 13.55 0
    endloop
  endfacet
  facet normal 0 0 -1
    outer loop
      vertex -15.69 -13.6079 0
      vertex -15.4719 13.5645 0
      vertex -15.4719 -13.5645 0
    endloop
  endfacet
  facet normal 0 0 -1
    outer loop
      vertex -15.69 -13.6079 0
      vertex -15.69 13.6079 0
      vertex -15.4719 13.5645 0
    endloop
  endfacet
  facet normal 0 0 -1
    outer loop
      vertex -15.9006 -13.6794 0
      vertex -15.69 13.6079 0
      vertex -15.69 -13.6079 0
    endloop
  endfacet
  facet normal 0 0 -1
    outer loop
      vertex -15.9006 -13.6794 0
      vertex -15.9006 13.6794 0
      vertex -15.69 13.6079 0
    endloop
  endfacet
  facet normal 0 0 -1
    outer loop
      vertex -16.1 -13.7778 0
      vertex -15.9006 13.6794 0
      vertex -15.9006 -13.6794 0
    endloop
  endfacet
  facet normal 0 0 -1
    outer loop
      vertex -16.1 -13.7778 0
      vertex -16.1 13.7778 0
      vertex -15.9006 13.6794 0
    endloop
  endfacet
  facet normal 0 0 -1
    outer loop
      vertex -16.2849 -13.9013 0
      vertex -16.1 13.7778 0
      vertex -16.1 -13.7778 0
    endloop
  endfacet
  facet normal 0 0 -1
    outer loop
      vertex -16.2849 -13.9013 0
      vertex -16.2849 13.9013 0
      vertex -16.1 13.7778 0
    endloop
  endfacet
  facet normal 0 0 -1
    outer loop
      vertex -16.4521 -14.0479 0
      vertex -16.2849 13.9013 0
      vertex -16.2849 -13.9013 0
    endloop
  endfacet
  facet normal 0 0 -1
    outer loop
      vertex -16.4521 -14.0479 0
      vertex -16.4521 14.0479 0
      vertex -16.2849 13.9013 0
    endloop
  endfacet
  facet normal 0 0 -1
    outer loop
      vertex -16.5987 -14.2151 0
      vertex -16.4521 14.0479 0
      vertex -16.4521 -14.0479 0
    endloop
  endfacet
  facet normal 0 0 -1
    outer loop
      vertex -16.5987 -14.2151 0
      vertex -16.5987 14.2151 0
      vertex -16.4521 14.0479 0
    endloop
  endfacet
  facet normal 0 0 -1
    outer loop
      vertex -16.7222 -14.4 0
      vertex -16.5987 14.2151 0
      vertex -16.5987 -14.2151 0
    endloop
  endfacet
  facet normal 0 0 -1
    outer loop
      vertex -16.7222 -14.4 0
      vertex -16.7222 14.4 0
      vertex -16.5987 14.2151 0
    endloop
  endfacet
  facet normal 0 0 -1
    outer loop
      vertex -28.1173 -23.3496 0
      vertex -16.8206 -15.9006 0
      vertex -27.9747 -23.4747 0
    endloop
  endfacet
  facet normal -0 0 -1
    outer loop
      vertex -16.8206 -15.9006 0
      vertex -28.1173 -23.3496 0
      vertex -16.8921 -15.69 0
    endloop
  endfacet
  facet normal -0 0 -1
    outer loop
      vertex -16.7222 -16.1 0
      vertex -27.9747 -23.4747 0
      vertex -16.8206 -15.9006 0
    endloop
  endfacet
  facet normal 0 0 -1
    outer loop
      vertex -28.275 -23.2443 0
      vertex -16.8921 -15.69 0
      vertex -28.1173 -23.3496 0
    endloop
  endfacet
  facet normal 0 0 -1
    outer loop
      vertex -27.9747 -23.4747 0
      vertex -16.7222 -16.1 0
      vertex -27.8496 -23.6173 0
    endloop
  endfacet
  facet normal 0 0 -1
    outer loop
      vertex -16.7222 14.4 0
      vertex -27.55 24.5 0
      vertex -16.8206 14.5994 0
    endloop
  endfacet
  facet normal 0 0 -1
    outer loop
      vertex -27.8496 -23.6173 0
      vertex -16.7222 -16.1 0
      vertex -27.7443 -23.775 0
    endloop
  endfacet
  facet normal 0 0 -1
    outer loop
      vertex -16.8206 14.5994 0
      vertex -27.55 24.5 0
      vertex -16.8921 14.81 0
    endloop
  endfacet
  facet normal 0 0 -1
    outer loop
      vertex 16.7222 -14.4 0
      vertex 29.1893 -23.0624 0
      vertex 16.8206 -14.5994 0
    endloop
  endfacet
  facet normal 0 0 -1
    outer loop
      vertex 29.3753 23.0994 0
      vertex 16.9355 15.0281 0
      vertex 16.95 15.25 0
    endloop
  endfacet
  facet normal 0 0 -1
    outer loop
      vertex 29.1893 -23.0624 0
      vertex 16.7222 -14.4 0
      vertex 29.3753 -23.0994 0
    endloop
  endfacet
  facet normal 0 0 -1
    outer loop
      vertex 29.3753 23.0994 0
      vertex 16.8921 14.81 0
      vertex 16.9355 15.0281 0
    endloop
  endfacet
  facet normal 0 0 -1
    outer loop
      vertex 16.5987 -14.2151 0
      vertex 29.3753 -23.0994 0
      vertex 16.7222 -14.4 0
    endloop
  endfacet
  facet normal 0 0 -1
    outer loop
      vertex 29.3753 23.0994 0
      vertex 16.8206 14.5994 0
      vertex 16.8921 14.81 0
    endloop
  endfacet
  facet normal 0 0 -1
    outer loop
      vertex 29.3753 -23.0994 0
      vertex 16.5987 -14.2151 0
      vertex 29.3753 23.0994 0
    endloop
  endfacet
  facet normal 0 0 -1
    outer loop
      vertex 29.3753 23.0994 0
      vertex 16.7222 14.4 0
      vertex 16.8206 14.5994 0
    endloop
  endfacet
  facet normal 0 0 -1
    outer loop
      vertex 16.5987 14.2151 0
      vertex 29.3753 23.0994 0
      vertex 16.5987 -14.2151 0
    endloop
  endfacet
  facet normal 0 0 -1
    outer loop
      vertex 29.3753 23.0994 0
      vertex 16.5987 14.2151 0
      vertex 16.7222 14.4 0
    endloop
  endfacet
  facet normal 0 0 -1
    outer loop
      vertex 16.4521 -14.0479 0
      vertex 16.5987 14.2151 0
      vertex 16.5987 -14.2151 0
    endloop
  endfacet
  facet normal 0 0 -1
    outer loop
      vertex 16.4521 -14.0479 0
      vertex 16.4521 14.0479 0
      vertex 16.5987 14.2151 0
    endloop
  endfacet
  facet normal 0 0 -1
    outer loop
      vertex 16.2849 -13.9013 0
      vertex 16.4521 14.0479 0
      vertex 16.4521 -14.0479 0
    endloop
  endfacet
  facet normal 0 0 -1
    outer loop
      vertex 16.2849 -13.9013 0
      vertex 16.2849 13.9013 0
      vertex 16.4521 14.0479 0
    endloop
  endfacet
  facet normal 0 0 -1
    outer loop
      vertex 16.1 -13.7778 0
      vertex 16.2849 13.9013 0
      vertex 16.2849 -13.9013 0
    endloop
  endfacet
  facet normal 0 0 -1
    outer loop
      vertex 16.1 -13.7778 0
      vertex 16.1 13.7778 0
      vertex 16.2849 13.9013 0
    endloop
  endfacet
  facet normal 0 0 -1
    outer loop
      vertex 15.9006 -13.6794 0
      vertex 16.1 13.7778 0
      vertex 16.1 -13.7778 0
    endloop
  endfacet
  facet normal 0 0 -1
    outer loop
      vertex 15.9006 -13.6794 0
      vertex 15.9006 13.6794 0
      vertex 16.1 13.7778 0
    endloop
  endfacet
  facet normal 0 0 -1
    outer loop
      vertex 15.69 -13.6079 0
      vertex 15.9006 13.6794 0
      vertex 15.9006 -13.6794 0
    endloop
  endfacet
  facet normal 0 0 -1
    outer loop
      vertex 15.69 -13.6079 0
      vertex 15.69 13.6079 0
      vertex 15.9006 13.6794 0
    endloop
  endfacet
  facet normal 0 0 -1
    outer loop
      vertex 15.4719 -13.5645 0
      vertex 15.69 13.6079 0
      vertex 15.69 -13.6079 0
    endloop
  endfacet
  facet normal 0 0 -1
    outer loop
      vertex 15.4719 -13.5645 0
      vertex 15.4719 13.5645 0
      vertex 15.69 13.6079 0
    endloop
  endfacet
  facet normal 0 0 -1
    outer loop
      vertex 15.25 -13.55 0
      vertex 15.4719 13.5645 0
      vertex 15.4719 -13.5645 0
    endloop
  endfacet
  facet normal 0 0 -1
    outer loop
      vertex 15.25 -13.55 0
      vertex 15.25 13.55 0
      vertex 15.4719 13.5645 0
    endloop
  endfacet
  facet normal 0 0 -1
    outer loop
      vertex 15.0281 -13.5645 0
      vertex 15.25 13.55 0
      vertex 15.25 -13.55 0
    endloop
  endfacet
  facet normal 0 0 -1
    outer loop
      vertex 15.0281 -13.5645 0
      vertex 15.0281 13.5645 0
      vertex 15.25 13.55 0
    endloop
  endfacet
  facet normal 0 0 -1
    outer loop
      vertex 14.81 -13.6079 0
      vertex 15.0281 13.5645 0
      vertex 15.0281 -13.5645 0
    endloop
  endfacet
  facet normal 0 0 -1
    outer loop
      vertex 14.81 -13.6079 0
      vertex 14.81 13.6079 0
      vertex 15.0281 13.5645 0
    endloop
  endfacet
  facet normal 0 0 -1
    outer loop
      vertex 14.5994 -13.6794 0
      vertex 14.81 13.6079 0
      vertex 14.81 -13.6079 0
    endloop
  endfacet
  facet normal 0 0 -1
    outer loop
      vertex 14.5994 -13.6794 0
      vertex 14.5994 13.6794 0
      vertex 14.81 13.6079 0
    endloop
  endfacet
  facet normal 0 0 -1
    outer loop
      vertex 14.4 -13.7778 0
      vertex 14.5994 13.6794 0
      vertex 14.5994 -13.6794 0
    endloop
  endfacet
  facet normal 0 0 -1
    outer loop
      vertex 14.4 -13.7778 0
      vertex 14.4 13.7778 0
      vertex 14.5994 13.6794 0
    endloop
  endfacet
  facet normal 0 0 -1
    outer loop
      vertex 14.2151 -13.9013 0
      vertex 14.4 13.7778 0
      vertex 14.4 -13.7778 0
    endloop
  endfacet
  facet normal 0 0 -1
    outer loop
      vertex 14.2151 -13.9013 0
      vertex 14.2151 13.9013 0
      vertex 14.4 13.7778 0
    endloop
  endfacet
  facet normal 0 0 -1
    outer loop
      vertex 14.0479 -14.0479 0
      vertex 14.2151 13.9013 0
      vertex 14.2151 -13.9013 0
    endloop
  endfacet
  facet normal 0 0 -1
    outer loop
      vertex 14.0479 -14.0479 0
      vertex 14.0479 14.0479 0
      vertex 14.2151 13.9013 0
    endloop
  endfacet
  facet normal 0 0 -1
    outer loop
      vertex -13.6794 -14.5994 0
      vertex 13.6794 -14.5994 0
      vertex -13.6079 -14.81 0
    endloop
  endfacet
  facet normal 0 0 -1
    outer loop
      vertex 13.6794 -14.5994 0
      vertex -13.6794 -14.5994 0
      vertex 13.7778 -14.4 0
    endloop
  endfacet
  facet normal 0 0 -1
    outer loop
      vertex 13.6079 -14.81 0
      vertex -13.6079 -14.81 0
      vertex 13.6794 -14.5994 0
    endloop
  endfacet
  facet normal 0 0 -1
    outer loop
      vertex -13.7778 -14.4 0
      vertex 13.7778 -14.4 0
      vertex -13.6794 -14.5994 0
    endloop
  endfacet
  facet normal 0 0 -1
    outer loop
      vertex -13.6079 -14.81 0
      vertex 13.6079 -14.81 0
      vertex -13.5645 -15.0281 0
    endloop
  endfacet
  facet normal 0 0 -1
    outer loop
      vertex 14.0479 14.0479 0
      vertex -13.55 15.25 0
      vertex 13.9013 14.2151 0
    endloop
  endfacet
  facet normal 0 0 -1
    outer loop
      vertex 13.5645 -15.0281 0
      vertex -13.5645 -15.0281 0
      vertex 13.6079 -14.81 0
    endloop
  endfacet
  facet normal 0 0 -1
    outer loop
      vertex 13.9013 14.2151 0
      vertex -13.55 15.25 0
      vertex 13.7778 14.4 0
    endloop
  endfacet
  facet normal 0 0 -1
    outer loop
      vertex -13.5645 -15.0281 0
      vertex 13.5645 -15.0281 0
      vertex -13.55 -15.25 0
    endloop
  endfacet
  facet normal 0 0 -1
    outer loop
      vertex 13.7778 14.4 0
      vertex -13.55 15.25 0
      vertex 13.6794 14.5994 0
    endloop
  endfacet
  facet normal 0 0 -1
    outer loop
      vertex -13.55 -15.25 0
      vertex 13.5645 -15.0281 0
      vertex 13.55 -15.25 0
    endloop
  endfacet
  facet normal 0 0 -1
    outer loop
      vertex 13.6794 14.5994 0
      vertex -13.55 15.25 0
      vertex 13.6079 14.81 0
    endloop
  endfacet
  facet normal 0 0 -1
    outer loop
      vertex 30.3396 -23.9451 0
      vertex 50 -31 0
      vertex 30.4006 -24.1247 0
    endloop
  endfacet
  facet normal 0 0 -1
    outer loop
      vertex 50 31 0
      vertex 30.4376 24.3107 0
      vertex 30.45 24.5 0
    endloop
  endfacet
  facet normal 0 0 -1
    outer loop
      vertex 30.2557 -23.775 0
      vertex 50 -31 0
      vertex 30.3396 -23.9451 0
    endloop
  endfacet
  facet normal 0 0 -1
    outer loop
      vertex 50 31 0
      vertex 30.4006 24.1247 0
      vertex 30.4376 24.3107 0
    endloop
  endfacet
  facet normal 0 0 -1
    outer loop
      vertex 30.1504 -23.6173 0
      vertex 50 -31 0
      vertex 30.2557 -23.775 0
    endloop
  endfacet
  facet normal 0 0 -1
    outer loop
      vertex 50 31 0
      vertex 30.3396 23.9451 0
      vertex 30.4006 24.1247 0
    endloop
  endfacet
  facet normal 0 0 -1
    outer loop
      vertex 30.0253 -23.4747 0
      vertex 50 -31 0
      vertex 30.1504 -23.6173 0
    endloop
  endfacet
  facet normal 0 0 -1
    outer loop
      vertex 50 31 0
      vertex 30.2557 23.775 0
      vertex 30.3396 23.9451 0
    endloop
  endfacet
  facet normal 0 0 -1
    outer loop
      vertex 50 -31 0
      vertex 30.0253 -23.4747 0
      vertex 50 31 0
    endloop
  endfacet
  facet normal 0 0 -1
    outer loop
      vertex 50 31 0
      vertex 30.1504 23.6173 0
      vertex 30.2557 23.775 0
    endloop
  endfacet
  facet normal 0 0 -1
    outer loop
      vertex 30.0253 23.4747 0
      vertex 50 31 0
      vertex 30.0253 -23.4747 0
    endloop
  endfacet
  facet normal 0 0 -1
    outer loop
      vertex 50 31 0
      vertex 30.0253 23.4747 0
      vertex 30.1504 23.6173 0
    endloop
  endfacet
  facet normal 0 0 -1
    outer loop
      vertex 29.8827 -23.3496 0
      vertex 30.0253 23.4747 0
      vertex 30.0253 -23.4747 0
    endloop
  endfacet
  facet normal 0 0 -1
    outer loop
      vertex 29.8827 -23.3496 0
      vertex 29.8827 23.3496 0
      vertex 30.0253 23.4747 0
    endloop
  endfacet
  facet normal 0 0 -1
    outer loop
      vertex 29.725 -23.2443 0
      vertex 29.8827 23.3496 0
      vertex 29.8827 -23.3496 0
    endloop
  endfacet
  facet normal 0 0 -1
    outer loop
      vertex 29.725 -23.2443 0
      vertex 29.725 23.2443 0
      vertex 29.8827 23.3496 0
    endloop
  endfacet
  facet normal 0 0 -1
    outer loop
      vertex 29.5549 -23.1604 0
      vertex 29.725 23.2443 0
      vertex 29.725 -23.2443 0
    endloop
  endfacet
  facet normal 0 0 -1
    outer loop
      vertex 29.5549 -23.1604 0
      vertex 29.5549 23.1604 0
      vertex 29.725 23.2443 0
    endloop
  endfacet
  facet normal 0 0 -1
    outer loop
      vertex 29.3753 -23.0994 0
      vertex 29.5549 23.1604 0
      vertex 29.5549 -23.1604 0
    endloop
  endfacet
  facet normal 0 0 -1
    outer loop
      vertex 29.3753 -23.0994 0
      vertex 29.3753 23.0994 0
      vertex 29.5549 23.1604 0
    endloop
  endfacet
  facet normal 0 0 -1
    outer loop
      vertex 28.8107 -23.0624 0
      vertex 16.8921 -14.81 0
      vertex 29 -23.05 0
    endloop
  endfacet
  facet normal 0 0 -1
    outer loop
      vertex 16.8206 -14.5994 0
      vertex 29 -23.05 0
      vertex 16.8921 -14.81 0
    endloop
  endfacet
  facet normal 0 0 -1
    outer loop
      vertex 16.8921 -14.81 0
      vertex 28.8107 -23.0624 0
      vertex 16.9355 -15.0281 0
    endloop
  endfacet
  facet normal 0 0 -1
    outer loop
      vertex 29 -23.05 0
      vertex 16.8206 -14.5994 0
      vertex 29.1893 -23.0624 0
    endloop
  endfacet
  facet normal 0 0 -1
    outer loop
      vertex 28.6247 -23.0994 0
      vertex 16.9355 -15.0281 0
      vertex 28.8107 -23.0624 0
    endloop
  endfacet
  facet normal 0 0 -1
    outer loop
      vertex 29.3753 23.0994 0
      vertex 16.95 15.25 0
      vertex 29.1893 23.0624 0
    endloop
  endfacet
  facet normal 0 0 -1
    outer loop
      vertex 16.9355 -15.0281 0
      vertex 28.6247 -23.0994 0
      vertex 16.95 -15.25 0
    endloop
  endfacet
  facet normal 0 0 -1
    outer loop
      vertex 29.1893 23.0624 0
      vertex 16.95 15.25 0
      vertex 29 23.05 0
    endloop
  endfacet
  facet normal 0 0 -1
    outer loop
      vertex 16.95 -15.25 0
      vertex 28.6247 -23.0994 0
      vertex 28.4451 -23.1604 0
    endloop
  endfacet
  facet normal -0 0 -1
    outer loop
      vertex 29 23.05 0
      vertex 16.95 15.25 0
      vertex 28.8107 23.0624 0
    endloop
  endfacet
  facet normal 0 0 -1
    outer loop
      vertex 16.9355 -15.4719 0
      vertex 28.4451 -23.1604 0
      vertex 28.275 -23.2443 0
    endloop
  endfacet
  facet normal -0 0 -1
    outer loop
      vertex 28.8107 23.0624 0
      vertex 16.95 15.25 0
      vertex 28.6247 23.0994 0
    endloop
  endfacet
  facet normal 0 0 -1
    outer loop
      vertex 16.8921 -15.69 0
      vertex 28.275 -23.2443 0
      vertex 28.1173 -23.3496 0
    endloop
  endfacet
  facet normal -0 0 -1
    outer loop
      vertex 28.6247 23.0994 0
      vertex 16.95 15.25 0
      vertex 28.4451 23.1604 0
    endloop
  endfacet
  facet normal 0 0 -1
    outer loop
      vertex 16.8206 -15.9006 0
      vertex 28.1173 -23.3496 0
      vertex 27.9747 -23.4747 0
    endloop
  endfacet
  facet normal 0 0 -1
    outer loop
      vertex 16.9355 15.4719 0
      vertex 28.4451 23.1604 0
      vertex 16.95 15.25 0
    endloop
  endfacet
  facet normal 0 0 -1
    outer loop
      vertex 16.7222 -16.1 0
      vertex 27.9747 -23.4747 0
      vertex 27.8496 -23.6173 0
    endloop
  endfacet
  facet normal -0 0 -1
    outer loop
      vertex 28.4451 23.1604 0
      vertex 16.9355 15.4719 0
      vertex 28.275 23.2443 0
    endloop
  endfacet
  facet normal 0 0 -1
    outer loop
      vertex 16.7222 -16.1 0
      vertex 27.8496 -23.6173 0
      vertex 27.7443 -23.775 0
    endloop
  endfacet
  facet normal 0 0 -1
    outer loop
      vertex 16.8921 15.69 0
      vertex 28.275 23.2443 0
      vertex 16.9355 15.4719 0
    endloop
  endfacet
  facet normal 0 0 -1
    outer loop
      vertex 16.5987 -16.2849 0
      vertex 27.7443 -23.775 0
      vertex 27.6604 -23.9451 0
    endloop
  endfacet
  facet normal -0 0 -1
    outer loop
      vertex 28.275 23.2443 0
      vertex 16.8921 15.69 0
      vertex 28.1173 23.3496 0
    endloop
  endfacet
  facet normal 0 0 -1
    outer loop
      vertex 16.4521 -16.4521 0
      vertex 27.6604 -23.9451 0
      vertex 27.5994 -24.1247 0
    endloop
  endfacet
  facet normal 0 0 -1
    outer loop
      vertex 16.8206 15.9006 0
      vertex 28.1173 23.3496 0
      vertex 16.8921 15.69 0
    endloop
  endfacet
  facet normal 0 0 -1
    outer loop
      vertex 16.2849 -16.5987 0
      vertex 27.5994 -24.1247 0
      vertex 27.5624 -24.3107 0
    endloop
  endfacet
  facet normal -0 0 -1
    outer loop
      vertex 28.1173 23.3496 0
      vertex 16.8206 15.9006 0
      vertex 27.9747 23.4747 0
    endloop
  endfacet
  facet normal 0 0 -1
    outer loop
      vertex 16.1 -16.7222 0
      vertex 27.5624 -24.3107 0
      vertex 27.55 -24.5 0
    endloop
  endfacet
  facet normal 0 0 -1
    outer loop
      vertex 16.7222 16.1 0
      vertex 27.9747 23.4747 0
      vertex 16.8206 15.9006 0
    endloop
  endfacet
  facet normal 0 0 -1
    outer loop
      vertex 46 -35 0
      vertex 50 -31 0
      vertex 49.9658 -31.5221 0
    endloop
  endfacet
  facet normal 0 0 -1
    outer loop
      vertex 30.4376 -24.3107 0
      vertex 50 -31 0
      vertex 30.45 -24.5 0
    endloop
  endfacet
  facet normal 0 0 -1
    outer loop
      vertex 46 -35 0
      vertex 49.9658 -31.5221 0
      vertex 49.8637 -32.0353 0
    endloop
  endfacet
  facet normal 0 0 -1
    outer loop
      vertex 30.4006 -24.1247 0
      vertex 50 -31 0
      vertex 30.4376 -24.3107 0
    endloop
  endfacet
  facet normal 0 0 -1
    outer loop
      vertex 46 -35 0
      vertex 49.8637 -32.0353 0
      vertex 49.6955 -32.5307 0
    endloop
  endfacet
  facet normal 0 0 -1
    outer loop
      vertex 30.4376 24.6893 0
      vertex 50 31 0
      vertex 30.45 24.5 0
    endloop
  endfacet
  facet normal 0 0 -1
    outer loop
      vertex 46 -35 0
      vertex 49.6955 -32.5307 0
      vertex 49.4641 -33 0
    endloop
  endfacet
  facet normal 0 -0 -1
    outer loop
      vertex 46 35 0
      vertex 50 31 0
      vertex 30.4376 24.6893 0
    endloop
  endfacet
  facet normal 0 0 -1
    outer loop
      vertex 46 -35 0
      vertex 49.4641 -33 0
      vertex 49.1734 -33.435 0
    endloop
  endfacet
  facet normal 0 0 -1
    outer loop
      vertex 49.9658 31.5221 0
      vertex 46 35 0
      vertex 49.8637 32.0353 0
    endloop
  endfacet
  facet normal 0 0 -1
    outer loop
      vertex 46 -35 0
      vertex 49.1734 -33.435 0
      vertex 48.8284 -33.8284 0
    endloop
  endfacet
  facet normal 0 0 -1
    outer loop
      vertex 49.8637 32.0353 0
      vertex 46 35 0
      vertex 49.6955 32.5307 0
    endloop
  endfacet
  facet normal 0 0 -1
    outer loop
      vertex 46 -35 0
      vertex 48.8284 -33.8284 0
      vertex 48.435 -34.1734 0
    endloop
  endfacet
  facet normal 0 0 -1
    outer loop
      vertex 49.6955 32.5307 0
      vertex 46 35 0
      vertex 49.4641 33 0
    endloop
  endfacet
  facet normal 0 0 -1
    outer loop
      vertex 46 -35 0
      vertex 48.435 -34.1734 0
      vertex 48 -34.4641 0
    endloop
  endfacet
  facet normal 0 0 -1
    outer loop
      vertex 49.4641 33 0
      vertex 46 35 0
      vertex 49.1734 33.435 0
    endloop
  endfacet
  facet normal 0 0 -1
    outer loop
      vertex 46 -35 0
      vertex 48 -34.4641 0
      vertex 47.5307 -34.6955 0
    endloop
  endfacet
  facet normal 0 0 -1
    outer loop
      vertex 49.1734 33.435 0
      vertex 46 35 0
      vertex 48.8284 33.8284 0
    endloop
  endfacet
  facet normal 0 0 -1
    outer loop
      vertex 46 -35 0
      vertex 47.5307 -34.6955 0
      vertex 47.0353 -34.8637 0
    endloop
  endfacet
  facet normal 0 0 -1
    outer loop
      vertex 48.8284 33.8284 0
      vertex 46 35 0
      vertex 48.435 34.1734 0
    endloop
  endfacet
  facet normal 0 0 -1
    outer loop
      vertex 46 -35 0
      vertex 47.0353 -34.8637 0
      vertex 46.5221 -34.9658 0
    endloop
  endfacet
  facet normal 0 0 -1
    outer loop
      vertex 48.435 34.1734 0
      vertex 46 35 0
      vertex 48 34.4641 0
    endloop
  endfacet
  facet normal -0 0 -1
    outer loop
      vertex 50 -31 0
      vertex 46 -35 0
      vertex 30.4376 -24.6893 0
    endloop
  endfacet
  facet normal 0 0 -1
    outer loop
      vertex 48 34.4641 0
      vertex 46 35 0
      vertex 47.5307 34.6955 0
    endloop
  endfacet
  facet normal 0 0 -1
    outer loop
      vertex 47.5307 34.6955 0
      vertex 46 35 0
      vertex 47.0353 34.8637 0
    endloop
  endfacet
  facet normal 0 0 -1
    outer loop
      vertex 50 -31 0
      vertex 30.4376 -24.6893 0
      vertex 30.45 -24.5 0
    endloop
  endfacet
  facet normal 0 0 -1
    outer loop
      vertex 46 -35 0
      vertex 30.4006 -24.8753 0
      vertex 30.4376 -24.6893 0
    endloop
  endfacet
  facet normal 0 0 -1
    outer loop
      vertex 46 -35 0
      vertex 30.3396 -25.0549 0
      vertex 30.4006 -24.8753 0
    endloop
  endfacet
  facet normal 0 0 -1
    outer loop
      vertex 46 -35 0
      vertex 30.2557 -25.225 0
      vertex 30.3396 -25.0549 0
    endloop
  endfacet
  facet normal 0 0 -1
    outer loop
      vertex 46 -35 0
      vertex 30.1504 -25.3827 0
      vertex 30.2557 -25.225 0
    endloop
  endfacet
  facet normal 0 0 -1
    outer loop
      vertex 46 -35 0
      vertex 30.0253 -25.5253 0
      vertex 30.1504 -25.3827 0
    endloop
  endfacet
  facet normal 0 0 -1
    outer loop
      vertex 46 -35 0
      vertex 29.8827 -25.6504 0
      vertex 30.0253 -25.5253 0
    endloop
  endfacet
  facet normal 0 0 -1
    outer loop
      vertex 46 -35 0
      vertex 29.725 -25.7557 0
      vertex 29.8827 -25.6504 0
    endloop
  endfacet
  facet normal 0 0 -1
    outer loop
      vertex 46 -35 0
      vertex 29.5549 -25.8396 0
      vertex 29.725 -25.7557 0
    endloop
  endfacet
  facet normal 0 0 -1
    outer loop
      vertex 46 -35 0
      vertex 29.3753 -25.9006 0
      vertex 29.5549 -25.8396 0
    endloop
  endfacet
  facet normal 0 0 -1
    outer loop
      vertex 46 -35 0
      vertex 29.1893 -25.9376 0
      vertex 29.3753 -25.9006 0
    endloop
  endfacet
  facet normal 0 0 -1
    outer loop
      vertex 46 -35 0
      vertex 29 -25.95 0
      vertex 29.1893 -25.9376 0
    endloop
  endfacet
  facet normal 0 0 -1
    outer loop
      vertex 46 -35 0
      vertex 28.8107 -25.9376 0
      vertex 29 -25.95 0
    endloop
  endfacet
  facet normal 0 0 -1
    outer loop
      vertex 46 -35 0
      vertex 28.6247 -25.9006 0
      vertex 28.8107 -25.9376 0
    endloop
  endfacet
  facet normal 0 0 -1
    outer loop
      vertex 46 -35 0
      vertex 28.4451 -25.8396 0
      vertex 28.6247 -25.9006 0
    endloop
  endfacet
  facet normal 0 0 -1
    outer loop
      vertex -28.4451 -25.8396 0
      vertex 28.4451 -25.8396 0
      vertex 46 -35 0
    endloop
  endfacet
  facet normal -0 0 -1
    outer loop
      vertex 27.9747 23.4747 0
      vertex 16.7222 16.1 0
      vertex 27.8496 23.6173 0
    endloop
  endfacet
  facet normal 0 0 -1
    outer loop
      vertex 15.9006 -16.8206 0
      vertex 27.55 -24.5 0
      vertex 27.5624 -24.6893 0
    endloop
  endfacet
  facet normal 0 0 -1
    outer loop
      vertex 15.69 -16.8921 0
      vertex 27.5624 -24.6893 0
      vertex 27.5994 -24.8753 0
    endloop
  endfacet
  facet normal 0 0 -1
    outer loop
      vertex 15.4719 -16.9355 0
      vertex 27.5994 -24.8753 0
      vertex 27.6604 -25.0549 0
    endloop
  endfacet
  facet normal 0 0 -1
    outer loop
      vertex 15.25 -16.95 0
      vertex 27.6604 -25.0549 0
      vertex 27.7443 -25.225 0
    endloop
  endfacet
  facet normal 0 0 -1
    outer loop
      vertex 15.0281 -16.9355 0
      vertex 27.7443 -25.225 0
      vertex 27.8496 -25.3827 0
    endloop
  endfacet
  facet normal 0 0 -1
    outer loop
      vertex 14.81 -16.8921 0
      vertex 27.8496 -25.3827 0
      vertex 27.9747 -25.5253 0
    endloop
  endfacet
  facet normal 0 0 -1
    outer loop
      vertex 28.4451 -23.1604 0
      vertex 16.9355 -15.4719 0
      vertex 16.95 -15.25 0
    endloop
  endfacet
  facet normal 0 0 -1
    outer loop
      vertex 28.275 -23.2443 0
      vertex 16.8921 -15.69 0
      vertex 16.9355 -15.4719 0
    endloop
  endfacet
  facet normal 0 0 -1
    outer loop
      vertex 28.1173 -23.3496 0
      vertex 16.8206 -15.9006 0
      vertex 16.8921 -15.69 0
    endloop
  endfacet
  facet normal 0 0 -1
    outer loop
      vertex -27.9747 -25.5253 0
      vertex 27.9747 -25.5253 0
      vertex 28.1173 -25.6504 0
    endloop
  endfacet
  facet normal 0 0 -1
    outer loop
      vertex 27.9747 -23.4747 0
      vertex 16.7222 -16.1 0
      vertex 16.8206 -15.9006 0
    endloop
  endfacet
  facet normal 0 0 -1
    outer loop
      vertex 27.7443 -23.775 0
      vertex 16.5987 -16.2849 0
      vertex 16.7222 -16.1 0
    endloop
  endfacet
  facet normal 0 0 -1
    outer loop
      vertex 27.6604 -23.9451 0
      vertex 16.4521 -16.4521 0
      vertex 16.5987 -16.2849 0
    endloop
  endfacet
  facet normal 0 0 -1
    outer loop
      vertex 27.5994 -24.1247 0
      vertex 16.2849 -16.5987 0
      vertex 16.4521 -16.4521 0
    endloop
  endfacet
  facet normal 0 0 -1
    outer loop
      vertex 27.5624 -24.3107 0
      vertex 16.1 -16.7222 0
      vertex 16.2849 -16.5987 0
    endloop
  endfacet
  facet normal 0 0 -1
    outer loop
      vertex 27.55 -24.5 0
      vertex 15.9006 -16.8206 0
      vertex 16.1 -16.7222 0
    endloop
  endfacet
  facet normal 0 0 -1
    outer loop
      vertex 27.5624 -24.6893 0
      vertex 15.69 -16.8921 0
      vertex 15.9006 -16.8206 0
    endloop
  endfacet
  facet normal 0 0 -1
    outer loop
      vertex 27.5994 -24.8753 0
      vertex 15.4719 -16.9355 0
      vertex 15.69 -16.8921 0
    endloop
  endfacet
  facet normal 0 0 -1
    outer loop
      vertex 27.6604 -25.0549 0
      vertex 15.25 -16.95 0
      vertex 15.4719 -16.9355 0
    endloop
  endfacet
  facet normal 0 0 -1
    outer loop
      vertex 27.7443 -25.225 0
      vertex 15.0281 -16.9355 0
      vertex 15.25 -16.95 0
    endloop
  endfacet
  facet normal 0 0 -1
    outer loop
      vertex -28.1173 -25.6504 0
      vertex 28.1173 -25.6504 0
      vertex 28.275 -25.7557 0
    endloop
  endfacet
  facet normal 0 0 -1
    outer loop
      vertex 27.8496 -25.3827 0
      vertex 14.81 -16.8921 0
      vertex 15.0281 -16.9355 0
    endloop
  endfacet
  facet normal 0 0 -1
    outer loop
      vertex 27.9747 -25.5253 0
      vertex 14.5994 -16.8206 0
      vertex 14.81 -16.8921 0
    endloop
  endfacet
  facet normal 0 0 -1
    outer loop
      vertex 27.9747 -25.5253 0
      vertex -14.5994 -16.8206 0
      vertex 14.5994 -16.8206 0
    endloop
  endfacet
  facet normal 0 0 -1
    outer loop
      vertex 13.6079 14.81 0
      vertex -13.55 15.25 0
      vertex 13.5645 15.0281 0
    endloop
  endfacet
  facet normal 0 0 -1
    outer loop
      vertex 13.5645 -15.4719 0
      vertex -13.55 -15.25 0
      vertex 13.55 -15.25 0
    endloop
  endfacet
  facet normal 0 0 -1
    outer loop
      vertex -13.5645 -15.4719 0
      vertex 13.5645 -15.4719 0
      vertex 13.6079 -15.69 0
    endloop
  endfacet
  facet normal 0 0 -1
    outer loop
      vertex -13.6079 -15.69 0
      vertex 13.6079 -15.69 0
      vertex 13.6794 -15.9006 0
    endloop
  endfacet
  facet normal 0 0 -1
    outer loop
      vertex -13.6794 -15.9006 0
      vertex 13.6794 -15.9006 0
      vertex 13.7778 -16.1 0
    endloop
  endfacet
  facet normal 0 0 -1
    outer loop
      vertex -13.7778 -16.1 0
      vertex 13.7778 -16.1 0
      vertex 13.9013 -16.2849 0
    endloop
  endfacet
  facet normal 0 0 -1
    outer loop
      vertex -13.9013 -16.2849 0
      vertex 13.9013 -16.2849 0
      vertex 14.0479 -16.4521 0
    endloop
  endfacet
  facet normal 0 0 -1
    outer loop
      vertex -14.0479 -16.4521 0
      vertex 14.0479 -16.4521 0
      vertex 14.2151 -16.5987 0
    endloop
  endfacet
  facet normal 0 0 -1
    outer loop
      vertex -14.2151 -16.5987 0
      vertex 14.2151 -16.5987 0
      vertex 14.4 -16.7222 0
    endloop
  endfacet
  facet normal 0 0 -1
    outer loop
      vertex 14.5994 -16.8206 0
      vertex -14.5994 -16.8206 0
      vertex 14.4 -16.7222 0
    endloop
  endfacet
  facet normal 0 0 -1
    outer loop
      vertex 28.4451 -25.8396 0
      vertex -28.4451 -25.8396 0
      vertex 28.275 -25.7557 0
    endloop
  endfacet
  facet normal 0 0 -1
    outer loop
      vertex 13.5645 -15.4719 0
      vertex -13.5645 -15.4719 0
      vertex -13.55 -15.25 0
    endloop
  endfacet
  facet normal 0 0 -1
    outer loop
      vertex 13.6079 -15.69 0
      vertex -13.6079 -15.69 0
      vertex -13.5645 -15.4719 0
    endloop
  endfacet
  facet normal 0 0 -1
    outer loop
      vertex 13.6794 -15.9006 0
      vertex -13.6794 -15.9006 0
      vertex -13.6079 -15.69 0
    endloop
  endfacet
  facet normal 0 0 -1
    outer loop
      vertex 13.7778 -16.1 0
      vertex -13.7778 -16.1 0
      vertex -13.6794 -15.9006 0
    endloop
  endfacet
  facet normal 0 0 -1
    outer loop
      vertex 13.9013 -16.2849 0
      vertex -13.9013 -16.2849 0
      vertex -13.7778 -16.1 0
    endloop
  endfacet
  facet normal 0 0 -1
    outer loop
      vertex 14.0479 -16.4521 0
      vertex -14.0479 -16.4521 0
      vertex -13.9013 -16.2849 0
    endloop
  endfacet
  facet normal 0 0 -1
    outer loop
      vertex 14.2151 -16.5987 0
      vertex -14.2151 -16.5987 0
      vertex -14.0479 -16.4521 0
    endloop
  endfacet
  facet normal 0 0 -1
    outer loop
      vertex 14.4 -16.7222 0
      vertex -14.4 -16.7222 0
      vertex -14.2151 -16.5987 0
    endloop
  endfacet
  facet normal -0 0 -1
    outer loop
      vertex 14.4 -16.7222 0
      vertex -14.5994 -16.8206 0
      vertex -14.4 -16.7222 0
    endloop
  endfacet
  facet normal 0 0 -1
    outer loop
      vertex 27.9747 -25.5253 0
      vertex -27.9747 -25.5253 0
      vertex -14.5994 -16.8206 0
    endloop
  endfacet
  facet normal 0 0 -1
    outer loop
      vertex -14.5994 -16.8206 0
      vertex -27.9747 -25.5253 0
      vertex -14.81 -16.8921 0
    endloop
  endfacet
  facet normal 0 -0 -1
    outer loop
      vertex -27.8496 -25.3827 0
      vertex -14.81 -16.8921 0
      vertex -27.9747 -25.5253 0
    endloop
  endfacet
  facet normal 0 0 -1
    outer loop
      vertex -14.81 -16.8921 0
      vertex -27.8496 -25.3827 0
      vertex -15.0281 -16.9355 0
    endloop
  endfacet
  facet normal 0 -0 -1
    outer loop
      vertex -27.7443 -25.225 0
      vertex -15.0281 -16.9355 0
      vertex -27.8496 -25.3827 0
    endloop
  endfacet
  facet normal 0 0 -1
    outer loop
      vertex -16.8921 14.81 0
      vertex -27.55 24.5 0
      vertex -16.9355 15.0281 0
    endloop
  endfacet
  facet normal -0 0 -1
    outer loop
      vertex -16.5987 -16.2849 0
      vertex -27.7443 -23.775 0
      vertex -16.7222 -16.1 0
    endloop
  endfacet
  facet normal 0 0 -1
    outer loop
      vertex -27.7443 -23.775 0
      vertex -16.5987 -16.2849 0
      vertex -27.6604 -23.9451 0
    endloop
  endfacet
  facet normal -0 0 -1
    outer loop
      vertex -16.4521 -16.4521 0
      vertex -27.6604 -23.9451 0
      vertex -16.5987 -16.2849 0
    endloop
  endfacet
  facet normal 0 0 -1
    outer loop
      vertex -27.6604 -23.9451 0
      vertex -16.4521 -16.4521 0
      vertex -27.5994 -24.1247 0
    endloop
  endfacet
  facet normal -0 0 -1
    outer loop
      vertex -16.2849 -16.5987 0
      vertex -27.5994 -24.1247 0
      vertex -16.4521 -16.4521 0
    endloop
  endfacet
  facet normal 0 0 -1
    outer loop
      vertex -27.5994 -24.1247 0
      vertex -16.2849 -16.5987 0
      vertex -27.5624 -24.3107 0
    endloop
  endfacet
  facet normal -0 0 -1
    outer loop
      vertex -16.1 -16.7222 0
      vertex -27.5624 -24.3107 0
      vertex -16.2849 -16.5987 0
    endloop
  endfacet
  facet normal 0 0 -1
    outer loop
      vertex -27.5624 -24.3107 0
      vertex -16.1 -16.7222 0
      vertex -27.55 -24.5 0
    endloop
  endfacet
  facet normal -0 0 -1
    outer loop
      vertex -15.9006 -16.8206 0
      vertex -27.55 -24.5 0
      vertex -16.1 -16.7222 0
    endloop
  endfacet
  facet normal 0 0 -1
    outer loop
      vertex -27.5624 -24.6893 0
      vertex -15.9006 -16.8206 0
      vertex -15.69 -16.8921 0
    endloop
  endfacet
  facet normal 0 0 -1
    outer loop
      vertex -15.0281 -16.9355 0
      vertex -27.7443 -25.225 0
      vertex -15.25 -16.95 0
    endloop
  endfacet
  facet normal 0 0 -1
    outer loop
      vertex -15.9006 -16.8206 0
      vertex -27.5624 -24.6893 0
      vertex -27.55 -24.5 0
    endloop
  endfacet
  facet normal 0 0 -1
    outer loop
      vertex -15.69 -16.8921 0
      vertex -27.5994 -24.8753 0
      vertex -27.5624 -24.6893 0
    endloop
  endfacet
  facet normal -0 0 -1
    outer loop
      vertex -15.4719 -16.9355 0
      vertex -27.5994 -24.8753 0
      vertex -15.69 -16.8921 0
    endloop
  endfacet
  facet normal 0 -0 -1
    outer loop
      vertex -27.5994 -24.8753 0
      vertex -15.4719 -16.9355 0
      vertex -27.6604 -25.0549 0
    endloop
  endfacet
  facet normal -0 0 -1
    outer loop
      vertex -15.25 -16.95 0
      vertex -27.6604 -25.0549 0
      vertex -15.4719 -16.9355 0
    endloop
  endfacet
  facet normal 0 -0 -1
    outer loop
      vertex -27.6604 -25.0549 0
      vertex -15.25 -16.95 0
      vertex -27.7443 -25.225 0
    endloop
  endfacet
  facet normal 0 0 -1
    outer loop
      vertex 28.1173 -25.6504 0
      vertex -28.1173 -25.6504 0
      vertex -27.9747 -25.5253 0
    endloop
  endfacet
  facet normal 0 0 -1
    outer loop
      vertex 28.275 -25.7557 0
      vertex -28.275 -25.7557 0
      vertex -28.1173 -25.6504 0
    endloop
  endfacet
  facet normal -0 0 -1
    outer loop
      vertex 28.275 -25.7557 0
      vertex -28.4451 -25.8396 0
      vertex -28.275 -25.7557 0
    endloop
  endfacet
  facet normal 0 0 -1
    outer loop
      vertex -46 -35 0
      vertex -28.4451 -25.8396 0
      vertex 46 -35 0
    endloop
  endfacet
  facet normal 0 0 -1
    outer loop
      vertex -28.4451 -25.8396 0
      vertex -46 -35 0
      vertex -28.6247 -25.9006 0
    endloop
  endfacet
  facet normal 0 0 -1
    outer loop
      vertex -28.6247 -25.9006 0
      vertex -46 -35 0
      vertex -28.8107 -25.9376 0
    endloop
  endfacet
  facet normal 0 0 -1
    outer loop
      vertex -28.8107 -25.9376 0
      vertex -46 -35 0
      vertex -29 -25.95 0
    endloop
  endfacet
  facet normal -0 0 -1
    outer loop
      vertex -30.4376 -24.6893 0
      vertex -50 -31 0
      vertex -30.45 -24.5 0
    endloop
  endfacet
  facet normal 0 0 -1
    outer loop
      vertex -50 -31 0
      vertex -30.4376 -24.6893 0
      vertex -46 -35 0
    endloop
  endfacet
  facet normal -0 0 -1
    outer loop
      vertex -30.4006 -24.8753 0
      vertex -46 -35 0
      vertex -30.4376 -24.6893 0
    endloop
  endfacet
  facet normal -0 0 -1
    outer loop
      vertex -30.3396 -25.0549 0
      vertex -46 -35 0
      vertex -30.4006 -24.8753 0
    endloop
  endfacet
  facet normal -0 0 -1
    outer loop
      vertex -30.2557 -25.225 0
      vertex -46 -35 0
      vertex -30.3396 -25.0549 0
    endloop
  endfacet
  facet normal -0 0 -1
    outer loop
      vertex -30.1504 -25.3827 0
      vertex -46 -35 0
      vertex -30.2557 -25.225 0
    endloop
  endfacet
  facet normal -0 0 -1
    outer loop
      vertex -30.0253 -25.5253 0
      vertex -46 -35 0
      vertex -30.1504 -25.3827 0
    endloop
  endfacet
  facet normal -0 0 -1
    outer loop
      vertex -29.8827 -25.6504 0
      vertex -46 -35 0
      vertex -30.0253 -25.5253 0
    endloop
  endfacet
  facet normal -0 0 -1
    outer loop
      vertex -29.725 -25.7557 0
      vertex -46 -35 0
      vertex -29.8827 -25.6504 0
    endloop
  endfacet
  facet normal -0 0 -1
    outer loop
      vertex -29.5549 -25.8396 0
      vertex -46 -35 0
      vertex -29.725 -25.7557 0
    endloop
  endfacet
  facet normal -0 0 -1
    outer loop
      vertex -29.3753 -25.9006 0
      vertex -46 -35 0
      vertex -29.5549 -25.8396 0
    endloop
  endfacet
  facet normal -0 0 -1
    outer loop
      vertex -29.1893 -25.9376 0
      vertex -46 -35 0
      vertex -29.3753 -25.9006 0
    endloop
  endfacet
  facet normal -0 0 -1
    outer loop
      vertex -29 -25.95 0
      vertex -46 -35 0
      vertex -29.1893 -25.9376 0
    endloop
  endfacet
  facet normal 0 0 -1
    outer loop
      vertex 47.0353 34.8637 0
      vertex 46 35 0
      vertex 46.5221 34.9658 0
    endloop
  endfacet
  facet normal 0 0 -1
    outer loop
      vertex 50 31 0
      vertex 46 35 0
      vertex 49.9658 31.5221 0
    endloop
  endfacet
  facet normal 0 0 -1
    outer loop
      vertex 30.4006 24.8753 0
      vertex 46 35 0
      vertex 30.4376 24.6893 0
    endloop
  endfacet
  facet normal 0 0 -1
    outer loop
      vertex 30.3396 25.0549 0
      vertex 46 35 0
      vertex 30.4006 24.8753 0
    endloop
  endfacet
  facet normal 0 0 -1
    outer loop
      vertex 30.2557 25.225 0
      vertex 46 35 0
      vertex 30.3396 25.0549 0
    endloop
  endfacet
  facet normal 0 0 -1
    outer loop
      vertex 30.1504 25.3827 0
      vertex 46 35 0
      vertex 30.2557 25.225 0
    endloop
  endfacet
  facet normal 0 0 -1
    outer loop
      vertex 30.0253 25.5253 0
      vertex 46 35 0
      vertex 30.1504 25.3827 0
    endloop
  endfacet
  facet normal 0 0 -1
    outer loop
      vertex 29.8827 25.6504 0
      vertex 46 35 0
      vertex 30.0253 25.5253 0
    endloop
  endfacet
  facet normal 0 0 -1
    outer loop
      vertex 29.725 25.7557 0
      vertex 46 35 0
      vertex 29.8827 25.6504 0
    endloop
  endfacet
  facet normal 0 0 -1
    outer loop
      vertex 29.5549 25.8396 0
      vertex 46 35 0
      vertex 29.725 25.7557 0
    endloop
  endfacet
  facet normal 0 0 -1
    outer loop
      vertex 29.3753 25.9006 0
      vertex 46 35 0
      vertex 29.5549 25.8396 0
    endloop
  endfacet
  facet normal 0 0 -1
    outer loop
      vertex 29.1893 25.9376 0
      vertex 46 35 0
      vertex 29.3753 25.9006 0
    endloop
  endfacet
  facet normal 0 0 -1
    outer loop
      vertex 29 25.95 0
      vertex 46 35 0
      vertex 29.1893 25.9376 0
    endloop
  endfacet
  facet normal 0 0 -1
    outer loop
      vertex 28.8107 25.9376 0
      vertex 46 35 0
      vertex 29 25.95 0
    endloop
  endfacet
  facet normal 0 0 -1
    outer loop
      vertex 28.6247 25.9006 0
      vertex 46 35 0
      vertex 28.8107 25.9376 0
    endloop
  endfacet
  facet normal 0 0 -1
    outer loop
      vertex 28.4451 25.8396 0
      vertex 46 35 0
      vertex 28.6247 25.9006 0
    endloop
  endfacet
  facet normal 0 0 -1
    outer loop
      vertex -28.4451 25.8396 0
      vertex 28.4451 25.8396 0
      vertex 28.275 25.7557 0
    endloop
  endfacet
  facet normal -0 0 -1
    outer loop
      vertex 27.8496 23.6173 0
      vertex 16.7222 16.1 0
      vertex 27.7443 23.775 0
    endloop
  endfacet
  facet normal 0 0 -1
    outer loop
      vertex 16.5987 16.2849 0
      vertex 27.7443 23.775 0
      vertex 16.7222 16.1 0
    endloop
  endfacet
  facet normal -0 0 -1
    outer loop
      vertex 27.7443 23.775 0
      vertex 16.5987 16.2849 0
      vertex 27.6604 23.9451 0
    endloop
  endfacet
  facet normal 0 0 -1
    outer loop
      vertex 16.4521 16.4521 0
      vertex 27.6604 23.9451 0
      vertex 16.5987 16.2849 0
    endloop
  endfacet
  facet normal -0 0 -1
    outer loop
      vertex 27.6604 23.9451 0
      vertex 16.4521 16.4521 0
      vertex 27.5994 24.1247 0
    endloop
  endfacet
  facet normal 0 0 -1
    outer loop
      vertex 16.2849 16.5987 0
      vertex 27.5994 24.1247 0
      vertex 16.4521 16.4521 0
    endloop
  endfacet
  facet normal -0 0 -1
    outer loop
      vertex 27.5994 24.1247 0
      vertex 16.2849 16.5987 0
      vertex 27.5624 24.3107 0
    endloop
  endfacet
  facet normal 0 0 -1
    outer loop
      vertex 16.1 16.7222 0
      vertex 27.5624 24.3107 0
      vertex 16.2849 16.5987 0
    endloop
  endfacet
  facet normal -0 0 -1
    outer loop
      vertex 27.5624 24.3107 0
      vertex 16.1 16.7222 0
      vertex 27.55 24.5 0
    endloop
  endfacet
  facet normal 0 0 -1
    outer loop
      vertex 15.9006 16.8206 0
      vertex 27.55 24.5 0
      vertex 16.1 16.7222 0
    endloop
  endfacet
  facet normal -0 0 -1
    outer loop
      vertex 27.55 24.5 0
      vertex 15.9006 16.8206 0
      vertex 27.5624 24.6893 0
    endloop
  endfacet
  facet normal 0 0 -1
    outer loop
      vertex 15.69 16.8921 0
      vertex 27.5624 24.6893 0
      vertex 15.9006 16.8206 0
    endloop
  endfacet
  facet normal -0 0 -1
    outer loop
      vertex 27.5624 24.6893 0
      vertex 15.69 16.8921 0
      vertex 27.5994 24.8753 0
    endloop
  endfacet
  facet normal 0 0 -1
    outer loop
      vertex 15.4719 16.9355 0
      vertex 27.5994 24.8753 0
      vertex 15.69 16.8921 0
    endloop
  endfacet
  facet normal -0 0 -1
    outer loop
      vertex 27.5994 24.8753 0
      vertex 15.4719 16.9355 0
      vertex 27.6604 25.0549 0
    endloop
  endfacet
  facet normal 0 0 -1
    outer loop
      vertex 15.25 16.95 0
      vertex 27.6604 25.0549 0
      vertex 15.4719 16.9355 0
    endloop
  endfacet
  facet normal -0 0 -1
    outer loop
      vertex 27.6604 25.0549 0
      vertex 15.25 16.95 0
      vertex 27.7443 25.225 0
    endloop
  endfacet
  facet normal 0 0 -1
    outer loop
      vertex 15.0281 16.9355 0
      vertex 27.7443 25.225 0
      vertex 15.25 16.95 0
    endloop
  endfacet
  facet normal -0 0 -1
    outer loop
      vertex 27.7443 25.225 0
      vertex 15.0281 16.9355 0
      vertex 27.8496 25.3827 0
    endloop
  endfacet
  facet normal 0 0 -1
    outer loop
      vertex 14.81 16.8921 0
      vertex 27.8496 25.3827 0
      vertex 15.0281 16.9355 0
    endloop
  endfacet
  facet normal -0 0 -1
    outer loop
      vertex 27.8496 25.3827 0
      vertex 14.81 16.8921 0
      vertex 27.9747 25.5253 0
    endloop
  endfacet
  facet normal 0 0 -1
    outer loop
      vertex 14.5994 16.8206 0
      vertex 27.9747 25.5253 0
      vertex 14.81 16.8921 0
    endloop
  endfacet
  facet normal 0 0 -1
    outer loop
      vertex -14.5994 16.8206 0
      vertex 27.9747 25.5253 0
      vertex 14.5994 16.8206 0
    endloop
  endfacet
  facet normal 0 0 -1
    outer loop
      vertex -27.9747 25.5253 0
      vertex 27.9747 25.5253 0
      vertex -14.5994 16.8206 0
    endloop
  endfacet
  facet normal 0 0 -1
    outer loop
      vertex -14.5994 16.8206 0
      vertex 14.5994 16.8206 0
      vertex 14.4 16.7222 0
    endloop
  endfacet
  facet normal 0 0 -1
    outer loop
      vertex 13.5645 15.0281 0
      vertex -13.55 15.25 0
      vertex 13.55 15.25 0
    endloop
  endfacet
  facet normal 0 0 -1
    outer loop
      vertex 13.55 15.25 0
      vertex -13.55 15.25 0
      vertex 13.5645 15.4719 0
    endloop
  endfacet
  facet normal 0 0 -1
    outer loop
      vertex -13.5645 15.4719 0
      vertex 13.5645 15.4719 0
      vertex -13.55 15.25 0
    endloop
  endfacet
  facet normal 0 0 -1
    outer loop
      vertex 13.5645 15.4719 0
      vertex -13.5645 15.4719 0
      vertex 13.6079 15.69 0
    endloop
  endfacet
  facet normal 0 0 -1
    outer loop
      vertex -13.6079 15.69 0
      vertex 13.6079 15.69 0
      vertex -13.5645 15.4719 0
    endloop
  endfacet
  facet normal 0 0 -1
    outer loop
      vertex 13.6079 15.69 0
      vertex -13.6079 15.69 0
      vertex 13.6794 15.9006 0
    endloop
  endfacet
  facet normal 0 0 -1
    outer loop
      vertex -13.6794 15.9006 0
      vertex 13.6794 15.9006 0
      vertex -13.6079 15.69 0
    endloop
  endfacet
  facet normal 0 0 -1
    outer loop
      vertex 13.6794 15.9006 0
      vertex -13.6794 15.9006 0
      vertex 13.7778 16.1 0
    endloop
  endfacet
  facet normal 0 0 -1
    outer loop
      vertex -13.7778 16.1 0
      vertex 13.7778 16.1 0
      vertex -13.6794 15.9006 0
    endloop
  endfacet
  facet normal 0 0 -1
    outer loop
      vertex 13.7778 16.1 0
      vertex -13.7778 16.1 0
      vertex 13.9013 16.2849 0
    endloop
  endfacet
  facet normal 0 0 -1
    outer loop
      vertex -13.9013 16.2849 0
      vertex 13.9013 16.2849 0
      vertex -13.7778 16.1 0
    endloop
  endfacet
  facet normal 0 0 -1
    outer loop
      vertex 13.9013 16.2849 0
      vertex -13.9013 16.2849 0
      vertex 14.0479 16.4521 0
    endloop
  endfacet
  facet normal 0 0 -1
    outer loop
      vertex -14.0479 16.4521 0
      vertex 14.0479 16.4521 0
      vertex -13.9013 16.2849 0
    endloop
  endfacet
  facet normal 0 0 -1
    outer loop
      vertex 14.0479 16.4521 0
      vertex -14.0479 16.4521 0
      vertex 14.2151 16.5987 0
    endloop
  endfacet
  facet normal 0 0 -1
    outer loop
      vertex -14.2151 16.5987 0
      vertex 14.2151 16.5987 0
      vertex -14.0479 16.4521 0
    endloop
  endfacet
  facet normal 0 0 -1
    outer loop
      vertex 14.2151 16.5987 0
      vertex -14.2151 16.5987 0
      vertex 14.4 16.7222 0
    endloop
  endfacet
  facet normal 0 0 -1
    outer loop
      vertex -14.4 16.7222 0
      vertex 14.4 16.7222 0
      vertex -14.2151 16.5987 0
    endloop
  endfacet
  facet normal 0 0 -1
    outer loop
      vertex -14.5994 16.8206 0
      vertex 14.4 16.7222 0
      vertex -14.4 16.7222 0
    endloop
  endfacet
  facet normal 0 0 -1
    outer loop
      vertex 27.9747 25.5253 0
      vertex -27.9747 25.5253 0
      vertex 28.1173 25.6504 0
    endloop
  endfacet
  facet normal 0 0 -1
    outer loop
      vertex -28.1173 25.6504 0
      vertex 28.1173 25.6504 0
      vertex -27.9747 25.5253 0
    endloop
  endfacet
  facet normal 0 0 -1
    outer loop
      vertex -27.9747 25.5253 0
      vertex -14.5994 16.8206 0
      vertex -14.81 16.8921 0
    endloop
  endfacet
  facet normal 0 0 -1
    outer loop
      vertex -27.8496 25.3827 0
      vertex -14.81 16.8921 0
      vertex -15.0281 16.9355 0
    endloop
  endfacet
  facet normal 0 0 -1
    outer loop
      vertex -27.7443 25.225 0
      vertex -15.0281 16.9355 0
      vertex -15.25 16.95 0
    endloop
  endfacet
  facet normal 0 0 -1
    outer loop
      vertex -27.6604 25.0549 0
      vertex -15.25 16.95 0
      vertex -15.4719 16.9355 0
    endloop
  endfacet
  facet normal 0 0 -1
    outer loop
      vertex -27.5994 24.8753 0
      vertex -15.4719 16.9355 0
      vertex -15.69 16.8921 0
    endloop
  endfacet
  facet normal 0 0 -1
    outer loop
      vertex -16.9355 15.0281 0
      vertex -27.55 24.5 0
      vertex -16.95 15.25 0
    endloop
  endfacet
  facet normal 0 0 -1
    outer loop
      vertex -16.95 15.25 0
      vertex -27.55 24.5 0
      vertex -16.9355 15.4719 0
    endloop
  endfacet
  facet normal 0 0 -1
    outer loop
      vertex -16.9355 15.4719 0
      vertex -27.55 24.5 0
      vertex -16.8921 15.69 0
    endloop
  endfacet
  facet normal 0 0 -1
    outer loop
      vertex -27.55 24.5 0
      vertex -16.8206 15.9006 0
      vertex -16.8921 15.69 0
    endloop
  endfacet
  facet normal 0 0 -1
    outer loop
      vertex -27.55 24.5 0
      vertex -16.7222 16.1 0
      vertex -16.8206 15.9006 0
    endloop
  endfacet
  facet normal 0 0 -1
    outer loop
      vertex -27.55 24.5 0
      vertex -16.5987 16.2849 0
      vertex -16.7222 16.1 0
    endloop
  endfacet
  facet normal 0 0 -1
    outer loop
      vertex -27.55 24.5 0
      vertex -16.4521 16.4521 0
      vertex -16.5987 16.2849 0
    endloop
  endfacet
  facet normal 0 0 -1
    outer loop
      vertex -27.55 24.5 0
      vertex -16.2849 16.5987 0
      vertex -16.4521 16.4521 0
    endloop
  endfacet
  facet normal 0 0 -1
    outer loop
      vertex -27.55 24.5 0
      vertex -16.1 16.7222 0
      vertex -16.2849 16.5987 0
    endloop
  endfacet
  facet normal 0 0 -1
    outer loop
      vertex -27.55 24.5 0
      vertex -15.9006 16.8206 0
      vertex -16.1 16.7222 0
    endloop
  endfacet
  facet normal 0 0 -1
    outer loop
      vertex -27.5624 24.6893 0
      vertex -15.9006 16.8206 0
      vertex -27.55 24.5 0
    endloop
  endfacet
  facet normal 0 0 -1
    outer loop
      vertex -15.9006 16.8206 0
      vertex -27.5624 24.6893 0
      vertex -15.69 16.8921 0
    endloop
  endfacet
  facet normal 0 0 -1
    outer loop
      vertex -27.5994 24.8753 0
      vertex -15.69 16.8921 0
      vertex -27.5624 24.6893 0
    endloop
  endfacet
  facet normal 0 0 -1
    outer loop
      vertex -15.4719 16.9355 0
      vertex -27.5994 24.8753 0
      vertex -27.6604 25.0549 0
    endloop
  endfacet
  facet normal 0 0 -1
    outer loop
      vertex -15.25 16.95 0
      vertex -27.6604 25.0549 0
      vertex -27.7443 25.225 0
    endloop
  endfacet
  facet normal 0 0 -1
    outer loop
      vertex -15.0281 16.9355 0
      vertex -27.7443 25.225 0
      vertex -27.8496 25.3827 0
    endloop
  endfacet
  facet normal 0 0 -1
    outer loop
      vertex -14.81 16.8921 0
      vertex -27.8496 25.3827 0
      vertex -27.9747 25.5253 0
    endloop
  endfacet
  facet normal 0 0 -1
    outer loop
      vertex 28.1173 25.6504 0
      vertex -28.1173 25.6504 0
      vertex 28.275 25.7557 0
    endloop
  endfacet
  facet normal 0 0 -1
    outer loop
      vertex -28.275 25.7557 0
      vertex 28.275 25.7557 0
      vertex -28.1173 25.6504 0
    endloop
  endfacet
  facet normal 0 0 -1
    outer loop
      vertex -28.4451 25.8396 0
      vertex 28.275 25.7557 0
      vertex -28.275 25.7557 0
    endloop
  endfacet
  facet normal 0 0 -1
    outer loop
      vertex 28.4451 25.8396 0
      vertex -28.4451 25.8396 0
      vertex 46 35 0
    endloop
  endfacet
  facet normal 0 0 -1
    outer loop
      vertex -46 35 0
      vertex -28.4451 25.8396 0
      vertex -28.6247 25.9006 0
    endloop
  endfacet
  facet normal 0 0 -1
    outer loop
      vertex -46 35 0
      vertex -28.6247 25.9006 0
      vertex -28.8107 25.9376 0
    endloop
  endfacet
  facet normal 0 0 -1
    outer loop
      vertex -46 35 0
      vertex -28.8107 25.9376 0
      vertex -29 25.95 0
    endloop
  endfacet
  facet normal 0 0 -1
    outer loop
      vertex -46 35 0
      vertex -29 25.95 0
      vertex -29.1893 25.9376 0
    endloop
  endfacet
  facet normal 0 0 -1
    outer loop
      vertex -30.4006 24.1247 0
      vertex -50 31 0
      vertex -30.4376 24.3107 0
    endloop
  endfacet
  facet normal 0 0 -1
    outer loop
      vertex -30.4376 24.3107 0
      vertex -50 31 0
      vertex -30.45 24.5 0
    endloop
  endfacet
  facet normal 0 0 -1
    outer loop
      vertex -28.4451 25.8396 0
      vertex -46 35 0
      vertex 46 35 0
    endloop
  endfacet
  facet normal 0 0 -1
    outer loop
      vertex -29.3753 25.9006 0
      vertex -46 35 0
      vertex -29.1893 25.9376 0
    endloop
  endfacet
  facet normal 0 0 -1
    outer loop
      vertex -29.5549 25.8396 0
      vertex -46 35 0
      vertex -29.3753 25.9006 0
    endloop
  endfacet
  facet normal 0 0 -1
    outer loop
      vertex -29.725 25.7557 0
      vertex -46 35 0
      vertex -29.5549 25.8396 0
    endloop
  endfacet
  facet normal 0 0 -1
    outer loop
      vertex -29.8827 25.6504 0
      vertex -46 35 0
      vertex -29.725 25.7557 0
    endloop
  endfacet
  facet normal 0 0 -1
    outer loop
      vertex -30.0253 25.5253 0
      vertex -46 35 0
      vertex -29.8827 25.6504 0
    endloop
  endfacet
  facet normal 0 0 -1
    outer loop
      vertex -30.1504 25.3827 0
      vertex -46 35 0
      vertex -30.0253 25.5253 0
    endloop
  endfacet
  facet normal 0 0 -1
    outer loop
      vertex -30.2557 25.225 0
      vertex -46 35 0
      vertex -30.1504 25.3827 0
    endloop
  endfacet
  facet normal 0 0 -1
    outer loop
      vertex -30.3396 25.0549 0
      vertex -46 35 0
      vertex -30.2557 25.225 0
    endloop
  endfacet
  facet normal 0 0 -1
    outer loop
      vertex -30.4006 24.8753 0
      vertex -46 35 0
      vertex -30.3396 25.0549 0
    endloop
  endfacet
  facet normal 0 0 -1
    outer loop
      vertex -30.45 24.5 0
      vertex -50 31 0
      vertex -30.4376 24.6893 0
    endloop
  endfacet
  facet normal 0 0 -1
    outer loop
      vertex -50 -31 0
      vertex -46 -35 0
      vertex -46.5221 -34.9658 0
    endloop
  endfacet
  facet normal 0 -0 -1
    outer loop
      vertex -46 35 0
      vertex -30.4376 24.6893 0
      vertex -50 31 0
    endloop
  endfacet
  facet normal 0 0 -1
    outer loop
      vertex -50 -31 0
      vertex -46.5221 -34.9658 0
      vertex -47.0353 -34.8637 0
    endloop
  endfacet
  facet normal 0 0 -1
    outer loop
      vertex -30.4376 24.6893 0
      vertex -46 35 0
      vertex -30.4006 24.8753 0
    endloop
  endfacet
  facet normal 0 0 -1
    outer loop
      vertex -50 -31 0
      vertex -47.0353 -34.8637 0
      vertex -47.5307 -34.6955 0
    endloop
  endfacet
  facet normal 0 0 -1
    outer loop
      vertex -46 35 0
      vertex -50 31 0
      vertex -46.5221 34.9658 0
    endloop
  endfacet
  facet normal 0 0 -1
    outer loop
      vertex -50 -31 0
      vertex -47.5307 -34.6955 0
      vertex -48 -34.4641 0
    endloop
  endfacet
  facet normal 0 0 -1
    outer loop
      vertex -46.5221 34.9658 0
      vertex -50 31 0
      vertex -47.0353 34.8637 0
    endloop
  endfacet
  facet normal 0 0 -1
    outer loop
      vertex -50 -31 0
      vertex -48 -34.4641 0
      vertex -48.435 -34.1734 0
    endloop
  endfacet
  facet normal 0 0 -1
    outer loop
      vertex -47.0353 34.8637 0
      vertex -50 31 0
      vertex -47.5307 34.6955 0
    endloop
  endfacet
  facet normal 0 0 -1
    outer loop
      vertex -50 -31 0
      vertex -48.435 -34.1734 0
      vertex -48.8284 -33.8284 0
    endloop
  endfacet
  facet normal 0 0 -1
    outer loop
      vertex -47.5307 34.6955 0
      vertex -50 31 0
      vertex -48 34.4641 0
    endloop
  endfacet
  facet normal 0 0 -1
    outer loop
      vertex -50 -31 0
      vertex -48.8284 -33.8284 0
      vertex -49.1734 -33.435 0
    endloop
  endfacet
  facet normal 0 0 -1
    outer loop
      vertex -48 34.4641 0
      vertex -50 31 0
      vertex -48.435 34.1734 0
    endloop
  endfacet
  facet normal 0 0 -1
    outer loop
      vertex -50 -31 0
      vertex -49.1734 -33.435 0
      vertex -49.4641 -33 0
    endloop
  endfacet
  facet normal 0 0 -1
    outer loop
      vertex -48.435 34.1734 0
      vertex -50 31 0
      vertex -48.8284 33.8284 0
    endloop
  endfacet
  facet normal 0 0 -1
    outer loop
      vertex -50 -31 0
      vertex -49.4641 -33 0
      vertex -49.6955 -32.5307 0
    endloop
  endfacet
  facet normal 0 0 -1
    outer loop
      vertex -48.8284 33.8284 0
      vertex -50 31 0
      vertex -49.1734 33.435 0
    endloop
  endfacet
  facet normal 0 0 -1
    outer loop
      vertex -50 -31 0
      vertex -49.6955 -32.5307 0
      vertex -49.8637 -32.0353 0
    endloop
  endfacet
  facet normal 0 0 -1
    outer loop
      vertex -49.1734 33.435 0
      vertex -50 31 0
      vertex -49.4641 33 0
    endloop
  endfacet
  facet normal 0 0 -1
    outer loop
      vertex -50 -31 0
      vertex -49.8637 -32.0353 0
      vertex -49.9658 -31.5221 0
    endloop
  endfacet
  facet normal 0 0 -1
    outer loop
      vertex -49.4641 33 0
      vertex -50 31 0
      vertex -49.6955 32.5307 0
    endloop
  endfacet
  facet normal 0 0 -1
    outer loop
      vertex -49.6955 32.5307 0
      vertex -50 31 0
      vertex -49.8637 32.0353 0
    endloop
  endfacet
  facet normal 0 0 -1
    outer loop
      vertex -49.8637 32.0353 0
      vertex -50 31 0
      vertex -49.9658 31.5221 0
    endloop
  endfacet
  facet normal -0.997861 0.0653646 0
    outer loop
      vertex -50 31 0
      vertex -49.9658 31.5221 3
      vertex -49.9658 31.5221 0
    endloop
  endfacet
  facet normal -0.997861 0.0653646 0
    outer loop
      vertex -49.9658 31.5221 3
      vertex -50 31 0
      vertex -50 31 3
    endloop
  endfacet
  facet normal -0.659343 -0.751842 0
    outer loop
      vertex -48.8284 -33.8284 0
      vertex -48.435 -34.1734 3
      vertex -48.8284 -33.8284 3
    endloop
  endfacet
  facet normal -0.659343 -0.751842 -0
    outer loop
      vertex -48.435 -34.1734 3
      vertex -48.8284 -33.8284 0
      vertex -48.435 -34.1734 0
    endloop
  endfacet
  facet normal 0.321498 0.94691 -0
    outer loop
      vertex 47.5307 34.6955 0
      vertex 47.0353 34.8637 3
      vertex 47.5307 34.6955 3
    endloop
  endfacet
  facet normal 0.321498 0.94691 0
    outer loop
      vertex 47.0353 34.8637 3
      vertex 47.5307 34.6955 0
      vertex 47.0353 34.8637 0
    endloop
  endfacet
  facet normal 0.195124 -0.980779 0
    outer loop
      vertex 46.5221 -34.9658 0
      vertex 47.0353 -34.8637 3
      vertex 46.5221 -34.9658 3
    endloop
  endfacet
  facet normal 0.195124 -0.980779 0
    outer loop
      vertex 47.0353 -34.8637 3
      vertex 46.5221 -34.9658 0
      vertex 47.0353 -34.8637 0
    endloop
  endfacet
  facet normal 0.896898 0.442238 0
    outer loop
      vertex 49.6955 32.5307 3
      vertex 49.4641 33 0
      vertex 49.4641 33 3
    endloop
  endfacet
  facet normal 0.896898 0.442238 0
    outer loop
      vertex 49.4641 33 0
      vertex 49.6955 32.5307 3
      vertex 49.6955 32.5307 0
    endloop
  endfacet
  facet normal 0.659343 -0.751842 0
    outer loop
      vertex 48.435 -34.1734 0
      vertex 48.8284 -33.8284 3
      vertex 48.435 -34.1734 3
    endloop
  endfacet
  facet normal 0.659343 -0.751842 0
    outer loop
      vertex 48.8284 -33.8284 3
      vertex 48.435 -34.1734 0
      vertex 48.8284 -33.8284 0
    endloop
  endfacet
  facet normal 0.831432 0.555626 0
    outer loop
      vertex 49.4641 33 3
      vertex 49.1734 33.435 0
      vertex 49.1734 33.435 3
    endloop
  endfacet
  facet normal 0.831432 0.555626 0
    outer loop
      vertex 49.1734 33.435 0
      vertex 49.4641 33 3
      vertex 49.4641 33 0
    endloop
  endfacet
  facet normal 0.555626 0.831432 -0
    outer loop
      vertex 48.435 34.1734 0
      vertex 48 34.4641 3
      vertex 48.435 34.1734 3
    endloop
  endfacet
  facet normal 0.555626 0.831432 0
    outer loop
      vertex 48 34.4641 3
      vertex 48.435 34.1734 0
      vertex 48 34.4641 0
    endloop
  endfacet
  facet normal -0.831432 -0.555626 0
    outer loop
      vertex -49.1734 -33.435 0
      vertex -49.4641 -33 3
      vertex -49.4641 -33 0
    endloop
  endfacet
  facet normal -0.831432 -0.555626 0
    outer loop
      vertex -49.4641 -33 3
      vertex -49.1734 -33.435 0
      vertex -49.1734 -33.435 3
    endloop
  endfacet
  facet normal 0.321498 -0.94691 0
    outer loop
      vertex 47.0353 -34.8637 0
      vertex 47.5307 -34.6955 3
      vertex 47.0353 -34.8637 3
    endloop
  endfacet
  facet normal 0.321498 -0.94691 0
    outer loop
      vertex 47.5307 -34.6955 3
      vertex 47.0353 -34.8637 0
      vertex 47.5307 -34.6955 0
    endloop
  endfacet
  facet normal 0.980779 0.195124 0
    outer loop
      vertex 49.9658 31.5221 3
      vertex 49.8637 32.0353 0
      vertex 49.8637 32.0353 3
    endloop
  endfacet
  facet normal 0.980779 0.195124 0
    outer loop
      vertex 49.8637 32.0353 0
      vertex 49.9658 31.5221 3
      vertex 49.9658 31.5221 0
    endloop
  endfacet
  facet normal 0.751842 -0.659343 0
    outer loop
      vertex 48.8284 -33.8284 3
      vertex 49.1734 -33.435 0
      vertex 49.1734 -33.435 3
    endloop
  endfacet
  facet normal 0.751842 -0.659343 0
    outer loop
      vertex 49.1734 -33.435 0
      vertex 48.8284 -33.8284 3
      vertex 48.8284 -33.8284 0
    endloop
  endfacet
  facet normal 0 0 1
    outer loop
      vertex -16.8921 15.69 3
      vertex -28.275 23.2443 3
      vertex -16.9355 15.4719 3
    endloop
  endfacet
  facet normal 0 0 1
    outer loop
      vertex -16.7222 -14.4 3
      vertex -27.5624 -24.3107 3
      vertex -27.55 -24.5 3
    endloop
  endfacet
  facet normal -0 0 1
    outer loop
      vertex -28.4451 23.1604 3
      vertex -16.9355 15.4719 3
      vertex -28.275 23.2443 3
    endloop
  endfacet
  facet normal 0 0 1
    outer loop
      vertex -16.7222 -14.4 3
      vertex -27.5994 -24.1247 3
      vertex -27.5624 -24.3107 3
    endloop
  endfacet
  facet normal 0 0 1
    outer loop
      vertex -16.9355 15.4719 3
      vertex -28.4451 23.1604 3
      vertex -16.95 15.25 3
    endloop
  endfacet
  facet normal 0 0 1
    outer loop
      vertex -16.7222 -14.4 3
      vertex -27.6604 -23.9451 3
      vertex -27.5994 -24.1247 3
    endloop
  endfacet
  facet normal -0 0 1
    outer loop
      vertex -28.6247 23.0994 3
      vertex -16.95 15.25 3
      vertex -28.4451 23.1604 3
    endloop
  endfacet
  facet normal 0 0 1
    outer loop
      vertex -16.7222 -14.4 3
      vertex -27.7443 -23.775 3
      vertex -27.6604 -23.9451 3
    endloop
  endfacet
  facet normal 0 0 1
    outer loop
      vertex -16.95 15.25 3
      vertex -28.6247 23.0994 3
      vertex -16.9355 15.0281 3
    endloop
  endfacet
  facet normal 0 0 1
    outer loop
      vertex -16.7222 -14.4 3
      vertex -27.8496 -23.6173 3
      vertex -27.7443 -23.775 3
    endloop
  endfacet
  facet normal -0 0 1
    outer loop
      vertex -28.8107 23.0624 3
      vertex -16.9355 15.0281 3
      vertex -28.6247 23.0994 3
    endloop
  endfacet
  facet normal 0 0 1
    outer loop
      vertex -16.7222 -14.4 3
      vertex -27.9747 -23.4747 3
      vertex -27.8496 -23.6173 3
    endloop
  endfacet
  facet normal 0 0 1
    outer loop
      vertex -16.9355 15.0281 3
      vertex -28.8107 23.0624 3
      vertex -16.8921 14.81 3
    endloop
  endfacet
  facet normal 0 0 1
    outer loop
      vertex -16.7222 -14.4 3
      vertex -28.1173 -23.3496 3
      vertex -27.9747 -23.4747 3
    endloop
  endfacet
  facet normal -0 0 1
    outer loop
      vertex -29 23.05 3
      vertex -16.8921 14.81 3
      vertex -28.8107 23.0624 3
    endloop
  endfacet
  facet normal 0 0 1
    outer loop
      vertex -16.7222 -14.4 3
      vertex -28.275 -23.2443 3
      vertex -28.1173 -23.3496 3
    endloop
  endfacet
  facet normal 0 0 1
    outer loop
      vertex -16.8921 14.81 3
      vertex -29 23.05 3
      vertex -16.8206 14.5994 3
    endloop
  endfacet
  facet normal 0 0 1
    outer loop
      vertex -16.7222 -14.4 3
      vertex -28.4451 -23.1604 3
      vertex -28.275 -23.2443 3
    endloop
  endfacet
  facet normal 0 0 1
    outer loop
      vertex -29.1893 23.0624 3
      vertex -16.8206 14.5994 3
      vertex -29 23.05 3
    endloop
  endfacet
  facet normal 0 0 1
    outer loop
      vertex -16.7222 -14.4 3
      vertex -28.6247 -23.0994 3
      vertex -28.4451 -23.1604 3
    endloop
  endfacet
  facet normal 0 0 1
    outer loop
      vertex -16.8206 14.5994 3
      vertex -29.1893 23.0624 3
      vertex -16.7222 14.4 3
    endloop
  endfacet
  facet normal 0 0 1
    outer loop
      vertex -16.7222 -14.4 3
      vertex -28.8107 -23.0624 3
      vertex -28.6247 -23.0994 3
    endloop
  endfacet
  facet normal 0 0 1
    outer loop
      vertex -29.3753 23.0994 3
      vertex -16.7222 14.4 3
      vertex -29.1893 23.0624 3
    endloop
  endfacet
  facet normal 0 0 1
    outer loop
      vertex -16.7222 -14.4 3
      vertex -29 -23.05 3
      vertex -28.8107 -23.0624 3
    endloop
  endfacet
  facet normal 0 0 1
    outer loop
      vertex -16.7222 14.4 3
      vertex -29.3753 23.0994 3
      vertex -16.7222 -14.4 3
    endloop
  endfacet
  facet normal 0 0 1
    outer loop
      vertex -16.7222 -14.4 3
      vertex -29.1893 -23.0624 3
      vertex -29 -23.05 3
    endloop
  endfacet
  facet normal 0 0 1
    outer loop
      vertex -29.3753 -23.0994 3
      vertex -16.7222 -14.4 3
      vertex -29.3753 23.0994 3
    endloop
  endfacet
  facet normal 0 0 1
    outer loop
      vertex -16.7222 -14.4 3
      vertex -29.3753 -23.0994 3
      vertex -29.1893 -23.0624 3
    endloop
  endfacet
  facet normal 0 0 1
    outer loop
      vertex -29.5549 23.1604 3
      vertex -29.3753 -23.0994 3
      vertex -29.3753 23.0994 3
    endloop
  endfacet
  facet normal 0 0 1
    outer loop
      vertex -29.5549 23.1604 3
      vertex -29.5549 -23.1604 3
      vertex -29.3753 -23.0994 3
    endloop
  endfacet
  facet normal 0 0 1
    outer loop
      vertex -29.725 23.2443 3
      vertex -29.5549 -23.1604 3
      vertex -29.5549 23.1604 3
    endloop
  endfacet
  facet normal 0 0 1
    outer loop
      vertex -29.725 23.2443 3
      vertex -29.725 -23.2443 3
      vertex -29.5549 -23.1604 3
    endloop
  endfacet
  facet normal 0 0 1
    outer loop
      vertex -29.8827 23.3496 3
      vertex -29.725 -23.2443 3
      vertex -29.725 23.2443 3
    endloop
  endfacet
  facet normal 0 0 1
    outer loop
      vertex -29.8827 23.3496 3
      vertex -29.8827 -23.3496 3
      vertex -29.725 -23.2443 3
    endloop
  endfacet
  facet normal 0 0 1
    outer loop
      vertex -30.0253 23.4747 3
      vertex -29.8827 -23.3496 3
      vertex -29.8827 23.3496 3
    endloop
  endfacet
  facet normal 0 0 1
    outer loop
      vertex -30.0253 23.4747 3
      vertex -30.0253 -23.4747 3
      vertex -29.8827 -23.3496 3
    endloop
  endfacet
  facet normal 0 0 1
    outer loop
      vertex -50 31 3
      vertex -30.0253 23.4747 3
      vertex -30.1504 23.6173 3
    endloop
  endfacet
  facet normal 0 0 1
    outer loop
      vertex -30.0253 23.4747 3
      vertex -50 31 3
      vertex -30.0253 -23.4747 3
    endloop
  endfacet
  facet normal 0 0 1
    outer loop
      vertex -50 31 3
      vertex -30.1504 23.6173 3
      vertex -30.2557 23.775 3
    endloop
  endfacet
  facet normal 0 0 1
    outer loop
      vertex -50 -31 3
      vertex -30.0253 -23.4747 3
      vertex -50 31 3
    endloop
  endfacet
  facet normal 0 0 1
    outer loop
      vertex -50 31 3
      vertex -30.2557 23.775 3
      vertex -30.3396 23.9451 3
    endloop
  endfacet
  facet normal 0 0 1
    outer loop
      vertex -30.0253 -23.4747 3
      vertex -50 -31 3
      vertex -30.1504 -23.6173 3
    endloop
  endfacet
  facet normal 0 0 1
    outer loop
      vertex -50 31 3
      vertex -30.3396 23.9451 3
      vertex -30.4006 24.1247 3
    endloop
  endfacet
  facet normal 0 0 1
    outer loop
      vertex -30.1504 -23.6173 3
      vertex -50 -31 3
      vertex -30.2557 -23.775 3
    endloop
  endfacet
  facet normal 0 0 1
    outer loop
      vertex -50 31 3
      vertex -30.4006 24.1247 3
      vertex -30.4376 24.3107 3
    endloop
  endfacet
  facet normal 0 0 1
    outer loop
      vertex -30.2557 -23.775 3
      vertex -50 -31 3
      vertex -30.3396 -23.9451 3
    endloop
  endfacet
  facet normal 0 0 1
    outer loop
      vertex -50 31 3
      vertex -30.4376 24.3107 3
      vertex -30.45 24.5 3
    endloop
  endfacet
  facet normal 0 0 1
    outer loop
      vertex -30.3396 -23.9451 3
      vertex -50 -31 3
      vertex -30.4006 -24.1247 3
    endloop
  endfacet
  facet normal 0 0 1
    outer loop
      vertex 13.7778 14.4 3
      vertex -13.7778 14.4 3
      vertex 13.9013 14.2151 3
    endloop
  endfacet
  facet normal 0 0 1
    outer loop
      vertex 14.0479 -14.0479 3
      vertex -13.5645 -15.0281 3
      vertex -13.55 -15.25 3
    endloop
  endfacet
  facet normal 0 0 1
    outer loop
      vertex -13.9013 14.2151 3
      vertex 13.9013 14.2151 3
      vertex -13.7778 14.4 3
    endloop
  endfacet
  facet normal 0 0 1
    outer loop
      vertex 14.0479 -14.0479 3
      vertex -13.6079 -14.81 3
      vertex -13.5645 -15.0281 3
    endloop
  endfacet
  facet normal 0 0 1
    outer loop
      vertex 13.9013 14.2151 3
      vertex -13.9013 14.2151 3
      vertex 14.0479 14.0479 3
    endloop
  endfacet
  facet normal 0 0 1
    outer loop
      vertex 14.0479 -14.0479 3
      vertex -13.6794 -14.5994 3
      vertex -13.6079 -14.81 3
    endloop
  endfacet
  facet normal 0 0 1
    outer loop
      vertex -14.0479 14.0479 3
      vertex 14.0479 14.0479 3
      vertex -13.9013 14.2151 3
    endloop
  endfacet
  facet normal 0 0 1
    outer loop
      vertex 14.0479 -14.0479 3
      vertex -13.7778 -14.4 3
      vertex -13.6794 -14.5994 3
    endloop
  endfacet
  facet normal 0 0 1
    outer loop
      vertex 14.0479 14.0479 3
      vertex -14.0479 14.0479 3
      vertex 14.0479 -14.0479 3
    endloop
  endfacet
  facet normal 0 0 1
    outer loop
      vertex 14.0479 -14.0479 3
      vertex -13.9013 -14.2151 3
      vertex -13.7778 -14.4 3
    endloop
  endfacet
  facet normal 0 0 1
    outer loop
      vertex -14.0479 -14.0479 3
      vertex 14.0479 -14.0479 3
      vertex -14.0479 14.0479 3
    endloop
  endfacet
  facet normal 0 0 1
    outer loop
      vertex 14.0479 -14.0479 3
      vertex -14.0479 -14.0479 3
      vertex -13.9013 -14.2151 3
    endloop
  endfacet
  facet normal -0 0 1
    outer loop
      vertex -14.2151 13.9013 3
      vertex -14.0479 -14.0479 3
      vertex -14.0479 14.0479 3
    endloop
  endfacet
  facet normal 0 0 1
    outer loop
      vertex -14.2151 13.9013 3
      vertex -14.2151 -13.9013 3
      vertex -14.0479 -14.0479 3
    endloop
  endfacet
  facet normal -0 0 1
    outer loop
      vertex -14.4 13.7778 3
      vertex -14.2151 -13.9013 3
      vertex -14.2151 13.9013 3
    endloop
  endfacet
  facet normal 0 0 1
    outer loop
      vertex -14.4 13.7778 3
      vertex -14.4 -13.7778 3
      vertex -14.2151 -13.9013 3
    endloop
  endfacet
  facet normal -0 0 1
    outer loop
      vertex -14.5994 13.6794 3
      vertex -14.4 -13.7778 3
      vertex -14.4 13.7778 3
    endloop
  endfacet
  facet normal 0 0 1
    outer loop
      vertex -14.5994 13.6794 3
      vertex -14.5994 -13.6794 3
      vertex -14.4 -13.7778 3
    endloop
  endfacet
  facet normal -0 0 1
    outer loop
      vertex -14.81 13.6079 3
      vertex -14.5994 -13.6794 3
      vertex -14.5994 13.6794 3
    endloop
  endfacet
  facet normal 0 0 1
    outer loop
      vertex -14.81 13.6079 3
      vertex -14.81 -13.6079 3
      vertex -14.5994 -13.6794 3
    endloop
  endfacet
  facet normal -0 0 1
    outer loop
      vertex -15.0281 13.5645 3
      vertex -14.81 -13.6079 3
      vertex -14.81 13.6079 3
    endloop
  endfacet
  facet normal 0 0 1
    outer loop
      vertex -15.0281 13.5645 3
      vertex -15.0281 -13.5645 3
      vertex -14.81 -13.6079 3
    endloop
  endfacet
  facet normal -0 0 1
    outer loop
      vertex -15.25 13.55 3
      vertex -15.0281 -13.5645 3
      vertex -15.0281 13.5645 3
    endloop
  endfacet
  facet normal 0 0 1
    outer loop
      vertex -15.25 13.55 3
      vertex -15.25 -13.55 3
      vertex -15.0281 -13.5645 3
    endloop
  endfacet
  facet normal 0 0 1
    outer loop
      vertex -15.4719 13.5645 3
      vertex -15.25 -13.55 3
      vertex -15.25 13.55 3
    endloop
  endfacet
  facet normal 0 0 1
    outer loop
      vertex -15.4719 13.5645 3
      vertex -15.4719 -13.5645 3
      vertex -15.25 -13.55 3
    endloop
  endfacet
  facet normal 0 0 1
    outer loop
      vertex -15.69 13.6079 3
      vertex -15.4719 -13.5645 3
      vertex -15.4719 13.5645 3
    endloop
  endfacet
  facet normal 0 0 1
    outer loop
      vertex -15.69 13.6079 3
      vertex -15.69 -13.6079 3
      vertex -15.4719 -13.5645 3
    endloop
  endfacet
  facet normal 0 0 1
    outer loop
      vertex -15.9006 13.6794 3
      vertex -15.69 -13.6079 3
      vertex -15.69 13.6079 3
    endloop
  endfacet
  facet normal 0 0 1
    outer loop
      vertex -15.9006 13.6794 3
      vertex -15.9006 -13.6794 3
      vertex -15.69 -13.6079 3
    endloop
  endfacet
  facet normal 0 0 1
    outer loop
      vertex -16.1 13.7778 3
      vertex -15.9006 -13.6794 3
      vertex -15.9006 13.6794 3
    endloop
  endfacet
  facet normal 0 0 1
    outer loop
      vertex -16.1 13.7778 3
      vertex -16.1 -13.7778 3
      vertex -15.9006 -13.6794 3
    endloop
  endfacet
  facet normal 0 0 1
    outer loop
      vertex -16.2849 13.9013 3
      vertex -16.1 -13.7778 3
      vertex -16.1 13.7778 3
    endloop
  endfacet
  facet normal 0 0 1
    outer loop
      vertex -16.2849 13.9013 3
      vertex -16.2849 -13.9013 3
      vertex -16.1 -13.7778 3
    endloop
  endfacet
  facet normal 0 0 1
    outer loop
      vertex -16.4521 14.0479 3
      vertex -16.2849 -13.9013 3
      vertex -16.2849 13.9013 3
    endloop
  endfacet
  facet normal 0 0 1
    outer loop
      vertex -16.4521 14.0479 3
      vertex -16.4521 -14.0479 3
      vertex -16.2849 -13.9013 3
    endloop
  endfacet
  facet normal 0 0 1
    outer loop
      vertex -16.5987 14.2151 3
      vertex -16.4521 -14.0479 3
      vertex -16.4521 14.0479 3
    endloop
  endfacet
  facet normal 0 0 1
    outer loop
      vertex -16.5987 14.2151 3
      vertex -16.5987 -14.2151 3
      vertex -16.4521 -14.0479 3
    endloop
  endfacet
  facet normal 0 0 1
    outer loop
      vertex -16.7222 14.4 3
      vertex -16.5987 -14.2151 3
      vertex -16.5987 14.2151 3
    endloop
  endfacet
  facet normal 0 0 1
    outer loop
      vertex -16.7222 14.4 3
      vertex -16.7222 -14.4 3
      vertex -16.5987 -14.2151 3
    endloop
  endfacet
  facet normal -0 0 1
    outer loop
      vertex -28.1173 23.3496 3
      vertex -16.8206 15.9006 3
      vertex -27.9747 23.4747 3
    endloop
  endfacet
  facet normal 0 0 1
    outer loop
      vertex -16.8206 15.9006 3
      vertex -28.1173 23.3496 3
      vertex -16.8921 15.69 3
    endloop
  endfacet
  facet normal 0 0 1
    outer loop
      vertex -16.7222 16.1 3
      vertex -27.9747 23.4747 3
      vertex -16.8206 15.9006 3
    endloop
  endfacet
  facet normal -0 0 1
    outer loop
      vertex -28.275 23.2443 3
      vertex -16.8921 15.69 3
      vertex -28.1173 23.3496 3
    endloop
  endfacet
  facet normal -0 0 1
    outer loop
      vertex -27.9747 23.4747 3
      vertex -16.7222 16.1 3
      vertex -27.8496 23.6173 3
    endloop
  endfacet
  facet normal 0 0 1
    outer loop
      vertex -16.7222 -14.4 3
      vertex -27.55 -24.5 3
      vertex -16.8206 -14.5994 3
    endloop
  endfacet
  facet normal -0 0 1
    outer loop
      vertex -27.8496 23.6173 3
      vertex -16.7222 16.1 3
      vertex -27.7443 23.775 3
    endloop
  endfacet
  facet normal 0 0 1
    outer loop
      vertex -16.8206 -14.5994 3
      vertex -27.55 -24.5 3
      vertex -16.8921 -14.81 3
    endloop
  endfacet
  facet normal 0 0 1
    outer loop
      vertex 16.7222 14.4 3
      vertex 29.1893 23.0624 3
      vertex 16.8206 14.5994 3
    endloop
  endfacet
  facet normal 0 0 1
    outer loop
      vertex 29.3753 -23.0994 3
      vertex 16.9355 -15.0281 3
      vertex 16.95 -15.25 3
    endloop
  endfacet
  facet normal -0 0 1
    outer loop
      vertex 29.1893 23.0624 3
      vertex 16.7222 14.4 3
      vertex 29.3753 23.0994 3
    endloop
  endfacet
  facet normal 0 0 1
    outer loop
      vertex 29.3753 -23.0994 3
      vertex 16.8921 -14.81 3
      vertex 16.9355 -15.0281 3
    endloop
  endfacet
  facet normal 0 0 1
    outer loop
      vertex 16.5987 14.2151 3
      vertex 29.3753 23.0994 3
      vertex 16.7222 14.4 3
    endloop
  endfacet
  facet normal 0 0 1
    outer loop
      vertex 29.3753 -23.0994 3
      vertex 16.8206 -14.5994 3
      vertex 16.8921 -14.81 3
    endloop
  endfacet
  facet normal 0 0 1
    outer loop
      vertex 29.3753 23.0994 3
      vertex 16.5987 14.2151 3
      vertex 29.3753 -23.0994 3
    endloop
  endfacet
  facet normal 0 0 1
    outer loop
      vertex 29.3753 -23.0994 3
      vertex 16.7222 -14.4 3
      vertex 16.8206 -14.5994 3
    endloop
  endfacet
  facet normal -0 0 1
    outer loop
      vertex 16.5987 -14.2151 3
      vertex 29.3753 -23.0994 3
      vertex 16.5987 14.2151 3
    endloop
  endfacet
  facet normal 0 0 1
    outer loop
      vertex 29.3753 -23.0994 3
      vertex 16.5987 -14.2151 3
      vertex 16.7222 -14.4 3
    endloop
  endfacet
  facet normal -0 0 1
    outer loop
      vertex 16.4521 14.0479 3
      vertex 16.5987 -14.2151 3
      vertex 16.5987 14.2151 3
    endloop
  endfacet
  facet normal 0 0 1
    outer loop
      vertex 16.4521 14.0479 3
      vertex 16.4521 -14.0479 3
      vertex 16.5987 -14.2151 3
    endloop
  endfacet
  facet normal -0 0 1
    outer loop
      vertex 16.2849 13.9013 3
      vertex 16.4521 -14.0479 3
      vertex 16.4521 14.0479 3
    endloop
  endfacet
  facet normal 0 0 1
    outer loop
      vertex 16.2849 13.9013 3
      vertex 16.2849 -13.9013 3
      vertex 16.4521 -14.0479 3
    endloop
  endfacet
  facet normal -0 0 1
    outer loop
      vertex 16.1 13.7778 3
      vertex 16.2849 -13.9013 3
      vertex 16.2849 13.9013 3
    endloop
  endfacet
  facet normal 0 0 1
    outer loop
      vertex 16.1 13.7778 3
      vertex 16.1 -13.7778 3
      vertex 16.2849 -13.9013 3
    endloop
  endfacet
  facet normal -0 0 1
    outer loop
      vertex 15.9006 13.6794 3
      vertex 16.1 -13.7778 3
      vertex 16.1 13.7778 3
    endloop
  endfacet
  facet normal 0 0 1
    outer loop
      vertex 15.9006 13.6794 3
      vertex 15.9006 -13.6794 3
      vertex 16.1 -13.7778 3
    endloop
  endfacet
  facet normal -0 0 1
    outer loop
      vertex 15.69 13.6079 3
      vertex 15.9006 -13.6794 3
      vertex 15.9006 13.6794 3
    endloop
  endfacet
  facet normal 0 0 1
    outer loop
      vertex 15.69 13.6079 3
      vertex 15.69 -13.6079 3
      vertex 15.9006 -13.6794 3
    endloop
  endfacet
  facet normal -0 0 1
    outer loop
      vertex 15.4719 13.5645 3
      vertex 15.69 -13.6079 3
      vertex 15.69 13.6079 3
    endloop
  endfacet
  facet normal 0 0 1
    outer loop
      vertex 15.4719 13.5645 3
      vertex 15.4719 -13.5645 3
      vertex 15.69 -13.6079 3
    endloop
  endfacet
  facet normal -0 0 1
    outer loop
      vertex 15.25 13.55 3
      vertex 15.4719 -13.5645 3
      vertex 15.4719 13.5645 3
    endloop
  endfacet
  facet normal 0 0 1
    outer loop
      vertex 15.25 13.55 3
      vertex 15.25 -13.55 3
      vertex 15.4719 -13.5645 3
    endloop
  endfacet
  facet normal 0 0 1
    outer loop
      vertex 15.0281 13.5645 3
      vertex 15.25 -13.55 3
      vertex 15.25 13.55 3
    endloop
  endfacet
  facet normal 0 0 1
    outer loop
      vertex 15.0281 13.5645 3
      vertex 15.0281 -13.5645 3
      vertex 15.25 -13.55 3
    endloop
  endfacet
  facet normal 0 0 1
    outer loop
      vertex 14.81 13.6079 3
      vertex 15.0281 -13.5645 3
      vertex 15.0281 13.5645 3
    endloop
  endfacet
  facet normal 0 0 1
    outer loop
      vertex 14.81 13.6079 3
      vertex 14.81 -13.6079 3
      vertex 15.0281 -13.5645 3
    endloop
  endfacet
  facet normal 0 0 1
    outer loop
      vertex 14.5994 13.6794 3
      vertex 14.81 -13.6079 3
      vertex 14.81 13.6079 3
    endloop
  endfacet
  facet normal 0 0 1
    outer loop
      vertex 14.5994 13.6794 3
      vertex 14.5994 -13.6794 3
      vertex 14.81 -13.6079 3
    endloop
  endfacet
  facet normal 0 0 1
    outer loop
      vertex 14.4 13.7778 3
      vertex 14.5994 -13.6794 3
      vertex 14.5994 13.6794 3
    endloop
  endfacet
  facet normal 0 0 1
    outer loop
      vertex 14.4 13.7778 3
      vertex 14.4 -13.7778 3
      vertex 14.5994 -13.6794 3
    endloop
  endfacet
  facet normal 0 0 1
    outer loop
      vertex 14.2151 13.9013 3
      vertex 14.4 -13.7778 3
      vertex 14.4 13.7778 3
    endloop
  endfacet
  facet normal 0 0 1
    outer loop
      vertex 14.2151 13.9013 3
      vertex 14.2151 -13.9013 3
      vertex 14.4 -13.7778 3
    endloop
  endfacet
  facet normal 0 0 1
    outer loop
      vertex 14.0479 14.0479 3
      vertex 14.2151 -13.9013 3
      vertex 14.2151 13.9013 3
    endloop
  endfacet
  facet normal 0 0 1
    outer loop
      vertex 14.0479 14.0479 3
      vertex 14.0479 -14.0479 3
      vertex 14.2151 -13.9013 3
    endloop
  endfacet
  facet normal 0 0 1
    outer loop
      vertex -13.6794 14.5994 3
      vertex 13.6794 14.5994 3
      vertex -13.6079 14.81 3
    endloop
  endfacet
  facet normal 0 0 1
    outer loop
      vertex 13.6794 14.5994 3
      vertex -13.6794 14.5994 3
      vertex 13.7778 14.4 3
    endloop
  endfacet
  facet normal 0 0 1
    outer loop
      vertex 13.6079 14.81 3
      vertex -13.6079 14.81 3
      vertex 13.6794 14.5994 3
    endloop
  endfacet
  facet normal 0 0 1
    outer loop
      vertex -13.7778 14.4 3
      vertex 13.7778 14.4 3
      vertex -13.6794 14.5994 3
    endloop
  endfacet
  facet normal 0 0 1
    outer loop
      vertex -13.6079 14.81 3
      vertex 13.6079 14.81 3
      vertex -13.5645 15.0281 3
    endloop
  endfacet
  facet normal 0 0 1
    outer loop
      vertex 14.0479 -14.0479 3
      vertex -13.55 -15.25 3
      vertex 13.9013 -14.2151 3
    endloop
  endfacet
  facet normal 0 0 1
    outer loop
      vertex 13.5645 15.0281 3
      vertex -13.5645 15.0281 3
      vertex 13.6079 14.81 3
    endloop
  endfacet
  facet normal 0 0 1
    outer loop
      vertex 13.9013 -14.2151 3
      vertex -13.55 -15.25 3
      vertex 13.7778 -14.4 3
    endloop
  endfacet
  facet normal 0 0 1
    outer loop
      vertex -13.5645 15.0281 3
      vertex 13.5645 15.0281 3
      vertex -13.55 15.25 3
    endloop
  endfacet
  facet normal 0 0 1
    outer loop
      vertex 13.7778 -14.4 3
      vertex -13.55 -15.25 3
      vertex 13.6794 -14.5994 3
    endloop
  endfacet
  facet normal -0 0 1
    outer loop
      vertex -13.55 15.25 3
      vertex 13.5645 15.0281 3
      vertex 13.55 15.25 3
    endloop
  endfacet
  facet normal 0 0 1
    outer loop
      vertex 13.6794 -14.5994 3
      vertex -13.55 -15.25 3
      vertex 13.6079 -14.81 3
    endloop
  endfacet
  facet normal 0 0 1
    outer loop
      vertex 30.3396 23.9451 3
      vertex 50 31 3
      vertex 30.4006 24.1247 3
    endloop
  endfacet
  facet normal 0 0 1
    outer loop
      vertex 50 -31 3
      vertex 30.4376 -24.3107 3
      vertex 30.45 -24.5 3
    endloop
  endfacet
  facet normal 0 0 1
    outer loop
      vertex 30.2557 23.775 3
      vertex 50 31 3
      vertex 30.3396 23.9451 3
    endloop
  endfacet
  facet normal 0 0 1
    outer loop
      vertex 50 -31 3
      vertex 30.4006 -24.1247 3
      vertex 30.4376 -24.3107 3
    endloop
  endfacet
  facet normal 0 0 1
    outer loop
      vertex 30.1504 23.6173 3
      vertex 50 31 3
      vertex 30.2557 23.775 3
    endloop
  endfacet
  facet normal 0 0 1
    outer loop
      vertex 50 -31 3
      vertex 30.3396 -23.9451 3
      vertex 30.4006 -24.1247 3
    endloop
  endfacet
  facet normal 0 0 1
    outer loop
      vertex 30.0253 23.4747 3
      vertex 50 31 3
      vertex 30.1504 23.6173 3
    endloop
  endfacet
  facet normal 0 0 1
    outer loop
      vertex 50 -31 3
      vertex 30.2557 -23.775 3
      vertex 30.3396 -23.9451 3
    endloop
  endfacet
  facet normal 0 0 1
    outer loop
      vertex 50 31 3
      vertex 30.0253 23.4747 3
      vertex 50 -31 3
    endloop
  endfacet
  facet normal 0 0 1
    outer loop
      vertex 50 -31 3
      vertex 30.1504 -23.6173 3
      vertex 30.2557 -23.775 3
    endloop
  endfacet
  facet normal -0 0 1
    outer loop
      vertex 30.0253 -23.4747 3
      vertex 50 -31 3
      vertex 30.0253 23.4747 3
    endloop
  endfacet
  facet normal 0 0 1
    outer loop
      vertex 50 -31 3
      vertex 30.0253 -23.4747 3
      vertex 30.1504 -23.6173 3
    endloop
  endfacet
  facet normal -0 0 1
    outer loop
      vertex 29.8827 23.3496 3
      vertex 30.0253 -23.4747 3
      vertex 30.0253 23.4747 3
    endloop
  endfacet
  facet normal 0 0 1
    outer loop
      vertex 29.8827 23.3496 3
      vertex 29.8827 -23.3496 3
      vertex 30.0253 -23.4747 3
    endloop
  endfacet
  facet normal -0 0 1
    outer loop
      vertex 29.725 23.2443 3
      vertex 29.8827 -23.3496 3
      vertex 29.8827 23.3496 3
    endloop
  endfacet
  facet normal 0 0 1
    outer loop
      vertex 29.725 23.2443 3
      vertex 29.725 -23.2443 3
      vertex 29.8827 -23.3496 3
    endloop
  endfacet
  facet normal -0 0 1
    outer loop
      vertex 29.5549 23.1604 3
      vertex 29.725 -23.2443 3
      vertex 29.725 23.2443 3
    endloop
  endfacet
  facet normal 0 0 1
    outer loop
      vertex 29.5549 23.1604 3
      vertex 29.5549 -23.1604 3
      vertex 29.725 -23.2443 3
    endloop
  endfacet
  facet normal -0 0 1
    outer loop
      vertex 29.3753 23.0994 3
      vertex 29.5549 -23.1604 3
      vertex 29.5549 23.1604 3
    endloop
  endfacet
  facet normal 0 0 1
    outer loop
      vertex 29.3753 23.0994 3
      vertex 29.3753 -23.0994 3
      vertex 29.5549 -23.1604 3
    endloop
  endfacet
  facet normal 0 0 1
    outer loop
      vertex 28.8107 23.0624 3
      vertex 16.8921 14.81 3
      vertex 29 23.05 3
    endloop
  endfacet
  facet normal 0 0 1
    outer loop
      vertex 16.8206 14.5994 3
      vertex 29 23.05 3
      vertex 16.8921 14.81 3
    endloop
  endfacet
  facet normal 0 0 1
    outer loop
      vertex 16.8921 14.81 3
      vertex 28.8107 23.0624 3
      vertex 16.9355 15.0281 3
    endloop
  endfacet
  facet normal -0 0 1
    outer loop
      vertex 29 23.05 3
      vertex 16.8206 14.5994 3
      vertex 29.1893 23.0624 3
    endloop
  endfacet
  facet normal 0 0 1
    outer loop
      vertex 28.6247 23.0994 3
      vertex 16.9355 15.0281 3
      vertex 28.8107 23.0624 3
    endloop
  endfacet
  facet normal 0 0 1
    outer loop
      vertex 29.3753 -23.0994 3
      vertex 16.95 -15.25 3
      vertex 29.1893 -23.0624 3
    endloop
  endfacet
  facet normal 0 0 1
    outer loop
      vertex 16.9355 15.0281 3
      vertex 28.6247 23.0994 3
      vertex 16.95 15.25 3
    endloop
  endfacet
  facet normal 0 0 1
    outer loop
      vertex 29.1893 -23.0624 3
      vertex 16.95 -15.25 3
      vertex 29 -23.05 3
    endloop
  endfacet
  facet normal 0 0 1
    outer loop
      vertex 16.95 15.25 3
      vertex 28.6247 23.0994 3
      vertex 28.4451 23.1604 3
    endloop
  endfacet
  facet normal 0 0 1
    outer loop
      vertex 29 -23.05 3
      vertex 16.95 -15.25 3
      vertex 28.8107 -23.0624 3
    endloop
  endfacet
  facet normal 0 0 1
    outer loop
      vertex 16.9355 15.4719 3
      vertex 28.4451 23.1604 3
      vertex 28.275 23.2443 3
    endloop
  endfacet
  facet normal 0 0 1
    outer loop
      vertex 28.8107 -23.0624 3
      vertex 16.95 -15.25 3
      vertex 28.6247 -23.0994 3
    endloop
  endfacet
  facet normal 0 0 1
    outer loop
      vertex 16.8921 15.69 3
      vertex 28.275 23.2443 3
      vertex 28.1173 23.3496 3
    endloop
  endfacet
  facet normal 0 0 1
    outer loop
      vertex 28.6247 -23.0994 3
      vertex 16.95 -15.25 3
      vertex 28.4451 -23.1604 3
    endloop
  endfacet
  facet normal 0 0 1
    outer loop
      vertex 16.8206 15.9006 3
      vertex 28.1173 23.3496 3
      vertex 27.9747 23.4747 3
    endloop
  endfacet
  facet normal -0 0 1
    outer loop
      vertex 16.9355 -15.4719 3
      vertex 28.4451 -23.1604 3
      vertex 16.95 -15.25 3
    endloop
  endfacet
  facet normal 0 0 1
    outer loop
      vertex 16.7222 16.1 3
      vertex 27.9747 23.4747 3
      vertex 27.8496 23.6173 3
    endloop
  endfacet
  facet normal 0 0 1
    outer loop
      vertex 28.4451 -23.1604 3
      vertex 16.9355 -15.4719 3
      vertex 28.275 -23.2443 3
    endloop
  endfacet
  facet normal 0 0 1
    outer loop
      vertex 16.7222 16.1 3
      vertex 27.8496 23.6173 3
      vertex 27.7443 23.775 3
    endloop
  endfacet
  facet normal -0 0 1
    outer loop
      vertex 16.8921 -15.69 3
      vertex 28.275 -23.2443 3
      vertex 16.9355 -15.4719 3
    endloop
  endfacet
  facet normal 0 0 1
    outer loop
      vertex 16.5987 16.2849 3
      vertex 27.7443 23.775 3
      vertex 27.6604 23.9451 3
    endloop
  endfacet
  facet normal 0 0 1
    outer loop
      vertex 28.275 -23.2443 3
      vertex 16.8921 -15.69 3
      vertex 28.1173 -23.3496 3
    endloop
  endfacet
  facet normal 0 0 1
    outer loop
      vertex 16.4521 16.4521 3
      vertex 27.6604 23.9451 3
      vertex 27.5994 24.1247 3
    endloop
  endfacet
  facet normal -0 0 1
    outer loop
      vertex 16.8206 -15.9006 3
      vertex 28.1173 -23.3496 3
      vertex 16.8921 -15.69 3
    endloop
  endfacet
  facet normal 0 0 1
    outer loop
      vertex 16.2849 16.5987 3
      vertex 27.5994 24.1247 3
      vertex 27.5624 24.3107 3
    endloop
  endfacet
  facet normal 0 0 1
    outer loop
      vertex 28.1173 -23.3496 3
      vertex 16.8206 -15.9006 3
      vertex 27.9747 -23.4747 3
    endloop
  endfacet
  facet normal 0 0 1
    outer loop
      vertex 16.1 16.7222 3
      vertex 27.5624 24.3107 3
      vertex 27.55 24.5 3
    endloop
  endfacet
  facet normal -0 0 1
    outer loop
      vertex 16.7222 -16.1 3
      vertex 27.9747 -23.4747 3
      vertex 16.8206 -15.9006 3
    endloop
  endfacet
  facet normal 0 0 1
    outer loop
      vertex 46 35 3
      vertex 50 31 3
      vertex 49.9658 31.5221 3
    endloop
  endfacet
  facet normal 0 0 1
    outer loop
      vertex 30.4376 24.3107 3
      vertex 50 31 3
      vertex 30.45 24.5 3
    endloop
  endfacet
  facet normal 0 0 1
    outer loop
      vertex 46 35 3
      vertex 49.9658 31.5221 3
      vertex 49.8637 32.0353 3
    endloop
  endfacet
  facet normal 0 0 1
    outer loop
      vertex 30.4006 24.1247 3
      vertex 50 31 3
      vertex 30.4376 24.3107 3
    endloop
  endfacet
  facet normal 0 0 1
    outer loop
      vertex 46 35 3
      vertex 49.8637 32.0353 3
      vertex 49.6955 32.5307 3
    endloop
  endfacet
  facet normal -0 0 1
    outer loop
      vertex 30.4376 -24.6893 3
      vertex 50 -31 3
      vertex 30.45 -24.5 3
    endloop
  endfacet
  facet normal 0 0 1
    outer loop
      vertex 46 35 3
      vertex 49.6955 32.5307 3
      vertex 49.4641 33 3
    endloop
  endfacet
  facet normal 0 -0 1
    outer loop
      vertex 46 -35 3
      vertex 50 -31 3
      vertex 30.4376 -24.6893 3
    endloop
  endfacet
  facet normal 0 0 1
    outer loop
      vertex 46 35 3
      vertex 49.4641 33 3
      vertex 49.1734 33.435 3
    endloop
  endfacet
  facet normal 0 0 1
    outer loop
      vertex 49.9658 -31.5221 3
      vertex 46 -35 3
      vertex 49.8637 -32.0353 3
    endloop
  endfacet
  facet normal 0 0 1
    outer loop
      vertex 46 35 3
      vertex 49.1734 33.435 3
      vertex 48.8284 33.8284 3
    endloop
  endfacet
  facet normal 0 0 1
    outer loop
      vertex 49.8637 -32.0353 3
      vertex 46 -35 3
      vertex 49.6955 -32.5307 3
    endloop
  endfacet
  facet normal 0 0 1
    outer loop
      vertex 46 35 3
      vertex 48.8284 33.8284 3
      vertex 48.435 34.1734 3
    endloop
  endfacet
  facet normal 0 0 1
    outer loop
      vertex 49.6955 -32.5307 3
      vertex 46 -35 3
      vertex 49.4641 -33 3
    endloop
  endfacet
  facet normal 0 0 1
    outer loop
      vertex 46 35 3
      vertex 48.435 34.1734 3
      vertex 48 34.4641 3
    endloop
  endfacet
  facet normal 0 0 1
    outer loop
      vertex 49.4641 -33 3
      vertex 46 -35 3
      vertex 49.1734 -33.435 3
    endloop
  endfacet
  facet normal 0 0 1
    outer loop
      vertex 46 35 3
      vertex 48 34.4641 3
      vertex 47.5307 34.6955 3
    endloop
  endfacet
  facet normal 0 0 1
    outer loop
      vertex 49.1734 -33.435 3
      vertex 46 -35 3
      vertex 48.8284 -33.8284 3
    endloop
  endfacet
  facet normal 0 0 1
    outer loop
      vertex 46 35 3
      vertex 47.5307 34.6955 3
      vertex 47.0353 34.8637 3
    endloop
  endfacet
  facet normal 0 0 1
    outer loop
      vertex 48.8284 -33.8284 3
      vertex 46 -35 3
      vertex 48.435 -34.1734 3
    endloop
  endfacet
  facet normal 0 0 1
    outer loop
      vertex 46 35 3
      vertex 47.0353 34.8637 3
      vertex 46.5221 34.9658 3
    endloop
  endfacet
  facet normal 0 0 1
    outer loop
      vertex 48.435 -34.1734 3
      vertex 46 -35 3
      vertex 48 -34.4641 3
    endloop
  endfacet
  facet normal 0 0 1
    outer loop
      vertex 50 31 3
      vertex 46 35 3
      vertex 30.4376 24.6893 3
    endloop
  endfacet
  facet normal 0 0 1
    outer loop
      vertex 48 -34.4641 3
      vertex 46 -35 3
      vertex 47.5307 -34.6955 3
    endloop
  endfacet
  facet normal 0 0 1
    outer loop
      vertex 47.5307 -34.6955 3
      vertex 46 -35 3
      vertex 47.0353 -34.8637 3
    endloop
  endfacet
  facet normal 0 0 1
    outer loop
      vertex 50 31 3
      vertex 30.4376 24.6893 3
      vertex 30.45 24.5 3
    endloop
  endfacet
  facet normal 0 0 1
    outer loop
      vertex 46 35 3
      vertex 30.4006 24.8753 3
      vertex 30.4376 24.6893 3
    endloop
  endfacet
  facet normal 0 0 1
    outer loop
      vertex 46 35 3
      vertex 30.3396 25.0549 3
      vertex 30.4006 24.8753 3
    endloop
  endfacet
  facet normal 0 0 1
    outer loop
      vertex 46 35 3
      vertex 30.2557 25.225 3
      vertex 30.3396 25.0549 3
    endloop
  endfacet
  facet normal 0 0 1
    outer loop
      vertex 46 35 3
      vertex 30.1504 25.3827 3
      vertex 30.2557 25.225 3
    endloop
  endfacet
  facet normal 0 0 1
    outer loop
      vertex 46 35 3
      vertex 30.0253 25.5253 3
      vertex 30.1504 25.3827 3
    endloop
  endfacet
  facet normal 0 0 1
    outer loop
      vertex 46 35 3
      vertex 29.8827 25.6504 3
      vertex 30.0253 25.5253 3
    endloop
  endfacet
  facet normal 0 0 1
    outer loop
      vertex 46 35 3
      vertex 29.725 25.7557 3
      vertex 29.8827 25.6504 3
    endloop
  endfacet
  facet normal 0 0 1
    outer loop
      vertex 46 35 3
      vertex 29.5549 25.8396 3
      vertex 29.725 25.7557 3
    endloop
  endfacet
  facet normal 0 0 1
    outer loop
      vertex 46 35 3
      vertex 29.3753 25.9006 3
      vertex 29.5549 25.8396 3
    endloop
  endfacet
  facet normal 0 0 1
    outer loop
      vertex 46 35 3
      vertex 29.1893 25.9376 3
      vertex 29.3753 25.9006 3
    endloop
  endfacet
  facet normal 0 0 1
    outer loop
      vertex 46 35 3
      vertex 29 25.95 3
      vertex 29.1893 25.9376 3
    endloop
  endfacet
  facet normal 0 0 1
    outer loop
      vertex 46 35 3
      vertex 28.8107 25.9376 3
      vertex 29 25.95 3
    endloop
  endfacet
  facet normal 0 0 1
    outer loop
      vertex 46 35 3
      vertex 28.6247 25.9006 3
      vertex 28.8107 25.9376 3
    endloop
  endfacet
  facet normal 0 0 1
    outer loop
      vertex 46 35 3
      vertex 28.4451 25.8396 3
      vertex 28.6247 25.9006 3
    endloop
  endfacet
  facet normal 0 0 1
    outer loop
      vertex -28.4451 25.8396 3
      vertex 28.4451 25.8396 3
      vertex 46 35 3
    endloop
  endfacet
  facet normal 0 0 1
    outer loop
      vertex 27.9747 -23.4747 3
      vertex 16.7222 -16.1 3
      vertex 27.8496 -23.6173 3
    endloop
  endfacet
  facet normal 0 0 1
    outer loop
      vertex 15.9006 16.8206 3
      vertex 27.55 24.5 3
      vertex 27.5624 24.6893 3
    endloop
  endfacet
  facet normal 0 0 1
    outer loop
      vertex 15.69 16.8921 3
      vertex 27.5624 24.6893 3
      vertex 27.5994 24.8753 3
    endloop
  endfacet
  facet normal 0 0 1
    outer loop
      vertex 15.4719 16.9355 3
      vertex 27.5994 24.8753 3
      vertex 27.6604 25.0549 3
    endloop
  endfacet
  facet normal 0 0 1
    outer loop
      vertex 15.25 16.95 3
      vertex 27.6604 25.0549 3
      vertex 27.7443 25.225 3
    endloop
  endfacet
  facet normal 0 0 1
    outer loop
      vertex 15.0281 16.9355 3
      vertex 27.7443 25.225 3
      vertex 27.8496 25.3827 3
    endloop
  endfacet
  facet normal 0 0 1
    outer loop
      vertex 14.81 16.8921 3
      vertex 27.8496 25.3827 3
      vertex 27.9747 25.5253 3
    endloop
  endfacet
  facet normal 0 0 1
    outer loop
      vertex 28.4451 23.1604 3
      vertex 16.9355 15.4719 3
      vertex 16.95 15.25 3
    endloop
  endfacet
  facet normal 0 0 1
    outer loop
      vertex 28.275 23.2443 3
      vertex 16.8921 15.69 3
      vertex 16.9355 15.4719 3
    endloop
  endfacet
  facet normal 0 0 1
    outer loop
      vertex 28.1173 23.3496 3
      vertex 16.8206 15.9006 3
      vertex 16.8921 15.69 3
    endloop
  endfacet
  facet normal 0 0 1
    outer loop
      vertex -27.9747 25.5253 3
      vertex 27.9747 25.5253 3
      vertex 28.1173 25.6504 3
    endloop
  endfacet
  facet normal 0 0 1
    outer loop
      vertex 27.9747 23.4747 3
      vertex 16.7222 16.1 3
      vertex 16.8206 15.9006 3
    endloop
  endfacet
  facet normal 0 0 1
    outer loop
      vertex 27.7443 23.775 3
      vertex 16.5987 16.2849 3
      vertex 16.7222 16.1 3
    endloop
  endfacet
  facet normal 0 0 1
    outer loop
      vertex 27.6604 23.9451 3
      vertex 16.4521 16.4521 3
      vertex 16.5987 16.2849 3
    endloop
  endfacet
  facet normal 0 0 1
    outer loop
      vertex 27.5994 24.1247 3
      vertex 16.2849 16.5987 3
      vertex 16.4521 16.4521 3
    endloop
  endfacet
  facet normal 0 0 1
    outer loop
      vertex 27.5624 24.3107 3
      vertex 16.1 16.7222 3
      vertex 16.2849 16.5987 3
    endloop
  endfacet
  facet normal 0 0 1
    outer loop
      vertex 27.55 24.5 3
      vertex 15.9006 16.8206 3
      vertex 16.1 16.7222 3
    endloop
  endfacet
  facet normal 0 0 1
    outer loop
      vertex 27.5624 24.6893 3
      vertex 15.69 16.8921 3
      vertex 15.9006 16.8206 3
    endloop
  endfacet
  facet normal 0 0 1
    outer loop
      vertex 27.5994 24.8753 3
      vertex 15.4719 16.9355 3
      vertex 15.69 16.8921 3
    endloop
  endfacet
  facet normal 0 0 1
    outer loop
      vertex 27.6604 25.0549 3
      vertex 15.25 16.95 3
      vertex 15.4719 16.9355 3
    endloop
  endfacet
  facet normal 0 0 1
    outer loop
      vertex 27.7443 25.225 3
      vertex 15.0281 16.9355 3
      vertex 15.25 16.95 3
    endloop
  endfacet
  facet normal 0 0 1
    outer loop
      vertex -28.1173 25.6504 3
      vertex 28.1173 25.6504 3
      vertex 28.275 25.7557 3
    endloop
  endfacet
  facet normal 0 0 1
    outer loop
      vertex 27.8496 25.3827 3
      vertex 14.81 16.8921 3
      vertex 15.0281 16.9355 3
    endloop
  endfacet
  facet normal 0 0 1
    outer loop
      vertex 27.9747 25.5253 3
      vertex 14.5994 16.8206 3
      vertex 14.81 16.8921 3
    endloop
  endfacet
  facet normal 0 0 1
    outer loop
      vertex 27.9747 25.5253 3
      vertex -14.5994 16.8206 3
      vertex 14.5994 16.8206 3
    endloop
  endfacet
  facet normal 0 0 1
    outer loop
      vertex 13.6079 -14.81 3
      vertex -13.55 -15.25 3
      vertex 13.5645 -15.0281 3
    endloop
  endfacet
  facet normal 0 0 1
    outer loop
      vertex 13.5645 15.4719 3
      vertex -13.55 15.25 3
      vertex 13.55 15.25 3
    endloop
  endfacet
  facet normal 0 0 1
    outer loop
      vertex -13.5645 15.4719 3
      vertex 13.5645 15.4719 3
      vertex 13.6079 15.69 3
    endloop
  endfacet
  facet normal 0 0 1
    outer loop
      vertex -13.6079 15.69 3
      vertex 13.6079 15.69 3
      vertex 13.6794 15.9006 3
    endloop
  endfacet
  facet normal 0 0 1
    outer loop
      vertex -13.6794 15.9006 3
      vertex 13.6794 15.9006 3
      vertex 13.7778 16.1 3
    endloop
  endfacet
  facet normal 0 0 1
    outer loop
      vertex -13.7778 16.1 3
      vertex 13.7778 16.1 3
      vertex 13.9013 16.2849 3
    endloop
  endfacet
  facet normal 0 0 1
    outer loop
      vertex -13.9013 16.2849 3
      vertex 13.9013 16.2849 3
      vertex 14.0479 16.4521 3
    endloop
  endfacet
  facet normal 0 0 1
    outer loop
      vertex -14.0479 16.4521 3
      vertex 14.0479 16.4521 3
      vertex 14.2151 16.5987 3
    endloop
  endfacet
  facet normal 0 0 1
    outer loop
      vertex -14.2151 16.5987 3
      vertex 14.2151 16.5987 3
      vertex 14.4 16.7222 3
    endloop
  endfacet
  facet normal 0 0 1
    outer loop
      vertex 14.5994 16.8206 3
      vertex -14.5994 16.8206 3
      vertex 14.4 16.7222 3
    endloop
  endfacet
  facet normal 0 0 1
    outer loop
      vertex 28.4451 25.8396 3
      vertex -28.4451 25.8396 3
      vertex 28.275 25.7557 3
    endloop
  endfacet
  facet normal 0 0 1
    outer loop
      vertex 13.5645 15.4719 3
      vertex -13.5645 15.4719 3
      vertex -13.55 15.25 3
    endloop
  endfacet
  facet normal 0 0 1
    outer loop
      vertex 13.6079 15.69 3
      vertex -13.6079 15.69 3
      vertex -13.5645 15.4719 3
    endloop
  endfacet
  facet normal 0 0 1
    outer loop
      vertex 13.6794 15.9006 3
      vertex -13.6794 15.9006 3
      vertex -13.6079 15.69 3
    endloop
  endfacet
  facet normal 0 0 1
    outer loop
      vertex 13.7778 16.1 3
      vertex -13.7778 16.1 3
      vertex -13.6794 15.9006 3
    endloop
  endfacet
  facet normal 0 0 1
    outer loop
      vertex 13.9013 16.2849 3
      vertex -13.9013 16.2849 3
      vertex -13.7778 16.1 3
    endloop
  endfacet
  facet normal 0 0 1
    outer loop
      vertex 14.0479 16.4521 3
      vertex -14.0479 16.4521 3
      vertex -13.9013 16.2849 3
    endloop
  endfacet
  facet normal 0 0 1
    outer loop
      vertex 14.2151 16.5987 3
      vertex -14.2151 16.5987 3
      vertex -14.0479 16.4521 3
    endloop
  endfacet
  facet normal 0 0 1
    outer loop
      vertex 14.4 16.7222 3
      vertex -14.4 16.7222 3
      vertex -14.2151 16.5987 3
    endloop
  endfacet
  facet normal 0 0 1
    outer loop
      vertex 14.4 16.7222 3
      vertex -14.5994 16.8206 3
      vertex -14.4 16.7222 3
    endloop
  endfacet
  facet normal 0 0 1
    outer loop
      vertex 27.9747 25.5253 3
      vertex -27.9747 25.5253 3
      vertex -14.5994 16.8206 3
    endloop
  endfacet
  facet normal 0 0 1
    outer loop
      vertex -14.5994 16.8206 3
      vertex -27.9747 25.5253 3
      vertex -14.81 16.8921 3
    endloop
  endfacet
  facet normal -0 -0 1
    outer loop
      vertex -27.8496 25.3827 3
      vertex -14.81 16.8921 3
      vertex -27.9747 25.5253 3
    endloop
  endfacet
  facet normal 0 0 1
    outer loop
      vertex -14.81 16.8921 3
      vertex -27.8496 25.3827 3
      vertex -15.0281 16.9355 3
    endloop
  endfacet
  facet normal -0 -0 1
    outer loop
      vertex -27.7443 25.225 3
      vertex -15.0281 16.9355 3
      vertex -27.8496 25.3827 3
    endloop
  endfacet
  facet normal 0 0 1
    outer loop
      vertex -16.8921 -14.81 3
      vertex -27.55 -24.5 3
      vertex -16.9355 -15.0281 3
    endloop
  endfacet
  facet normal 0 0 1
    outer loop
      vertex -16.5987 16.2849 3
      vertex -27.7443 23.775 3
      vertex -16.7222 16.1 3
    endloop
  endfacet
  facet normal -0 0 1
    outer loop
      vertex -27.7443 23.775 3
      vertex -16.5987 16.2849 3
      vertex -27.6604 23.9451 3
    endloop
  endfacet
  facet normal 0 0 1
    outer loop
      vertex -16.4521 16.4521 3
      vertex -27.6604 23.9451 3
      vertex -16.5987 16.2849 3
    endloop
  endfacet
  facet normal -0 0 1
    outer loop
      vertex -27.6604 23.9451 3
      vertex -16.4521 16.4521 3
      vertex -27.5994 24.1247 3
    endloop
  endfacet
  facet normal 0 0 1
    outer loop
      vertex -16.2849 16.5987 3
      vertex -27.5994 24.1247 3
      vertex -16.4521 16.4521 3
    endloop
  endfacet
  facet normal -0 0 1
    outer loop
      vertex -27.5994 24.1247 3
      vertex -16.2849 16.5987 3
      vertex -27.5624 24.3107 3
    endloop
  endfacet
  facet normal 0 0 1
    outer loop
      vertex -16.1 16.7222 3
      vertex -27.5624 24.3107 3
      vertex -16.2849 16.5987 3
    endloop
  endfacet
  facet normal -0 0 1
    outer loop
      vertex -27.5624 24.3107 3
      vertex -16.1 16.7222 3
      vertex -27.55 24.5 3
    endloop
  endfacet
  facet normal 0 0 1
    outer loop
      vertex -15.9006 16.8206 3
      vertex -27.55 24.5 3
      vertex -16.1 16.7222 3
    endloop
  endfacet
  facet normal 0 0 1
    outer loop
      vertex -27.5624 24.6893 3
      vertex -15.9006 16.8206 3
      vertex -15.69 16.8921 3
    endloop
  endfacet
  facet normal 0 0 1
    outer loop
      vertex -15.0281 16.9355 3
      vertex -27.7443 25.225 3
      vertex -15.25 16.95 3
    endloop
  endfacet
  facet normal 0 0 1
    outer loop
      vertex -15.9006 16.8206 3
      vertex -27.5624 24.6893 3
      vertex -27.55 24.5 3
    endloop
  endfacet
  facet normal 0 0 1
    outer loop
      vertex -15.69 16.8921 3
      vertex -27.5994 24.8753 3
      vertex -27.5624 24.6893 3
    endloop
  endfacet
  facet normal 0 0 1
    outer loop
      vertex -15.4719 16.9355 3
      vertex -27.5994 24.8753 3
      vertex -15.69 16.8921 3
    endloop
  endfacet
  facet normal -0 -0 1
    outer loop
      vertex -27.5994 24.8753 3
      vertex -15.4719 16.9355 3
      vertex -27.6604 25.0549 3
    endloop
  endfacet
  facet normal 0 0 1
    outer loop
      vertex -15.25 16.95 3
      vertex -27.6604 25.0549 3
      vertex -15.4719 16.9355 3
    endloop
  endfacet
  facet normal -0 -0 1
    outer loop
      vertex -27.6604 25.0549 3
      vertex -15.25 16.95 3
      vertex -27.7443 25.225 3
    endloop
  endfacet
  facet normal 0 0 1
    outer loop
      vertex 28.1173 25.6504 3
      vertex -28.1173 25.6504 3
      vertex -27.9747 25.5253 3
    endloop
  endfacet
  facet normal 0 0 1
    outer loop
      vertex 28.275 25.7557 3
      vertex -28.275 25.7557 3
      vertex -28.1173 25.6504 3
    endloop
  endfacet
  facet normal 0 0 1
    outer loop
      vertex 28.275 25.7557 3
      vertex -28.4451 25.8396 3
      vertex -28.275 25.7557 3
    endloop
  endfacet
  facet normal -0 0 1
    outer loop
      vertex -46 35 3
      vertex -28.4451 25.8396 3
      vertex 46 35 3
    endloop
  endfacet
  facet normal 0 0 1
    outer loop
      vertex -28.4451 25.8396 3
      vertex -46 35 3
      vertex -28.6247 25.9006 3
    endloop
  endfacet
  facet normal 0 0 1
    outer loop
      vertex -28.6247 25.9006 3
      vertex -46 35 3
      vertex -28.8107 25.9376 3
    endloop
  endfacet
  facet normal 0 0 1
    outer loop
      vertex -28.8107 25.9376 3
      vertex -46 35 3
      vertex -29 25.95 3
    endloop
  endfacet
  facet normal 0 0 1
    outer loop
      vertex -30.4376 24.6893 3
      vertex -50 31 3
      vertex -30.45 24.5 3
    endloop
  endfacet
  facet normal -0 0 1
    outer loop
      vertex -50 31 3
      vertex -30.4376 24.6893 3
      vertex -46 35 3
    endloop
  endfacet
  facet normal 0 0 1
    outer loop
      vertex -30.4006 24.8753 3
      vertex -46 35 3
      vertex -30.4376 24.6893 3
    endloop
  endfacet
  facet normal 0 0 1
    outer loop
      vertex -30.3396 25.0549 3
      vertex -46 35 3
      vertex -30.4006 24.8753 3
    endloop
  endfacet
  facet normal 0 0 1
    outer loop
      vertex -30.2557 25.225 3
      vertex -46 35 3
      vertex -30.3396 25.0549 3
    endloop
  endfacet
  facet normal 0 0 1
    outer loop
      vertex -30.1504 25.3827 3
      vertex -46 35 3
      vertex -30.2557 25.225 3
    endloop
  endfacet
  facet normal 0 0 1
    outer loop
      vertex -30.0253 25.5253 3
      vertex -46 35 3
      vertex -30.1504 25.3827 3
    endloop
  endfacet
  facet normal 0 0 1
    outer loop
      vertex -29.8827 25.6504 3
      vertex -46 35 3
      vertex -30.0253 25.5253 3
    endloop
  endfacet
  facet normal 0 0 1
    outer loop
      vertex -29.725 25.7557 3
      vertex -46 35 3
      vertex -29.8827 25.6504 3
    endloop
  endfacet
  facet normal 0 0 1
    outer loop
      vertex -29.5549 25.8396 3
      vertex -46 35 3
      vertex -29.725 25.7557 3
    endloop
  endfacet
  facet normal 0 0 1
    outer loop
      vertex -29.3753 25.9006 3
      vertex -46 35 3
      vertex -29.5549 25.8396 3
    endloop
  endfacet
  facet normal 0 0 1
    outer loop
      vertex -29.1893 25.9376 3
      vertex -46 35 3
      vertex -29.3753 25.9006 3
    endloop
  endfacet
  facet normal 0 0 1
    outer loop
      vertex -29 25.95 3
      vertex -46 35 3
      vertex -29.1893 25.9376 3
    endloop
  endfacet
  facet normal 0 0 1
    outer loop
      vertex 47.0353 -34.8637 3
      vertex 46 -35 3
      vertex 46.5221 -34.9658 3
    endloop
  endfacet
  facet normal 0 0 1
    outer loop
      vertex 50 -31 3
      vertex 46 -35 3
      vertex 49.9658 -31.5221 3
    endloop
  endfacet
  facet normal -0 0 1
    outer loop
      vertex 30.4006 -24.8753 3
      vertex 46 -35 3
      vertex 30.4376 -24.6893 3
    endloop
  endfacet
  facet normal -0 0 1
    outer loop
      vertex 30.3396 -25.0549 3
      vertex 46 -35 3
      vertex 30.4006 -24.8753 3
    endloop
  endfacet
  facet normal -0 0 1
    outer loop
      vertex 30.2557 -25.225 3
      vertex 46 -35 3
      vertex 30.3396 -25.0549 3
    endloop
  endfacet
  facet normal -0 0 1
    outer loop
      vertex 30.1504 -25.3827 3
      vertex 46 -35 3
      vertex 30.2557 -25.225 3
    endloop
  endfacet
  facet normal -0 0 1
    outer loop
      vertex 30.0253 -25.5253 3
      vertex 46 -35 3
      vertex 30.1504 -25.3827 3
    endloop
  endfacet
  facet normal -0 0 1
    outer loop
      vertex 29.8827 -25.6504 3
      vertex 46 -35 3
      vertex 30.0253 -25.5253 3
    endloop
  endfacet
  facet normal -0 0 1
    outer loop
      vertex 29.725 -25.7557 3
      vertex 46 -35 3
      vertex 29.8827 -25.6504 3
    endloop
  endfacet
  facet normal -0 0 1
    outer loop
      vertex 29.5549 -25.8396 3
      vertex 46 -35 3
      vertex 29.725 -25.7557 3
    endloop
  endfacet
  facet normal -0 0 1
    outer loop
      vertex 29.3753 -25.9006 3
      vertex 46 -35 3
      vertex 29.5549 -25.8396 3
    endloop
  endfacet
  facet normal -0 0 1
    outer loop
      vertex 29.1893 -25.9376 3
      vertex 46 -35 3
      vertex 29.3753 -25.9006 3
    endloop
  endfacet
  facet normal -0 0 1
    outer loop
      vertex 29 -25.95 3
      vertex 46 -35 3
      vertex 29.1893 -25.9376 3
    endloop
  endfacet
  facet normal 0 0 1
    outer loop
      vertex 28.8107 -25.9376 3
      vertex 46 -35 3
      vertex 29 -25.95 3
    endloop
  endfacet
  facet normal 0 0 1
    outer loop
      vertex 28.6247 -25.9006 3
      vertex 46 -35 3
      vertex 28.8107 -25.9376 3
    endloop
  endfacet
  facet normal 0 0 1
    outer loop
      vertex 28.4451 -25.8396 3
      vertex 46 -35 3
      vertex 28.6247 -25.9006 3
    endloop
  endfacet
  facet normal 0 0 1
    outer loop
      vertex -28.4451 -25.8396 3
      vertex 28.4451 -25.8396 3
      vertex 28.275 -25.7557 3
    endloop
  endfacet
  facet normal 0 0 1
    outer loop
      vertex 27.8496 -23.6173 3
      vertex 16.7222 -16.1 3
      vertex 27.7443 -23.775 3
    endloop
  endfacet
  facet normal -0 0 1
    outer loop
      vertex 16.5987 -16.2849 3
      vertex 27.7443 -23.775 3
      vertex 16.7222 -16.1 3
    endloop
  endfacet
  facet normal 0 0 1
    outer loop
      vertex 27.7443 -23.775 3
      vertex 16.5987 -16.2849 3
      vertex 27.6604 -23.9451 3
    endloop
  endfacet
  facet normal -0 0 1
    outer loop
      vertex 16.4521 -16.4521 3
      vertex 27.6604 -23.9451 3
      vertex 16.5987 -16.2849 3
    endloop
  endfacet
  facet normal 0 0 1
    outer loop
      vertex 27.6604 -23.9451 3
      vertex 16.4521 -16.4521 3
      vertex 27.5994 -24.1247 3
    endloop
  endfacet
  facet normal -0 0 1
    outer loop
      vertex 16.2849 -16.5987 3
      vertex 27.5994 -24.1247 3
      vertex 16.4521 -16.4521 3
    endloop
  endfacet
  facet normal 0 0 1
    outer loop
      vertex 27.5994 -24.1247 3
      vertex 16.2849 -16.5987 3
      vertex 27.5624 -24.3107 3
    endloop
  endfacet
  facet normal -0 0 1
    outer loop
      vertex 16.1 -16.7222 3
      vertex 27.5624 -24.3107 3
      vertex 16.2849 -16.5987 3
    endloop
  endfacet
  facet normal 0 0 1
    outer loop
      vertex 27.5624 -24.3107 3
      vertex 16.1 -16.7222 3
      vertex 27.55 -24.5 3
    endloop
  endfacet
  facet normal -0 0 1
    outer loop
      vertex 15.9006 -16.8206 3
      vertex 27.55 -24.5 3
      vertex 16.1 -16.7222 3
    endloop
  endfacet
  facet normal 0 0 1
    outer loop
      vertex 27.55 -24.5 3
      vertex 15.9006 -16.8206 3
      vertex 27.5624 -24.6893 3
    endloop
  endfacet
  facet normal -0 0 1
    outer loop
      vertex 15.69 -16.8921 3
      vertex 27.5624 -24.6893 3
      vertex 15.9006 -16.8206 3
    endloop
  endfacet
  facet normal 0 0 1
    outer loop
      vertex 27.5624 -24.6893 3
      vertex 15.69 -16.8921 3
      vertex 27.5994 -24.8753 3
    endloop
  endfacet
  facet normal -0 0 1
    outer loop
      vertex 15.4719 -16.9355 3
      vertex 27.5994 -24.8753 3
      vertex 15.69 -16.8921 3
    endloop
  endfacet
  facet normal 0 0 1
    outer loop
      vertex 27.5994 -24.8753 3
      vertex 15.4719 -16.9355 3
      vertex 27.6604 -25.0549 3
    endloop
  endfacet
  facet normal -0 0 1
    outer loop
      vertex 15.25 -16.95 3
      vertex 27.6604 -25.0549 3
      vertex 15.4719 -16.9355 3
    endloop
  endfacet
  facet normal 0 0 1
    outer loop
      vertex 27.6604 -25.0549 3
      vertex 15.25 -16.95 3
      vertex 27.7443 -25.225 3
    endloop
  endfacet
  facet normal 0 0 1
    outer loop
      vertex 15.0281 -16.9355 3
      vertex 27.7443 -25.225 3
      vertex 15.25 -16.95 3
    endloop
  endfacet
  facet normal 0 0 1
    outer loop
      vertex 27.7443 -25.225 3
      vertex 15.0281 -16.9355 3
      vertex 27.8496 -25.3827 3
    endloop
  endfacet
  facet normal 0 0 1
    outer loop
      vertex 14.81 -16.8921 3
      vertex 27.8496 -25.3827 3
      vertex 15.0281 -16.9355 3
    endloop
  endfacet
  facet normal 0 0 1
    outer loop
      vertex 27.8496 -25.3827 3
      vertex 14.81 -16.8921 3
      vertex 27.9747 -25.5253 3
    endloop
  endfacet
  facet normal 0 0 1
    outer loop
      vertex 14.5994 -16.8206 3
      vertex 27.9747 -25.5253 3
      vertex 14.81 -16.8921 3
    endloop
  endfacet
  facet normal -0 0 1
    outer loop
      vertex -14.5994 -16.8206 3
      vertex 27.9747 -25.5253 3
      vertex 14.5994 -16.8206 3
    endloop
  endfacet
  facet normal 0 0 1
    outer loop
      vertex -27.9747 -25.5253 3
      vertex 27.9747 -25.5253 3
      vertex -14.5994 -16.8206 3
    endloop
  endfacet
  facet normal 0 0 1
    outer loop
      vertex -14.5994 -16.8206 3
      vertex 14.5994 -16.8206 3
      vertex 14.4 -16.7222 3
    endloop
  endfacet
  facet normal 0 0 1
    outer loop
      vertex 13.5645 -15.0281 3
      vertex -13.55 -15.25 3
      vertex 13.55 -15.25 3
    endloop
  endfacet
  facet normal 0 0 1
    outer loop
      vertex 13.55 -15.25 3
      vertex -13.55 -15.25 3
      vertex 13.5645 -15.4719 3
    endloop
  endfacet
  facet normal 0 0 1
    outer loop
      vertex -13.5645 -15.4719 3
      vertex 13.5645 -15.4719 3
      vertex -13.55 -15.25 3
    endloop
  endfacet
  facet normal 0 0 1
    outer loop
      vertex 13.5645 -15.4719 3
      vertex -13.5645 -15.4719 3
      vertex 13.6079 -15.69 3
    endloop
  endfacet
  facet normal 0 0 1
    outer loop
      vertex -13.6079 -15.69 3
      vertex 13.6079 -15.69 3
      vertex -13.5645 -15.4719 3
    endloop
  endfacet
  facet normal 0 0 1
    outer loop
      vertex 13.6079 -15.69 3
      vertex -13.6079 -15.69 3
      vertex 13.6794 -15.9006 3
    endloop
  endfacet
  facet normal 0 0 1
    outer loop
      vertex -13.6794 -15.9006 3
      vertex 13.6794 -15.9006 3
      vertex -13.6079 -15.69 3
    endloop
  endfacet
  facet normal 0 0 1
    outer loop
      vertex 13.6794 -15.9006 3
      vertex -13.6794 -15.9006 3
      vertex 13.7778 -16.1 3
    endloop
  endfacet
  facet normal 0 0 1
    outer loop
      vertex -13.7778 -16.1 3
      vertex 13.7778 -16.1 3
      vertex -13.6794 -15.9006 3
    endloop
  endfacet
  facet normal 0 0 1
    outer loop
      vertex 13.7778 -16.1 3
      vertex -13.7778 -16.1 3
      vertex 13.9013 -16.2849 3
    endloop
  endfacet
  facet normal 0 0 1
    outer loop
      vertex -13.9013 -16.2849 3
      vertex 13.9013 -16.2849 3
      vertex -13.7778 -16.1 3
    endloop
  endfacet
  facet normal 0 0 1
    outer loop
      vertex 13.9013 -16.2849 3
      vertex -13.9013 -16.2849 3
      vertex 14.0479 -16.4521 3
    endloop
  endfacet
  facet normal 0 0 1
    outer loop
      vertex -14.0479 -16.4521 3
      vertex 14.0479 -16.4521 3
      vertex -13.9013 -16.2849 3
    endloop
  endfacet
  facet normal 0 0 1
    outer loop
      vertex 14.0479 -16.4521 3
      vertex -14.0479 -16.4521 3
      vertex 14.2151 -16.5987 3
    endloop
  endfacet
  facet normal 0 0 1
    outer loop
      vertex -14.2151 -16.5987 3
      vertex 14.2151 -16.5987 3
      vertex -14.0479 -16.4521 3
    endloop
  endfacet
  facet normal 0 0 1
    outer loop
      vertex 14.2151 -16.5987 3
      vertex -14.2151 -16.5987 3
      vertex 14.4 -16.7222 3
    endloop
  endfacet
  facet normal 0 0 1
    outer loop
      vertex -14.4 -16.7222 3
      vertex 14.4 -16.7222 3
      vertex -14.2151 -16.5987 3
    endloop
  endfacet
  facet normal 0 0 1
    outer loop
      vertex -14.5994 -16.8206 3
      vertex 14.4 -16.7222 3
      vertex -14.4 -16.7222 3
    endloop
  endfacet
  facet normal 0 0 1
    outer loop
      vertex 27.9747 -25.5253 3
      vertex -27.9747 -25.5253 3
      vertex 28.1173 -25.6504 3
    endloop
  endfacet
  facet normal 0 0 1
    outer loop
      vertex -28.1173 -25.6504 3
      vertex 28.1173 -25.6504 3
      vertex -27.9747 -25.5253 3
    endloop
  endfacet
  facet normal 0 0 1
    outer loop
      vertex -27.9747 -25.5253 3
      vertex -14.5994 -16.8206 3
      vertex -14.81 -16.8921 3
    endloop
  endfacet
  facet normal 0 0 1
    outer loop
      vertex -27.8496 -25.3827 3
      vertex -14.81 -16.8921 3
      vertex -15.0281 -16.9355 3
    endloop
  endfacet
  facet normal 0 0 1
    outer loop
      vertex -27.7443 -25.225 3
      vertex -15.0281 -16.9355 3
      vertex -15.25 -16.95 3
    endloop
  endfacet
  facet normal 0 0 1
    outer loop
      vertex -27.6604 -25.0549 3
      vertex -15.25 -16.95 3
      vertex -15.4719 -16.9355 3
    endloop
  endfacet
  facet normal 0 0 1
    outer loop
      vertex -27.5994 -24.8753 3
      vertex -15.4719 -16.9355 3
      vertex -15.69 -16.8921 3
    endloop
  endfacet
  facet normal 0 0 1
    outer loop
      vertex -16.9355 -15.0281 3
      vertex -27.55 -24.5 3
      vertex -16.95 -15.25 3
    endloop
  endfacet
  facet normal 0 0 1
    outer loop
      vertex -16.95 -15.25 3
      vertex -27.55 -24.5 3
      vertex -16.9355 -15.4719 3
    endloop
  endfacet
  facet normal 0 0 1
    outer loop
      vertex -16.9355 -15.4719 3
      vertex -27.55 -24.5 3
      vertex -16.8921 -15.69 3
    endloop
  endfacet
  facet normal 0 0 1
    outer loop
      vertex -27.55 -24.5 3
      vertex -16.8206 -15.9006 3
      vertex -16.8921 -15.69 3
    endloop
  endfacet
  facet normal 0 0 1
    outer loop
      vertex -27.55 -24.5 3
      vertex -16.7222 -16.1 3
      vertex -16.8206 -15.9006 3
    endloop
  endfacet
  facet normal 0 0 1
    outer loop
      vertex -27.55 -24.5 3
      vertex -16.5987 -16.2849 3
      vertex -16.7222 -16.1 3
    endloop
  endfacet
  facet normal 0 0 1
    outer loop
      vertex -27.55 -24.5 3
      vertex -16.4521 -16.4521 3
      vertex -16.5987 -16.2849 3
    endloop
  endfacet
  facet normal 0 0 1
    outer loop
      vertex -27.55 -24.5 3
      vertex -16.2849 -16.5987 3
      vertex -16.4521 -16.4521 3
    endloop
  endfacet
  facet normal 0 0 1
    outer loop
      vertex -27.55 -24.5 3
      vertex -16.1 -16.7222 3
      vertex -16.2849 -16.5987 3
    endloop
  endfacet
  facet normal 0 0 1
    outer loop
      vertex -27.55 -24.5 3
      vertex -15.9006 -16.8206 3
      vertex -16.1 -16.7222 3
    endloop
  endfacet
  facet normal 0 0 1
    outer loop
      vertex -27.5624 -24.6893 3
      vertex -15.9006 -16.8206 3
      vertex -27.55 -24.5 3
    endloop
  endfacet
  facet normal 0 0 1
    outer loop
      vertex -15.9006 -16.8206 3
      vertex -27.5624 -24.6893 3
      vertex -15.69 -16.8921 3
    endloop
  endfacet
  facet normal 0 0 1
    outer loop
      vertex -27.5994 -24.8753 3
      vertex -15.69 -16.8921 3
      vertex -27.5624 -24.6893 3
    endloop
  endfacet
  facet normal 0 0 1
    outer loop
      vertex -15.4719 -16.9355 3
      vertex -27.5994 -24.8753 3
      vertex -27.6604 -25.0549 3
    endloop
  endfacet
  facet normal 0 0 1
    outer loop
      vertex -15.25 -16.95 3
      vertex -27.6604 -25.0549 3
      vertex -27.7443 -25.225 3
    endloop
  endfacet
  facet normal 0 0 1
    outer loop
      vertex -15.0281 -16.9355 3
      vertex -27.7443 -25.225 3
      vertex -27.8496 -25.3827 3
    endloop
  endfacet
  facet normal 0 0 1
    outer loop
      vertex -14.81 -16.8921 3
      vertex -27.8496 -25.3827 3
      vertex -27.9747 -25.5253 3
    endloop
  endfacet
  facet normal 0 0 1
    outer loop
      vertex 28.1173 -25.6504 3
      vertex -28.1173 -25.6504 3
      vertex 28.275 -25.7557 3
    endloop
  endfacet
  facet normal 0 0 1
    outer loop
      vertex -28.275 -25.7557 3
      vertex 28.275 -25.7557 3
      vertex -28.1173 -25.6504 3
    endloop
  endfacet
  facet normal 0 0 1
    outer loop
      vertex -28.4451 -25.8396 3
      vertex 28.275 -25.7557 3
      vertex -28.275 -25.7557 3
    endloop
  endfacet
  facet normal 0 0 1
    outer loop
      vertex 28.4451 -25.8396 3
      vertex -28.4451 -25.8396 3
      vertex 46 -35 3
    endloop
  endfacet
  facet normal 0 0 1
    outer loop
      vertex -46 -35 3
      vertex -28.4451 -25.8396 3
      vertex -28.6247 -25.9006 3
    endloop
  endfacet
  facet normal 0 0 1
    outer loop
      vertex -46 -35 3
      vertex -28.6247 -25.9006 3
      vertex -28.8107 -25.9376 3
    endloop
  endfacet
  facet normal 0 0 1
    outer loop
      vertex -46 -35 3
      vertex -28.8107 -25.9376 3
      vertex -29 -25.95 3
    endloop
  endfacet
  facet normal 0 0 1
    outer loop
      vertex -46 -35 3
      vertex -29 -25.95 3
      vertex -29.1893 -25.9376 3
    endloop
  endfacet
  facet normal 0 0 1
    outer loop
      vertex -30.4006 -24.1247 3
      vertex -50 -31 3
      vertex -30.4376 -24.3107 3
    endloop
  endfacet
  facet normal 0 0 1
    outer loop
      vertex -30.4376 -24.3107 3
      vertex -50 -31 3
      vertex -30.45 -24.5 3
    endloop
  endfacet
  facet normal 0 0 1
    outer loop
      vertex -28.4451 -25.8396 3
      vertex -46 -35 3
      vertex 46 -35 3
    endloop
  endfacet
  facet normal 0 0 1
    outer loop
      vertex -29.3753 -25.9006 3
      vertex -46 -35 3
      vertex -29.1893 -25.9376 3
    endloop
  endfacet
  facet normal 0 0 1
    outer loop
      vertex -29.5549 -25.8396 3
      vertex -46 -35 3
      vertex -29.3753 -25.9006 3
    endloop
  endfacet
  facet normal 0 0 1
    outer loop
      vertex -29.725 -25.7557 3
      vertex -46 -35 3
      vertex -29.5549 -25.8396 3
    endloop
  endfacet
  facet normal 0 0 1
    outer loop
      vertex -29.8827 -25.6504 3
      vertex -46 -35 3
      vertex -29.725 -25.7557 3
    endloop
  endfacet
  facet normal 0 0 1
    outer loop
      vertex -30.0253 -25.5253 3
      vertex -46 -35 3
      vertex -29.8827 -25.6504 3
    endloop
  endfacet
  facet normal 0 0 1
    outer loop
      vertex -30.1504 -25.3827 3
      vertex -46 -35 3
      vertex -30.0253 -25.5253 3
    endloop
  endfacet
  facet normal 0 0 1
    outer loop
      vertex -30.2557 -25.225 3
      vertex -46 -35 3
      vertex -30.1504 -25.3827 3
    endloop
  endfacet
  facet normal 0 0 1
    outer loop
      vertex -30.3396 -25.0549 3
      vertex -46 -35 3
      vertex -30.2557 -25.225 3
    endloop
  endfacet
  facet normal 0 0 1
    outer loop
      vertex -30.4006 -24.8753 3
      vertex -46 -35 3
      vertex -30.3396 -25.0549 3
    endloop
  endfacet
  facet normal 0 0 1
    outer loop
      vertex -30.45 -24.5 3
      vertex -50 -31 3
      vertex -30.4376 -24.6893 3
    endloop
  endfacet
  facet normal 0 0 1
    outer loop
      vertex -50 31 3
      vertex -46 35 3
      vertex -46.5221 34.9658 3
    endloop
  endfacet
  facet normal 0 -0 1
    outer loop
      vertex -46 -35 3
      vertex -30.4376 -24.6893 3
      vertex -50 -31 3
    endloop
  endfacet
  facet normal 0 0 1
    outer loop
      vertex -50 31 3
      vertex -46.5221 34.9658 3
      vertex -47.0353 34.8637 3
    endloop
  endfacet
  facet normal 0 0 1
    outer loop
      vertex -30.4376 -24.6893 3
      vertex -46 -35 3
      vertex -30.4006 -24.8753 3
    endloop
  endfacet
  facet normal 0 0 1
    outer loop
      vertex -50 31 3
      vertex -47.0353 34.8637 3
      vertex -47.5307 34.6955 3
    endloop
  endfacet
  facet normal 0 0 1
    outer loop
      vertex -46 -35 3
      vertex -50 -31 3
      vertex -46.5221 -34.9658 3
    endloop
  endfacet
  facet normal 0 0 1
    outer loop
      vertex -50 31 3
      vertex -47.5307 34.6955 3
      vertex -48 34.4641 3
    endloop
  endfacet
  facet normal 0 0 1
    outer loop
      vertex -46.5221 -34.9658 3
      vertex -50 -31 3
      vertex -47.0353 -34.8637 3
    endloop
  endfacet
  facet normal 0 0 1
    outer loop
      vertex -50 31 3
      vertex -48 34.4641 3
      vertex -48.435 34.1734 3
    endloop
  endfacet
  facet normal 0 0 1
    outer loop
      vertex -47.0353 -34.8637 3
      vertex -50 -31 3
      vertex -47.5307 -34.6955 3
    endloop
  endfacet
  facet normal 0 0 1
    outer loop
      vertex -50 31 3
      vertex -48.435 34.1734 3
      vertex -48.8284 33.8284 3
    endloop
  endfacet
  facet normal 0 0 1
    outer loop
      vertex -47.5307 -34.6955 3
      vertex -50 -31 3
      vertex -48 -34.4641 3
    endloop
  endfacet
  facet normal 0 0 1
    outer loop
      vertex -50 31 3
      vertex -48.8284 33.8284 3
      vertex -49.1734 33.435 3
    endloop
  endfacet
  facet normal 0 0 1
    outer loop
      vertex -48 -34.4641 3
      vertex -50 -31 3
      vertex -48.435 -34.1734 3
    endloop
  endfacet
  facet normal 0 0 1
    outer loop
      vertex -50 31 3
      vertex -49.1734 33.435 3
      vertex -49.4641 33 3
    endloop
  endfacet
  facet normal 0 0 1
    outer loop
      vertex -48.435 -34.1734 3
      vertex -50 -31 3
      vertex -48.8284 -33.8284 3
    endloop
  endfacet
  facet normal 0 0 1
    outer loop
      vertex -50 31 3
      vertex -49.4641 33 3
      vertex -49.6955 32.5307 3
    endloop
  endfacet
  facet normal 0 0 1
    outer loop
      vertex -48.8284 -33.8284 3
      vertex -50 -31 3
      vertex -49.1734 -33.435 3
    endloop
  endfacet
  facet normal 0 0 1
    outer loop
      vertex -50 31 3
      vertex -49.6955 32.5307 3
      vertex -49.8637 32.0353 3
    endloop
  endfacet
  facet normal 0 0 1
    outer loop
      vertex -49.1734 -33.435 3
      vertex -50 -31 3
      vertex -49.4641 -33 3
    endloop
  endfacet
  facet normal 0 0 1
    outer loop
      vertex -50 31 3
      vertex -49.8637 32.0353 3
      vertex -49.9658 31.5221 3
    endloop
  endfacet
  facet normal 0 0 1
    outer loop
      vertex -49.4641 -33 3
      vertex -50 -31 3
      vertex -49.6955 -32.5307 3
    endloop
  endfacet
  facet normal 0 0 1
    outer loop
      vertex -49.6955 -32.5307 3
      vertex -50 -31 3
      vertex -49.8637 -32.0353 3
    endloop
  endfacet
  facet normal 0 0 1
    outer loop
      vertex -49.8637 -32.0353 3
      vertex -50 -31 3
      vertex -49.9658 -31.5221 3
    endloop
  endfacet
  facet normal 0.0653646 -0.997861 0
    outer loop
      vertex 46 -35 0
      vertex 46.5221 -34.9658 3
      vertex 46 -35 3
    endloop
  endfacet
  facet normal 0.0653646 -0.997861 0
    outer loop
      vertex 46.5221 -34.9658 3
      vertex 46 -35 0
      vertex 46.5221 -34.9658 0
    endloop
  endfacet
  facet normal 0.442238 -0.896898 0
    outer loop
      vertex 47.5307 -34.6955 0
      vertex 48 -34.4641 3
      vertex 47.5307 -34.6955 3
    endloop
  endfacet
  facet normal 0.442238 -0.896898 0
    outer loop
      vertex 48 -34.4641 3
      vertex 47.5307 -34.6955 0
      vertex 48 -34.4641 0
    endloop
  endfacet
  facet normal 0.555626 -0.831432 0
    outer loop
      vertex 48 -34.4641 0
      vertex 48.435 -34.1734 3
      vertex 48 -34.4641 3
    endloop
  endfacet
  facet normal 0.555626 -0.831432 0
    outer loop
      vertex 48.435 -34.1734 3
      vertex 48 -34.4641 0
      vertex 48.435 -34.1734 0
    endloop
  endfacet
  facet normal 0.896898 -0.442238 0
    outer loop
      vertex 49.4641 -33 3
      vertex 49.6955 -32.5307 0
      vertex 49.6955 -32.5307 3
    endloop
  endfacet
  facet normal 0.896898 -0.442238 0
    outer loop
      vertex 49.6955 -32.5307 0
      vertex 49.4641 -33 3
      vertex 49.4641 -33 0
    endloop
  endfacet
  facet normal 0.997861 -0.0653646 0
    outer loop
      vertex 49.9658 -31.5221 3
      vertex 50 -31 0
      vertex 50 -31 3
    endloop
  endfacet
  facet normal 0.997861 -0.0653646 0
    outer loop
      vertex 50 -31 0
      vertex 49.9658 -31.5221 3
      vertex 49.9658 -31.5221 0
    endloop
  endfacet
  facet normal 0.980779 -0.195124 0
    outer loop
      vertex 49.8637 -32.0353 3
      vertex 49.9658 -31.5221 0
      vertex 49.9658 -31.5221 3
    endloop
  endfacet
  facet normal 0.980779 -0.195124 0
    outer loop
      vertex 49.9658 -31.5221 0
      vertex 49.8637 -32.0353 3
      vertex 49.8637 -32.0353 0
    endloop
  endfacet
  facet normal 0.94691 -0.321498 0
    outer loop
      vertex 49.6955 -32.5307 3
      vertex 49.8637 -32.0353 0
      vertex 49.8637 -32.0353 3
    endloop
  endfacet
  facet normal 0.94691 -0.321498 0
    outer loop
      vertex 49.8637 -32.0353 0
      vertex 49.6955 -32.5307 3
      vertex 49.6955 -32.5307 0
    endloop
  endfacet
endsolid OpenSCAD_Model
